solid Exported from Blender-3.0.1
facet normal 0.000001 -1.000000 0.000000
outer loop
vertex 24.500011 -40.499947 0.000000
vertex 40.500000 -40.499931 0.000000
vertex 40.500000 -40.499931 19.999987
endloop
endfacet
facet normal 0.000001 -1.000000 0.000000
outer loop
vertex 40.500000 -40.499931 19.999987
vertex -40.499931 -40.500000 19.999987
vertex -40.499931 -40.500000 0.000000
endloop
endfacet
facet normal 0.000001 -1.000000 0.000000
outer loop
vertex -40.499931 -40.500000 0.000000
vertex -24.499949 -40.499985 0.000000
vertex -24.499949 -40.499985 1.999998
endloop
endfacet
facet normal 0.000001 -1.000000 0.000000
outer loop
vertex -16.499954 -40.499981 1.999998
vertex -16.499954 -40.499981 0.000000
vertex 16.500021 -40.499950 0.000000
endloop
endfacet
facet normal 0.000001 -1.000000 -0.000001
outer loop
vertex 40.500000 -40.499931 19.999987
vertex -40.499931 -40.500000 0.000000
vertex -24.499949 -40.499985 1.999998
endloop
endfacet
facet normal 0.000001 -1.000000 0.000000
outer loop
vertex -16.499954 -40.499981 1.999998
vertex 16.500021 -40.499950 0.000000
vertex 16.500021 -40.499950 1.999998
endloop
endfacet
facet normal 0.000000 -1.000000 0.000002
outer loop
vertex 40.500000 -40.499931 19.999987
vertex -24.499949 -40.499985 1.999998
vertex -16.499954 -40.499981 1.999998
endloop
endfacet
facet normal 0.000001 -1.000000 0.000000
outer loop
vertex 24.500011 -40.499947 1.999998
vertex 24.500011 -40.499947 0.000000
vertex 40.500000 -40.499931 19.999987
endloop
endfacet
facet normal 0.000001 -1.000000 0.000000
outer loop
vertex 40.500000 -40.499931 19.999987
vertex -16.499954 -40.499981 1.999998
vertex 16.500021 -40.499950 1.999998
endloop
endfacet
facet normal 0.000000 -1.000000 0.000000
outer loop
vertex 40.500000 -40.499931 19.999987
vertex 16.500021 -40.499950 1.999998
vertex 24.500011 -40.499947 1.999998
endloop
endfacet
facet normal -1.000000 -0.000001 0.000000
outer loop
vertex -40.499947 -24.500011 0.000000
vertex -40.499931 -40.500000 0.000000
vertex -40.499931 -40.500000 19.999987
endloop
endfacet
facet normal -1.000000 -0.000001 0.000000
outer loop
vertex -40.499931 -40.500000 19.999987
vertex -40.500000 40.499931 19.999987
vertex -40.500000 40.499931 0.000000
endloop
endfacet
facet normal -1.000000 -0.000001 0.000000
outer loop
vertex -40.500000 40.499931 0.000000
vertex -40.499985 24.499950 0.000000
vertex -40.499985 24.499950 1.999998
endloop
endfacet
facet normal -1.000000 -0.000001 0.000000
outer loop
vertex -40.499981 16.499956 1.999998
vertex -40.499981 16.499956 0.000000
vertex -40.499950 -16.500017 0.000000
endloop
endfacet
facet normal -1.000000 -0.000001 -0.000001
outer loop
vertex -40.499931 -40.500000 19.999987
vertex -40.500000 40.499931 0.000000
vertex -40.499985 24.499950 1.999998
endloop
endfacet
facet normal -1.000000 -0.000001 0.000000
outer loop
vertex -40.499981 16.499956 1.999998
vertex -40.499950 -16.500017 0.000000
vertex -40.499950 -16.500017 1.999998
endloop
endfacet
facet normal -1.000000 -0.000001 0.000001
outer loop
vertex -40.499931 -40.500000 19.999987
vertex -40.499985 24.499950 1.999998
vertex -40.499981 16.499956 1.999998
endloop
endfacet
facet normal -1.000000 0.000000 0.000000
outer loop
vertex -40.499947 -24.500011 1.999998
vertex -40.499947 -24.500011 0.000000
vertex -40.499931 -40.500000 19.999987
endloop
endfacet
facet normal -1.000000 -0.000001 -0.000000
outer loop
vertex -40.499931 -40.500000 19.999987
vertex -40.499981 16.499956 1.999998
vertex -40.499950 -16.500017 1.999998
endloop
endfacet
facet normal -1.000000 0.000000 0.000000
outer loop
vertex -40.499931 -40.500000 19.999987
vertex -40.499950 -16.500017 1.999998
vertex -40.499947 -24.500011 1.999998
endloop
endfacet
facet normal -0.000001 1.000000 0.000000
outer loop
vertex -25.499989 40.499943 0.000000
vertex -40.500000 40.499931 0.000000
vertex -40.500000 40.499931 19.999987
endloop
endfacet
facet normal -0.000001 1.000000 0.000000
outer loop
vertex 40.499931 40.500000 19.999987
vertex 40.499931 40.500000 0.000000
vertex 25.499973 40.499989 0.000000
endloop
endfacet
facet normal -0.000001 1.000000 0.000000
outer loop
vertex 40.499931 40.500000 19.999987
vertex 25.499973 40.499989 0.000000
vertex 25.499973 40.499989 3.999997
endloop
endfacet
facet normal -0.000001 1.000000 0.000000
outer loop
vertex -25.499989 40.499943 3.999997
vertex -25.499989 40.499943 0.000000
vertex -40.500000 40.499931 19.999987
endloop
endfacet
facet normal -0.000001 1.000000 0.000000
outer loop
vertex 15.499980 40.499977 0.000000
vertex -15.499993 40.499954 0.000000
vertex -15.499993 40.499954 3.999997
endloop
endfacet
facet normal -0.000001 1.000000 -0.000001
outer loop
vertex -15.499993 40.499954 3.999997
vertex -25.499989 40.499943 3.999997
vertex -40.500000 40.499931 19.999987
endloop
endfacet
facet normal -0.000001 1.000000 0.000000
outer loop
vertex -40.500000 40.499931 19.999987
vertex 40.499931 40.500000 19.999987
vertex 25.499973 40.499989 3.999997
endloop
endfacet
facet normal -0.000001 1.000000 0.000000
outer loop
vertex 15.499980 40.499977 3.999997
vertex 15.499980 40.499977 0.000000
vertex -15.499993 40.499954 3.999997
endloop
endfacet
facet normal -0.000001 1.000000 -0.000002
outer loop
vertex -40.500000 40.499931 19.999987
vertex 25.499973 40.499989 3.999997
vertex 15.499980 40.499977 3.999997
endloop
endfacet
facet normal -0.000001 1.000000 0.000000
outer loop
vertex -40.500000 40.499931 19.999987
vertex 15.499980 40.499977 3.999997
vertex -15.499993 40.499954 3.999997
endloop
endfacet
facet normal 1.000000 0.000001 0.000000
outer loop
vertex 40.499943 25.499981 0.000000
vertex 40.499931 40.500000 0.000000
vertex 40.499931 40.500000 19.999987
endloop
endfacet
facet normal 1.000000 0.000001 0.000000
outer loop
vertex 40.500000 -40.499931 19.999987
vertex 40.500000 -40.499931 0.000000
vertex 40.499989 -25.499979 0.000000
endloop
endfacet
facet normal 1.000000 0.000002 0.000000
outer loop
vertex 40.500000 -40.499931 19.999987
vertex 40.499989 -25.499979 0.000000
vertex 40.499989 -25.499979 3.999997
endloop
endfacet
facet normal 1.000000 0.000000 0.000000
outer loop
vertex 40.499943 25.499981 3.999997
vertex 40.499943 25.499981 0.000000
vertex 40.499931 40.500000 19.999987
endloop
endfacet
facet normal 1.000000 0.000001 0.000000
outer loop
vertex 40.499977 -15.499988 0.000000
vertex 40.499954 15.499988 0.000000
vertex 40.499954 15.499988 3.999997
endloop
endfacet
facet normal 1.000000 0.000001 -0.000000
outer loop
vertex 40.499954 15.499988 3.999997
vertex 40.499943 25.499981 3.999997
vertex 40.499931 40.500000 19.999987
endloop
endfacet
facet normal 1.000000 0.000001 0.000000
outer loop
vertex 40.499931 40.500000 19.999987
vertex 40.500000 -40.499931 19.999987
vertex 40.499989 -25.499979 3.999997
endloop
endfacet
facet normal 1.000000 0.000001 0.000000
outer loop
vertex 40.499977 -15.499988 3.999997
vertex 40.499977 -15.499988 0.000000
vertex 40.499954 15.499988 3.999997
endloop
endfacet
facet normal 1.000000 0.000002 -0.000001
outer loop
vertex 40.499931 40.500000 19.999987
vertex 40.499989 -25.499979 3.999997
vertex 40.499977 -15.499988 3.999997
endloop
endfacet
facet normal 1.000000 0.000001 0.000000
outer loop
vertex 40.499931 40.500000 19.999987
vertex 40.499977 -15.499988 3.999997
vertex 40.499954 15.499988 3.999997
endloop
endfacet
facet normal 0.000000 0.000000 -1.000000
outer loop
vertex 15.499983 30.499979 0.000000
vertex 16.499981 30.499979 0.000000
vertex 16.576839 29.719620 0.000000
endloop
endfacet
facet normal 0.000000 0.000000 -1.000000
outer loop
vertex 15.499983 30.499979 0.000000
vertex 16.576839 29.719620 0.000000
vertex 16.804462 28.969248 0.000000
endloop
endfacet
facet normal 0.000000 0.000000 -1.000000
outer loop
vertex -15.499993 40.499954 0.000000
vertex 15.499980 40.499977 0.000000
vertex 15.499983 30.499979 0.000000
endloop
endfacet
facet normal 0.000000 0.000000 -1.000000
outer loop
vertex -16.576851 29.719616 0.000000
vertex -16.499990 30.499975 0.000000
vertex -15.499992 30.499975 0.000000
endloop
endfacet
facet normal 0.000000 0.000000 -1.000000
outer loop
vertex -15.499992 30.499975 0.000000
vertex -15.499993 40.499954 0.000000
vertex 15.499983 30.499979 0.000000
endloop
endfacet
facet normal 0.000000 0.000000 -1.000000
outer loop
vertex 15.499983 30.499979 0.000000
vertex 16.804462 28.969248 0.000000
vertex 17.174103 28.277700 0.000000
endloop
endfacet
facet normal 0.000000 0.000000 -1.000000
outer loop
vertex -15.499992 30.499975 0.000000
vertex 15.499983 30.499979 0.000000
vertex 17.174103 28.277700 0.000000
endloop
endfacet
facet normal 0.000000 0.000000 -1.000000
outer loop
vertex -16.804476 28.969244 0.000000
vertex -16.576851 29.719616 0.000000
vertex -15.499992 30.499975 0.000000
endloop
endfacet
facet normal 0.000000 0.000000 -1.000000
outer loop
vertex -17.174112 28.277695 0.000000
vertex -16.804476 28.969244 0.000000
vertex -15.499992 30.499975 0.000000
endloop
endfacet
facet normal 0.000000 0.000000 -1.000000
outer loop
vertex -15.499992 30.499975 0.000000
vertex 17.174103 28.277700 0.000000
vertex 17.671553 27.671555 0.000000
endloop
endfacet
facet normal 0.000000 0.000000 -1.000000
outer loop
vertex -15.499992 30.499975 0.000000
vertex 17.671553 27.671555 0.000000
vertex 18.277700 27.174105 0.000000
endloop
endfacet
facet normal 0.000000 0.000000 -1.000000
outer loop
vertex -17.174112 28.277695 0.000000
vertex -15.499992 30.499975 0.000000
vertex 18.277700 27.174105 0.000000
endloop
endfacet
facet normal 0.000000 0.000000 -1.000000
outer loop
vertex -17.174112 28.277695 0.000000
vertex 18.277700 27.174105 0.000000
vertex 18.969246 26.804466 0.000000
endloop
endfacet
facet normal 0.000000 0.000000 -1.000000
outer loop
vertex -17.671562 27.671549 0.000000
vertex -17.174112 28.277695 0.000000
vertex 18.969246 26.804466 0.000000
endloop
endfacet
facet normal 0.000000 0.000000 -1.000000
outer loop
vertex -17.671562 27.671549 0.000000
vertex 18.969246 26.804466 0.000000
vertex 19.719618 26.576843 0.000000
endloop
endfacet
facet normal 0.000000 0.000000 -1.000000
outer loop
vertex -18.277708 27.174099 0.000000
vertex -17.671562 27.671549 0.000000
vertex 19.719618 26.576843 0.000000
endloop
endfacet
facet normal 0.000000 0.000000 -1.000000
outer loop
vertex -18.277708 27.174099 0.000000
vertex 19.719618 26.576843 0.000000
vertex 20.499975 26.499985 0.000000
endloop
endfacet
facet normal 0.000000 0.000000 -1.000000
outer loop
vertex -18.969257 26.804461 0.000000
vertex -18.277708 27.174099 0.000000
vertex 20.499975 26.499985 0.000000
endloop
endfacet
facet normal 0.000000 0.000000 -1.000000
outer loop
vertex -19.719627 26.576836 0.000000
vertex -18.969257 26.804461 0.000000
vertex 20.499975 26.499985 0.000000
endloop
endfacet
facet normal 0.000000 0.000000 -1.000000
outer loop
vertex -20.499987 26.499977 0.000000
vertex -19.719627 26.576836 0.000000
vertex 20.499975 26.499985 0.000000
endloop
endfacet
facet normal 0.000000 0.000000 -1.000000
outer loop
vertex -25.499983 30.499973 0.000000
vertex -24.499985 30.499973 0.000000
vertex -24.423126 29.719614 0.000000
endloop
endfacet
facet normal 0.000000 0.000000 -1.000000
outer loop
vertex -40.500000 40.499931 0.000000
vertex -25.499989 40.499943 0.000000
vertex -25.499983 30.499973 0.000000
endloop
endfacet
facet normal 0.000000 0.000000 -1.000000
outer loop
vertex -38.499985 24.499952 0.000000
vertex -40.499985 24.499950 0.000000
vertex -40.500000 40.499931 0.000000
endloop
endfacet
facet normal 0.000000 0.000000 -1.000000
outer loop
vertex -40.499950 -16.500017 0.000000
vertex -40.499981 16.499956 0.000000
vertex -38.499981 16.499956 0.000000
endloop
endfacet
facet normal 0.000000 0.000000 -1.000000
outer loop
vertex -38.499985 24.499952 0.000000
vertex -40.500000 40.499931 0.000000
vertex -25.499983 30.499973 0.000000
endloop
endfacet
facet normal 0.000000 0.000000 -1.000000
outer loop
vertex -38.499950 -16.500015 0.000000
vertex -40.499950 -16.500017 0.000000
vertex -38.499981 16.499956 0.000000
endloop
endfacet
facet normal 0.000000 0.000000 -1.000000
outer loop
vertex -38.499981 16.499956 0.000000
vertex -38.499985 24.499952 0.000000
vertex -25.499983 30.499973 0.000000
endloop
endfacet
facet normal 0.000000 0.000000 -1.000000
outer loop
vertex -25.499983 30.499973 0.000000
vertex -24.423126 29.719614 0.000000
vertex -24.195503 28.969240 0.000000
endloop
endfacet
facet normal 0.000000 0.000000 -1.000000
outer loop
vertex -25.499983 30.499973 0.000000
vertex -24.195503 28.969240 0.000000
vertex -23.825863 28.277695 0.000000
endloop
endfacet
facet normal 0.000000 0.000000 -1.000000
outer loop
vertex -38.499950 -16.500015 0.000000
vertex -38.499981 16.499956 0.000000
vertex -25.499983 30.499973 0.000000
endloop
endfacet
facet normal 0.000000 0.000000 -1.000000
outer loop
vertex -40.499931 -40.500000 0.000000
vertex -40.499947 -24.500011 0.000000
vertex -38.499947 -24.500010 0.000000
endloop
endfacet
facet normal 0.000000 0.000000 -1.000000
outer loop
vertex -38.499947 -24.500010 0.000000
vertex -38.499950 -16.500015 0.000000
vertex -25.499983 30.499973 0.000000
endloop
endfacet
facet normal 0.000000 0.000000 -1.000000
outer loop
vertex -38.499947 -24.500010 0.000000
vertex -25.499983 30.499973 0.000000
vertex -23.825863 28.277695 0.000000
endloop
endfacet
facet normal 0.000000 0.000000 -1.000000
outer loop
vertex -24.499949 -40.499985 0.000000
vertex -40.499931 -40.500000 0.000000
vertex -38.499947 -24.500010 0.000000
endloop
endfacet
facet normal 0.000000 0.000000 -1.000000
outer loop
vertex -24.499950 -38.499985 0.000000
vertex -24.499949 -40.499985 0.000000
vertex -38.499947 -24.500010 0.000000
endloop
endfacet
facet normal 0.000000 0.000000 -1.000000
outer loop
vertex -38.499947 -24.500010 0.000000
vertex -23.825863 28.277695 0.000000
vertex -23.328413 27.671547 0.000000
endloop
endfacet
facet normal 0.000000 0.000000 -1.000000
outer loop
vertex -38.499947 -24.500010 0.000000
vertex -23.328413 27.671547 0.000000
vertex -22.722265 27.174099 0.000000
endloop
endfacet
facet normal 0.000000 0.000000 -1.000000
outer loop
vertex -16.499956 -38.499981 0.000000
vertex -24.499950 -38.499985 0.000000
vertex -38.499947 -24.500010 0.000000
endloop
endfacet
facet normal 0.000000 0.000000 -1.000000
outer loop
vertex 16.500021 -40.499950 0.000000
vertex -16.499954 -40.499981 0.000000
vertex -16.499956 -38.499981 0.000000
endloop
endfacet
facet normal 0.000000 0.000000 -1.000000
outer loop
vertex 16.500019 -38.499950 0.000000
vertex 16.500021 -40.499950 0.000000
vertex -16.499956 -38.499981 0.000000
endloop
endfacet
facet normal 0.000000 0.000000 -1.000000
outer loop
vertex -16.499956 -38.499981 0.000000
vertex -38.499947 -24.500010 0.000000
vertex -22.722265 27.174099 0.000000
endloop
endfacet
facet normal 0.000000 0.000000 -1.000000
outer loop
vertex -16.499956 -38.499981 0.000000
vertex -22.722265 27.174099 0.000000
vertex -22.030720 26.804459 0.000000
endloop
endfacet
facet normal 0.000000 0.000000 0.000000
outer loop
vertex 24.500011 -38.499947 0.000000
vertex 16.500019 -38.499950 0.000000
vertex -16.499956 -38.499981 0.000000
endloop
endfacet
facet normal 0.000000 0.000000 -1.000000
outer loop
vertex -16.499956 -38.499981 0.000000
vertex -22.030720 26.804459 0.000000
vertex -21.280350 26.576836 0.000000
endloop
endfacet
facet normal 0.000000 0.000000 -1.000000
outer loop
vertex -16.499956 -38.499981 0.000000
vertex -21.280350 26.576836 0.000000
vertex -20.499987 26.499977 0.000000
endloop
endfacet
facet normal 0.000000 0.000000 -1.000000
outer loop
vertex 40.500000 -40.499931 0.000000
vertex 24.500011 -40.499947 0.000000
vertex 24.500011 -38.499947 0.000000
endloop
endfacet
facet normal 0.000000 0.000000 -1.000000
outer loop
vertex 24.500011 -38.499947 0.000000
vertex -16.499956 -38.499981 0.000000
vertex -20.499987 26.499977 0.000000
endloop
endfacet
facet normal 0.000000 0.000000 -1.000000
outer loop
vertex 24.500011 -38.499947 0.000000
vertex -20.499987 26.499977 0.000000
vertex 20.499975 26.499985 0.000000
endloop
endfacet
facet normal 0.000000 0.000000 -1.000000
outer loop
vertex 40.499989 -25.499979 0.000000
vertex 40.500000 -40.499931 0.000000
vertex 24.500011 -38.499947 0.000000
endloop
endfacet
facet normal 0.000000 0.000000 -1.000000
outer loop
vertex 29.719616 -24.423120 0.000000
vertex 30.499975 -24.499983 0.000000
vertex 30.499973 -25.499981 0.000000
endloop
endfacet
facet normal 0.000000 0.000000 -1.000000
outer loop
vertex 30.499973 -25.499981 0.000000
vertex 40.499989 -25.499979 0.000000
vertex 24.500011 -38.499947 0.000000
endloop
endfacet
facet normal 0.000000 0.000000 -1.000000
outer loop
vertex 24.500011 -38.499947 0.000000
vertex 20.499975 26.499985 0.000000
vertex 21.280334 26.576843 0.000000
endloop
endfacet
facet normal 0.000000 0.000000 -1.000000
outer loop
vertex 24.500011 -38.499947 0.000000
vertex 21.280334 26.576843 0.000000
vertex 22.030712 26.804466 0.000000
endloop
endfacet
facet normal 0.000000 0.000000 -1.000000
outer loop
vertex 29.719616 -24.423120 0.000000
vertex 30.499973 -25.499981 0.000000
vertex 24.500011 -38.499947 0.000000
endloop
endfacet
facet normal 0.000000 0.000000 -1.000000
outer loop
vertex 28.969242 -24.195501 0.000000
vertex 29.719616 -24.423120 0.000000
vertex 24.500011 -38.499947 0.000000
endloop
endfacet
facet normal 0.000000 0.000000 -1.000000
outer loop
vertex 24.500011 -38.499947 0.000000
vertex 22.030712 26.804466 0.000000
vertex 22.722261 27.174107 0.000000
endloop
endfacet
facet normal 0.000000 0.000000 -1.000000
outer loop
vertex 24.500011 -38.499947 0.000000
vertex 22.722261 27.174107 0.000000
vertex 23.328405 27.671556 0.000000
endloop
endfacet
facet normal 0.000000 0.000000 -1.000000
outer loop
vertex 28.277693 -23.825859 0.000000
vertex 28.969242 -24.195501 0.000000
vertex 24.500011 -38.499947 0.000000
endloop
endfacet
facet normal 0.000000 0.000000 -1.000000
outer loop
vertex 27.671549 -23.328409 0.000000
vertex 28.277693 -23.825859 0.000000
vertex 24.500011 -38.499947 0.000000
endloop
endfacet
facet normal 0.000000 0.000000 -1.000000
outer loop
vertex 24.500011 -38.499947 0.000000
vertex 23.328405 27.671556 0.000000
vertex 23.825853 28.277700 0.000000
endloop
endfacet
facet normal 0.000000 0.000000 -1.000000
outer loop
vertex 24.500011 -38.499947 0.000000
vertex 23.825853 28.277700 0.000000
vertex 24.195496 28.969248 0.000000
endloop
endfacet
facet normal 0.000000 0.000000 -1.000000
outer loop
vertex 27.174099 -22.722261 0.000000
vertex 27.671549 -23.328409 0.000000
vertex 24.500011 -38.499947 0.000000
endloop
endfacet
facet normal 0.000000 0.000000 -1.000000
outer loop
vertex 26.804461 -22.030712 0.000000
vertex 27.174099 -22.722261 0.000000
vertex 24.500011 -38.499947 0.000000
endloop
endfacet
facet normal 0.000000 0.000000 -1.000000
outer loop
vertex 24.500011 -38.499947 0.000000
vertex 24.195496 28.969248 0.000000
vertex 24.423115 29.719624 0.000000
endloop
endfacet
facet normal 0.000000 0.000000 -1.000000
outer loop
vertex 24.423115 29.719624 0.000000
vertex 24.499977 30.499981 0.000000
vertex 25.499975 30.499979 0.000000
endloop
endfacet
facet normal 0.000000 0.000000 -1.000000
outer loop
vertex 25.499975 30.499979 0.000000
vertex 25.499973 40.499989 0.000000
vertex 40.499931 40.500000 0.000000
endloop
endfacet
facet normal 0.000000 0.000000 -1.000000
outer loop
vertex 40.499931 40.500000 0.000000
vertex 40.499943 25.499981 0.000000
vertex 30.499975 25.499979 0.000000
endloop
endfacet
facet normal 0.000000 0.000000 -1.000000
outer loop
vertex 30.499975 25.499979 0.000000
vertex 30.499973 24.499979 0.000000
vertex 29.719614 24.423120 0.000000
endloop
endfacet
facet normal 0.000000 0.000000 -1.000000
outer loop
vertex 30.499975 25.499979 0.000000
vertex 29.719614 24.423120 0.000000
vertex 28.969240 24.195499 0.000000
endloop
endfacet
facet normal 0.000000 0.000000 -1.000000
outer loop
vertex 25.499975 30.499979 0.000000
vertex 40.499931 40.500000 0.000000
vertex 30.499975 25.499979 0.000000
endloop
endfacet
facet normal 0.000000 0.000000 -1.000000
outer loop
vertex 24.500011 -38.499947 0.000000
vertex 24.423115 29.719624 0.000000
vertex 25.499975 30.499979 0.000000
endloop
endfacet
facet normal 0.000000 0.000000 -1.000000
outer loop
vertex 26.576836 -21.280338 0.000000
vertex 26.804461 -22.030712 0.000000
vertex 24.500011 -38.499947 0.000000
endloop
endfacet
facet normal 0.000000 0.000000 -1.000000
outer loop
vertex 26.499977 -20.499981 0.000000
vertex 26.576836 -21.280338 0.000000
vertex 24.500011 -38.499947 0.000000
endloop
endfacet
facet normal 0.000000 0.000000 -1.000000
outer loop
vertex 25.499975 30.499979 0.000000
vertex 30.499975 25.499979 0.000000
vertex 28.969240 24.195499 0.000000
endloop
endfacet
facet normal 0.000000 0.000000 -1.000000
outer loop
vertex 25.499975 30.499979 0.000000
vertex 28.969240 24.195499 0.000000
vertex 28.277695 23.825857 0.000000
endloop
endfacet
facet normal 0.000000 0.000000 -1.000000
outer loop
vertex 26.499977 -20.499981 0.000000
vertex 24.500011 -38.499947 0.000000
vertex 25.499975 30.499979 0.000000
endloop
endfacet
facet normal 0.000000 0.000000 -1.000000
outer loop
vertex 26.576836 -19.719624 0.000000
vertex 26.499977 -20.499981 0.000000
vertex 25.499975 30.499979 0.000000
endloop
endfacet
facet normal 0.000000 0.000000 -1.000000
outer loop
vertex 25.499975 30.499979 0.000000
vertex 28.277695 23.825857 0.000000
vertex 27.671547 23.328407 0.000000
endloop
endfacet
facet normal 0.000000 0.000000 -1.000000
outer loop
vertex 25.499975 30.499979 0.000000
vertex 27.671547 23.328407 0.000000
vertex 27.174099 22.722263 0.000000
endloop
endfacet
facet normal 0.000000 0.000000 -1.000000
outer loop
vertex 26.804459 -18.969250 0.000000
vertex 26.576836 -19.719624 0.000000
vertex 25.499975 30.499979 0.000000
endloop
endfacet
facet normal 0.000000 0.000000 -1.000000
outer loop
vertex 27.174097 -18.277704 0.000000
vertex 26.804459 -18.969250 0.000000
vertex 25.499975 30.499979 0.000000
endloop
endfacet
facet normal 0.000000 0.000000 -1.000000
outer loop
vertex 25.499975 30.499979 0.000000
vertex 27.174099 22.722263 0.000000
vertex 26.804459 22.030716 0.000000
endloop
endfacet
facet normal 0.000000 0.000000 -1.000000
outer loop
vertex 25.499975 30.499979 0.000000
vertex 26.804459 22.030716 0.000000
vertex 26.576836 21.280346 0.000000
endloop
endfacet
facet normal 0.000000 0.000000 -1.000000
outer loop
vertex 27.671549 -17.671558 0.000000
vertex 27.174097 -18.277704 0.000000
vertex 25.499975 30.499979 0.000000
endloop
endfacet
facet normal 0.000000 0.000000 -1.000000
outer loop
vertex 28.277693 -17.174109 0.000000
vertex 27.671549 -17.671558 0.000000
vertex 25.499975 30.499979 0.000000
endloop
endfacet
facet normal 0.000000 0.000000 -1.000000
outer loop
vertex 25.499975 30.499979 0.000000
vertex 26.576836 21.280346 0.000000
vertex 26.499977 20.499985 0.000000
endloop
endfacet
facet normal 0.000000 0.000000 -1.000000
outer loop
vertex 25.499975 30.499979 0.000000
vertex 26.499977 20.499985 0.000000
vertex 26.576836 19.719624 0.000000
endloop
endfacet
facet normal 0.000000 0.000000 -1.000000
outer loop
vertex 28.969242 -16.804464 0.000000
vertex 28.277693 -17.174109 0.000000
vertex 25.499975 30.499979 0.000000
endloop
endfacet
facet normal 0.000000 0.000000 -1.000000
outer loop
vertex 30.499975 -15.499988 0.000000
vertex 30.499975 -16.499987 0.000000
vertex 29.719612 -16.576845 0.000000
endloop
endfacet
facet normal 0.000000 0.000000 -1.000000
outer loop
vertex 29.719612 -16.576845 0.000000
vertex 28.969242 -16.804464 0.000000
vertex 25.499975 30.499979 0.000000
endloop
endfacet
facet normal 0.000000 0.000000 -1.000000
outer loop
vertex 29.719612 -16.576845 0.000000
vertex 25.499975 30.499979 0.000000
vertex 26.576836 19.719624 0.000000
endloop
endfacet
facet normal 0.000000 0.000000 -1.000000
outer loop
vertex 40.499954 15.499988 0.000000
vertex 40.499977 -15.499988 0.000000
vertex 30.499975 -15.499988 0.000000
endloop
endfacet
facet normal 0.000000 0.000000 -1.000000
outer loop
vertex 30.499975 -15.499988 0.000000
vertex 29.719612 -16.576845 0.000000
vertex 26.576836 19.719624 0.000000
endloop
endfacet
facet normal 0.000000 0.000000 -1.000000
outer loop
vertex 30.499975 -15.499988 0.000000
vertex 26.576836 19.719624 0.000000
vertex 26.804461 18.969252 0.000000
endloop
endfacet
facet normal 0.000000 0.000000 -1.000000
outer loop
vertex 30.499973 15.499988 0.000000
vertex 40.499954 15.499988 0.000000
vertex 30.499975 -15.499988 0.000000
endloop
endfacet
facet normal 0.000000 0.000000 -1.000000
outer loop
vertex 29.719614 16.576845 0.000000
vertex 30.499975 16.499987 0.000000
vertex 30.499973 15.499988 0.000000
endloop
endfacet
facet normal 0.000000 0.000000 -1.000000
outer loop
vertex 28.969244 16.804470 0.000000
vertex 29.719614 16.576845 0.000000
vertex 30.499973 15.499988 0.000000
endloop
endfacet
facet normal 0.000000 0.000000 -1.000000
outer loop
vertex 30.499975 -15.499988 0.000000
vertex 26.804461 18.969252 0.000000
vertex 27.174099 18.277704 0.000000
endloop
endfacet
facet normal 0.000000 0.000000 -1.000000
outer loop
vertex 30.499975 -15.499988 0.000000
vertex 27.174099 18.277704 0.000000
vertex 27.671549 17.671558 0.000000
endloop
endfacet
facet normal 0.000000 0.000000 -1.000000
outer loop
vertex 28.969244 16.804470 0.000000
vertex 30.499973 15.499988 0.000000
vertex 30.499975 -15.499988 0.000000
endloop
endfacet
facet normal 0.000000 0.000000 -1.000000
outer loop
vertex 30.499975 -15.499988 0.000000
vertex 27.671549 17.671558 0.000000
vertex 28.277695 17.174107 0.000000
endloop
endfacet
facet normal 0.000000 0.000000 -1.000000
outer loop
vertex 28.277695 17.174107 0.000000
vertex 28.969244 16.804470 0.000000
vertex 30.499975 -15.499988 0.000000
endloop
endfacet
facet normal 0.000000 0.000000 -1.000000
outer loop
vertex 24.500015 -46.499939 0.000000
vertex 20.500021 -46.499943 0.000000
vertex 16.500025 -46.499943 0.000000
endloop
endfacet
facet normal 0.000000 0.000000 -1.000000
outer loop
vertex 16.500021 -40.499950 0.000000
vertex 16.500019 -38.499950 0.000000
vertex 24.500011 -38.499947 0.000000
endloop
endfacet
facet normal 0.000000 0.000000 -1.000000
outer loop
vertex 24.500015 -46.499939 0.000000
vertex 16.500025 -46.499943 0.000000
vertex 16.500021 -40.499950 0.000000
endloop
endfacet
facet normal 0.000000 0.000000 -1.000000
outer loop
vertex 16.500021 -40.499950 0.000000
vertex 24.500011 -38.499947 0.000000
vertex 24.500011 -40.499947 0.000000
endloop
endfacet
facet normal 0.000000 0.000000 -1.000000
outer loop
vertex 16.500021 -40.499950 0.000000
vertex 24.500011 -40.499947 0.000000
vertex 24.500015 -46.499939 0.000000
endloop
endfacet
facet normal -0.000001 0.000000 1.000000
outer loop
vertex 23.483046 -50.499939 9.999993
vertex 22.609335 -48.390625 9.999993
vertex 21.914234 -49.085724 9.999993
endloop
endfacet
facet normal 0.000000 0.000000 1.000000
outer loop
vertex 23.483046 -50.499939 9.999993
vertex 21.914234 -49.085724 9.999993
vertex 22.162958 -49.388802 9.999993
endloop
endfacet
facet normal 0.000000 0.000000 1.000000
outer loop
vertex 20.500027 -53.482964 9.999993
vertex 22.609341 -52.609249 9.999993
vertex 23.483046 -50.499939 9.999993
endloop
endfacet
facet normal 0.000000 0.000000 1.000000
outer loop
vertex 17.517004 -50.499943 9.999993
vertex 18.390713 -52.609253 9.999993
vertex 20.500027 -53.482964 9.999993
endloop
endfacet
facet normal 0.000002 0.000000 1.000000
outer loop
vertex 19.085810 -49.085728 9.999993
vertex 18.390709 -48.390629 9.999993
vertex 17.517004 -50.499943 9.999993
endloop
endfacet
facet normal 0.000000 0.000000 1.000000
outer loop
vertex 18.837084 -49.388805 9.999993
vertex 19.085810 -49.085728 9.999993
vertex 17.517004 -50.499943 9.999993
endloop
endfacet
facet normal 0.000000 0.000000 1.000000
outer loop
vertex 23.483046 -50.499939 9.999993
vertex 22.162958 -49.388802 9.999993
vertex 22.347780 -49.734573 9.999993
endloop
endfacet
facet normal 0.000000 0.000000 1.000000
outer loop
vertex 23.483046 -50.499939 9.999993
vertex 22.347780 -49.734573 9.999993
vertex 22.461594 -50.109756 9.999993
endloop
endfacet
facet normal 0.000000 0.000000 1.000000
outer loop
vertex 18.652266 -49.734577 9.999993
vertex 18.837084 -49.388805 9.999993
vertex 17.517004 -50.499943 9.999993
endloop
endfacet
facet normal 0.000000 0.000000 1.000000
outer loop
vertex 18.538454 -50.109760 9.999993
vertex 18.652266 -49.734577 9.999993
vertex 17.517004 -50.499943 9.999993
endloop
endfacet
facet normal 0.000000 0.000000 1.000000
outer loop
vertex 23.483046 -50.499939 9.999993
vertex 22.461594 -50.109756 9.999993
vertex 22.500023 -50.499939 9.999993
endloop
endfacet
facet normal 0.000000 0.000000 1.000000
outer loop
vertex 23.483046 -50.499939 9.999993
vertex 22.500023 -50.499939 9.999993
vertex 22.461594 -50.890121 9.999993
endloop
endfacet
facet normal 0.000000 0.000000 1.000000
outer loop
vertex 18.500027 -50.499943 9.999993
vertex 18.538454 -50.109760 9.999993
vertex 17.517004 -50.499943 9.999993
endloop
endfacet
facet normal 0.000000 0.000000 1.000000
outer loop
vertex 18.538454 -50.890125 9.999993
vertex 18.500027 -50.499943 9.999993
vertex 17.517004 -50.499943 9.999993
endloop
endfacet
facet normal 0.000000 0.000000 1.000000
outer loop
vertex 23.483046 -50.499939 9.999993
vertex 22.461594 -50.890121 9.999993
vertex 22.347780 -51.265305 9.999993
endloop
endfacet
facet normal 0.000000 0.000000 1.000000
outer loop
vertex 23.483046 -50.499939 9.999993
vertex 22.347780 -51.265305 9.999993
vertex 22.162960 -51.611076 9.999993
endloop
endfacet
facet normal 0.000000 0.000000 1.000000
outer loop
vertex 18.652266 -51.265308 9.999993
vertex 18.538454 -50.890125 9.999993
vertex 17.517004 -50.499943 9.999993
endloop
endfacet
facet normal 0.000000 0.000000 1.000000
outer loop
vertex 18.837086 -51.611080 9.999993
vertex 18.652266 -51.265308 9.999993
vertex 17.517004 -50.499943 9.999993
endloop
endfacet
facet normal 0.000000 0.000000 1.000000
outer loop
vertex 23.483046 -50.499939 9.999993
vertex 22.162960 -51.611076 9.999993
vertex 21.914238 -51.914150 9.999993
endloop
endfacet
facet normal -0.000004 0.000000 1.000000
outer loop
vertex 20.500027 -53.482964 9.999993
vertex 23.483046 -50.499939 9.999993
vertex 21.914238 -51.914150 9.999993
endloop
endfacet
facet normal 0.000000 0.000000 1.000000
outer loop
vertex 19.085814 -51.914154 9.999993
vertex 18.837086 -51.611080 9.999993
vertex 17.517004 -50.499943 9.999993
endloop
endfacet
facet normal 0.000000 0.000000 1.000000
outer loop
vertex 19.085814 -51.914154 9.999993
vertex 17.517004 -50.499943 9.999993
vertex 20.500027 -53.482964 9.999993
endloop
endfacet
facet normal 0.000004 0.000000 1.000000
outer loop
vertex 20.500027 -53.482964 9.999993
vertex 21.914238 -51.914150 9.999993
vertex 21.611168 -52.162876 9.999993
endloop
endfacet
facet normal -0.000002 0.000000 1.000000
outer loop
vertex 20.500027 -53.482964 9.999993
vertex 21.611168 -52.162876 9.999993
vertex 21.265390 -52.347694 9.999993
endloop
endfacet
facet normal 0.000000 0.000000 1.000000
outer loop
vertex 19.388885 -52.162880 9.999993
vertex 19.085814 -51.914154 9.999993
vertex 20.500027 -53.482964 9.999993
endloop
endfacet
facet normal 0.000000 0.000000 1.000000
outer loop
vertex 19.734661 -52.347698 9.999993
vertex 19.388885 -52.162880 9.999993
vertex 20.500027 -53.482964 9.999993
endloop
endfacet
facet normal 0.000001 0.000000 1.000000
outer loop
vertex 20.500027 -53.482964 9.999993
vertex 21.265390 -52.347694 9.999993
vertex 20.890205 -52.461510 9.999993
endloop
endfacet
facet normal -0.000001 0.000000 1.000000
outer loop
vertex 20.500027 -53.482964 9.999993
vertex 20.890205 -52.461510 9.999993
vertex 20.500027 -52.499939 9.999993
endloop
endfacet
facet normal 0.000000 0.000000 1.000000
outer loop
vertex 20.109846 -52.461514 9.999993
vertex 19.734661 -52.347698 9.999993
vertex 20.500027 -53.482964 9.999993
endloop
endfacet
facet normal 0.000000 0.000000 1.000000
outer loop
vertex 20.500027 -52.499939 9.999993
vertex 20.109846 -52.461514 9.999993
vertex 20.500027 -53.482964 9.999993
endloop
endfacet
facet normal 0.382684 0.923879 0.000000
outer loop
vertex 20.500021 -46.499943 1.999998
vertex 20.500021 -46.499943 8.825538
vertex 23.328445 -47.671516 8.825538
endloop
endfacet
facet normal 0.382684 0.923879 0.000000
outer loop
vertex 20.500021 -46.499943 1.999998
vertex 23.328445 -47.671516 8.825538
vertex 23.328445 -47.671516 1.999998
endloop
endfacet
facet normal 0.923879 0.382684 0.000000
outer loop
vertex 23.328445 -47.671516 1.999998
vertex 23.328445 -47.671516 8.825538
vertex 24.500019 -50.499939 8.825538
endloop
endfacet
facet normal 0.923879 0.382685 0.000000
outer loop
vertex 23.328445 -47.671516 1.999998
vertex 24.500019 -50.499939 8.825538
vertex 24.500019 -50.499939 1.999998
endloop
endfacet
facet normal 0.923879 -0.382684 0.000000
outer loop
vertex 24.500019 -50.499939 1.999998
vertex 24.500019 -50.499939 8.825538
vertex 23.328449 -53.328362 8.825538
endloop
endfacet
facet normal 0.923880 -0.382683 0.000000
outer loop
vertex 24.500019 -50.499939 1.999998
vertex 23.328449 -53.328362 8.825538
vertex 23.328449 -53.328362 1.999998
endloop
endfacet
facet normal 0.382687 -0.923878 0.000000
outer loop
vertex 23.328449 -53.328362 8.825538
vertex 20.500029 -54.499943 8.825538
vertex 20.500029 -54.499943 1.999998
endloop
endfacet
facet normal 0.382686 -0.923878 0.000000
outer loop
vertex 23.328449 -53.328362 8.825538
vertex 20.500029 -54.499943 1.999998
vertex 23.328449 -53.328362 1.999998
endloop
endfacet
facet normal -0.382685 -0.923879 0.000000
outer loop
vertex 20.500029 -54.499943 1.999998
vertex 20.500029 -54.499943 8.825538
vertex 17.671602 -53.328365 8.825538
endloop
endfacet
facet normal -0.382685 -0.923879 0.000000
outer loop
vertex 20.500029 -54.499943 1.999998
vertex 17.671602 -53.328365 8.825538
vertex 17.671602 -53.328365 1.999998
endloop
endfacet
facet normal -0.382685 0.923879 0.000000
outer loop
vertex 17.671598 -47.671520 1.999998
vertex 17.671598 -47.671520 8.825538
vertex 20.500021 -46.499943 8.825538
endloop
endfacet
facet normal -0.382685 0.923879 0.000000
outer loop
vertex 17.671598 -47.671520 1.999998
vertex 20.500021 -46.499943 8.825538
vertex 20.500021 -46.499943 1.999998
endloop
endfacet
facet normal -0.000001 0.000000 1.000000
outer loop
vertex 18.390709 -48.390629 9.999993
vertex 19.085810 -49.085728 9.999993
vertex 19.388882 -48.837006 9.999993
endloop
endfacet
facet normal 0.000000 0.000000 1.000000
outer loop
vertex 18.390709 -48.390629 9.999993
vertex 19.388882 -48.837006 9.999993
vertex 19.734657 -48.652187 9.999993
endloop
endfacet
facet normal 0.000000 0.000000 1.000000
outer loop
vertex 22.609335 -48.390625 9.999993
vertex 20.500023 -47.516922 9.999993
vertex 18.390709 -48.390629 9.999993
endloop
endfacet
facet normal 0.000000 0.000000 1.000000
outer loop
vertex 21.611160 -48.837002 9.999993
vertex 21.914234 -49.085724 9.999993
vertex 22.609335 -48.390625 9.999993
endloop
endfacet
facet normal 0.000000 0.000000 1.000000
outer loop
vertex 21.265388 -48.652184 9.999993
vertex 21.611160 -48.837002 9.999993
vertex 22.609335 -48.390625 9.999993
endloop
endfacet
facet normal 0.000000 0.000000 1.000000
outer loop
vertex 18.390709 -48.390629 9.999993
vertex 19.734657 -48.652187 9.999993
vertex 20.109842 -48.538372 9.999993
endloop
endfacet
facet normal 0.000000 0.000000 1.000000
outer loop
vertex 18.390709 -48.390629 9.999993
vertex 20.109842 -48.538372 9.999993
vertex 20.500023 -48.499947 9.999993
endloop
endfacet
facet normal 0.000000 0.000000 1.000000
outer loop
vertex 20.890202 -48.538368 9.999993
vertex 21.265388 -48.652184 9.999993
vertex 22.609335 -48.390625 9.999993
endloop
endfacet
facet normal 0.000000 0.000000 1.000000
outer loop
vertex 22.609335 -48.390625 9.999993
vertex 18.390709 -48.390629 9.999993
vertex 20.500023 -48.499947 9.999993
endloop
endfacet
facet normal 0.000000 0.000000 1.000000
outer loop
vertex 20.500023 -48.499947 9.999993
vertex 20.890202 -48.538368 9.999993
vertex 22.609335 -48.390625 9.999993
endloop
endfacet
facet normal -0.923880 0.382683 0.000000
outer loop
vertex 16.500029 -50.499943 1.999998
vertex 16.500029 -50.499943 8.825538
vertex 17.671598 -47.671520 8.825538
endloop
endfacet
facet normal -0.923880 0.382683 0.000000
outer loop
vertex 16.500029 -50.499943 1.999998
vertex 17.671598 -47.671520 8.825538
vertex 17.671598 -47.671520 1.999998
endloop
endfacet
facet normal -0.923879 -0.382684 0.000000
outer loop
vertex 17.671602 -53.328365 1.999998
vertex 16.500029 -50.499943 1.999998
vertex 17.671602 -53.328365 0.000000
endloop
endfacet
facet normal 0.000000 0.000000 -1.000000
outer loop
vertex 21.914234 -49.085724 0.000000
vertex 23.328445 -47.671516 0.000000
vertex 24.500019 -50.499939 0.000000
endloop
endfacet
facet normal 0.000000 0.000000 -1.000000
outer loop
vertex 24.500019 -50.499939 0.000000
vertex 23.328449 -53.328362 0.000000
vertex 20.500029 -54.499943 0.000000
endloop
endfacet
facet normal 0.000000 0.000000 -1.000000
outer loop
vertex 20.500029 -54.499943 0.000000
vertex 17.671602 -53.328365 0.000000
vertex 16.500029 -50.499943 0.000000
endloop
endfacet
facet normal 0.000000 0.000000 -1.000000
outer loop
vertex 16.500029 -50.499943 0.000000
vertex 17.671598 -47.671520 0.000000
vertex 19.085810 -49.085728 0.000000
endloop
endfacet
facet normal 0.000000 0.000000 -1.000000
outer loop
vertex 16.500029 -50.499943 0.000000
vertex 19.085810 -49.085728 0.000000
vertex 18.837084 -49.388805 0.000000
endloop
endfacet
facet normal 0.000000 0.000000 -1.000000
outer loop
vertex 22.162958 -49.388802 0.000000
vertex 21.914234 -49.085724 0.000000
vertex 24.500019 -50.499939 0.000000
endloop
endfacet
facet normal 0.000000 0.000000 -1.000000
outer loop
vertex 22.347780 -49.734573 0.000000
vertex 22.162958 -49.388802 0.000000
vertex 24.500019 -50.499939 0.000000
endloop
endfacet
facet normal 0.000000 0.000000 -1.000000
outer loop
vertex 16.500029 -50.499943 0.000000
vertex 18.837084 -49.388805 0.000000
vertex 18.652266 -49.734577 0.000000
endloop
endfacet
facet normal 0.000000 0.000000 -1.000000
outer loop
vertex 16.500029 -50.499943 0.000000
vertex 18.652266 -49.734577 0.000000
vertex 18.538454 -50.109760 0.000000
endloop
endfacet
facet normal 0.000000 0.000000 -1.000000
outer loop
vertex 22.461594 -50.109756 0.000000
vertex 22.347780 -49.734573 0.000000
vertex 24.500019 -50.499939 0.000000
endloop
endfacet
facet normal 0.000000 0.000000 -1.000000
outer loop
vertex 22.500023 -50.499939 0.000000
vertex 22.461594 -50.109756 0.000000
vertex 24.500019 -50.499939 0.000000
endloop
endfacet
facet normal 0.000000 0.000000 -1.000000
outer loop
vertex 16.500029 -50.499943 0.000000
vertex 18.538454 -50.109760 0.000000
vertex 18.500027 -50.499943 0.000000
endloop
endfacet
facet normal 0.000000 0.000000 -1.000000
outer loop
vertex 16.500029 -50.499943 0.000000
vertex 18.500027 -50.499943 0.000000
vertex 18.538454 -50.890125 0.000000
endloop
endfacet
facet normal 0.000000 0.000000 -1.000000
outer loop
vertex 22.461594 -50.890121 0.000000
vertex 22.500023 -50.499939 0.000000
vertex 24.500019 -50.499939 0.000000
endloop
endfacet
facet normal 0.000000 0.000000 -1.000000
outer loop
vertex 22.347780 -51.265305 0.000000
vertex 22.461594 -50.890121 0.000000
vertex 24.500019 -50.499939 0.000000
endloop
endfacet
facet normal 0.000000 0.000000 -1.000000
outer loop
vertex 16.500029 -50.499943 0.000000
vertex 18.538454 -50.890125 0.000000
vertex 18.652266 -51.265308 0.000000
endloop
endfacet
facet normal 0.000000 0.000000 -1.000000
outer loop
vertex 16.500029 -50.499943 0.000000
vertex 18.652266 -51.265308 0.000000
vertex 18.837086 -51.611080 0.000000
endloop
endfacet
facet normal 0.000000 0.000000 -1.000000
outer loop
vertex 22.162960 -51.611076 0.000000
vertex 22.347780 -51.265305 0.000000
vertex 24.500019 -50.499939 0.000000
endloop
endfacet
facet normal 0.000000 0.000000 -1.000000
outer loop
vertex 21.914238 -51.914150 0.000000
vertex 22.162960 -51.611076 0.000000
vertex 24.500019 -50.499939 0.000000
endloop
endfacet
facet normal 0.000000 0.000000 -1.000000
outer loop
vertex 20.500029 -54.499943 0.000000
vertex 16.500029 -50.499943 0.000000
vertex 18.837086 -51.611080 0.000000
endloop
endfacet
facet normal 0.000000 0.000000 -1.000000
outer loop
vertex 20.500029 -54.499943 0.000000
vertex 18.837086 -51.611080 0.000000
vertex 19.085814 -51.914154 0.000000
endloop
endfacet
facet normal 0.000000 0.000000 -1.000000
outer loop
vertex 21.914238 -51.914150 0.000000
vertex 24.500019 -50.499939 0.000000
vertex 20.500029 -54.499943 0.000000
endloop
endfacet
facet normal 0.000000 0.000000 -1.000000
outer loop
vertex 21.611168 -52.162876 0.000000
vertex 21.914238 -51.914150 0.000000
vertex 20.500029 -54.499943 0.000000
endloop
endfacet
facet normal 0.000000 0.000000 -1.000000
outer loop
vertex 20.500029 -54.499943 0.000000
vertex 19.085814 -51.914154 0.000000
vertex 19.388885 -52.162880 0.000000
endloop
endfacet
facet normal 0.000000 0.000000 -1.000000
outer loop
vertex 20.500029 -54.499943 0.000000
vertex 19.388885 -52.162880 0.000000
vertex 19.734661 -52.347698 0.000000
endloop
endfacet
facet normal 0.000000 0.000000 -1.000000
outer loop
vertex 21.265390 -52.347694 0.000000
vertex 21.611168 -52.162876 0.000000
vertex 20.500029 -54.499943 0.000000
endloop
endfacet
facet normal 0.000000 0.000000 -1.000000
outer loop
vertex 20.890205 -52.461510 0.000000
vertex 21.265390 -52.347694 0.000000
vertex 20.500029 -54.499943 0.000000
endloop
endfacet
facet normal 0.000000 0.000000 -1.000000
outer loop
vertex 20.500029 -54.499943 0.000000
vertex 19.734661 -52.347698 0.000000
vertex 20.109846 -52.461514 0.000000
endloop
endfacet
facet normal 0.000000 0.000000 -1.000000
outer loop
vertex 20.500027 -52.499939 0.000000
vertex 20.890205 -52.461510 0.000000
vertex 20.500029 -54.499943 0.000000
endloop
endfacet
facet normal 0.000000 0.000000 -1.000000
outer loop
vertex 20.500029 -54.499943 0.000000
vertex 20.109846 -52.461514 0.000000
vertex 20.500027 -52.499939 0.000000
endloop
endfacet
facet normal 0.000000 0.000000 -1.000000
outer loop
vertex 19.388882 -48.837006 0.000000
vertex 19.085810 -49.085728 0.000000
vertex 17.671598 -47.671520 0.000000
endloop
endfacet
facet normal 0.000000 0.000000 -1.000000
outer loop
vertex 17.671598 -47.671520 0.000000
vertex 20.500021 -46.499943 0.000000
vertex 23.328445 -47.671516 0.000000
endloop
endfacet
facet normal 0.000000 0.000000 -1.000000
outer loop
vertex 23.328445 -47.671516 0.000000
vertex 21.914234 -49.085724 0.000000
vertex 21.611160 -48.837002 0.000000
endloop
endfacet
facet normal 0.000000 0.000000 -1.000000
outer loop
vertex 23.328445 -47.671516 0.000000
vertex 21.611160 -48.837002 0.000000
vertex 21.265388 -48.652184 0.000000
endloop
endfacet
facet normal 0.000000 0.000000 -1.000000
outer loop
vertex 19.734657 -48.652187 0.000000
vertex 19.388882 -48.837006 0.000000
vertex 17.671598 -47.671520 0.000000
endloop
endfacet
facet normal 0.000000 0.000000 -1.000000
outer loop
vertex 20.109842 -48.538372 0.000000
vertex 19.734657 -48.652187 0.000000
vertex 17.671598 -47.671520 0.000000
endloop
endfacet
facet normal 0.000000 0.000000 -1.000000
outer loop
vertex 23.328445 -47.671516 0.000000
vertex 21.265388 -48.652184 0.000000
vertex 20.890202 -48.538368 0.000000
endloop
endfacet
facet normal 0.000000 0.000000 -1.000000
outer loop
vertex 20.500023 -48.499947 0.000000
vertex 20.109842 -48.538372 0.000000
vertex 17.671598 -47.671520 0.000000
endloop
endfacet
facet normal 0.000000 0.000000 -1.000000
outer loop
vertex 23.328445 -47.671516 0.000000
vertex 20.890202 -48.538368 0.000000
vertex 20.500023 -48.499947 0.000000
endloop
endfacet
facet normal 0.000000 0.000000 -1.000000
outer loop
vertex 17.671598 -47.671520 0.000000
vertex 23.328445 -47.671516 0.000000
vertex 20.500023 -48.499947 0.000000
endloop
endfacet
facet normal 0.995186 -0.098007 0.000000
outer loop
vertex 18.538454 -50.109760 1.999998
vertex 18.538454 -50.109760 9.999993
vertex 18.500027 -50.499943 9.999993
endloop
endfacet
facet normal 0.995185 -0.098016 0.000000
outer loop
vertex 18.538454 -50.109760 1.999998
vertex 18.500027 -50.499943 9.999993
vertex 18.500027 -50.499943 1.999998
endloop
endfacet
facet normal 0.956940 -0.290287 0.000000
outer loop
vertex 18.652266 -49.734577 1.999998
vertex 18.652266 -49.734577 9.999993
vertex 18.538454 -50.109760 9.999993
endloop
endfacet
facet normal 0.956940 -0.290287 0.000000
outer loop
vertex 18.652266 -49.734577 1.999998
vertex 18.538454 -50.109760 9.999993
vertex 18.538454 -50.109760 1.999998
endloop
endfacet
facet normal 0.881922 -0.471396 0.000000
outer loop
vertex 18.837084 -49.388805 1.999998
vertex 18.837084 -49.388805 9.999993
vertex 18.652266 -49.734577 9.999993
endloop
endfacet
facet normal 0.881922 -0.471396 0.000000
outer loop
vertex 18.837084 -49.388805 1.999998
vertex 18.652266 -49.734577 9.999993
vertex 18.652266 -49.734577 1.999998
endloop
endfacet
facet normal 0.773015 -0.634388 0.000000
outer loop
vertex 19.085810 -49.085728 1.999998
vertex 19.085810 -49.085728 9.999993
vertex 18.837084 -49.388805 9.999993
endloop
endfacet
facet normal 0.773019 -0.634382 0.000000
outer loop
vertex 19.085810 -49.085728 1.999998
vertex 18.837084 -49.388805 9.999993
vertex 18.837084 -49.388805 1.999998
endloop
endfacet
facet normal 0.634391 -0.773012 0.000000
outer loop
vertex 19.388882 -48.837006 1.999998
vertex 19.388882 -48.837006 9.999993
vertex 19.085810 -49.085728 9.999993
endloop
endfacet
facet normal 0.634387 -0.773016 0.000000
outer loop
vertex 19.388882 -48.837006 1.999998
vertex 19.085810 -49.085728 9.999993
vertex 19.085810 -49.085728 1.999998
endloop
endfacet
facet normal 0.471391 -0.881924 0.000000
outer loop
vertex 19.734657 -48.652187 1.999998
vertex 19.734657 -48.652187 9.999993
vertex 19.388882 -48.837006 9.999993
endloop
endfacet
facet normal 0.471391 -0.881924 0.000000
outer loop
vertex 19.734657 -48.652187 1.999998
vertex 19.388882 -48.837006 9.999993
vertex 19.388882 -48.837006 1.999998
endloop
endfacet
facet normal 0.290293 -0.956938 0.000000
outer loop
vertex 20.109842 -48.538372 1.999998
vertex 20.109842 -48.538372 9.999993
vertex 19.734657 -48.652187 9.999993
endloop
endfacet
facet normal 0.290296 -0.956937 0.000000
outer loop
vertex 20.109842 -48.538372 1.999998
vertex 19.734657 -48.652187 9.999993
vertex 19.734657 -48.652187 1.999998
endloop
endfacet
facet normal 0.098007 -0.995186 0.000000
outer loop
vertex 20.500023 -48.499947 1.999998
vertex 20.500023 -48.499947 9.999993
vertex 20.109842 -48.538372 9.999993
endloop
endfacet
facet normal 0.098007 -0.995186 0.000000
outer loop
vertex 20.500023 -48.499947 1.999998
vertex 20.109842 -48.538372 9.999993
vertex 20.109842 -48.538372 1.999998
endloop
endfacet
facet normal -0.097998 -0.995187 0.000000
outer loop
vertex 20.890202 -48.538368 1.999998
vertex 20.890202 -48.538368 9.999993
vertex 20.500023 -48.499947 9.999993
endloop
endfacet
facet normal -0.097998 -0.995187 0.000000
outer loop
vertex 20.890202 -48.538368 1.999998
vertex 20.500023 -48.499947 9.999993
vertex 20.500023 -48.499947 1.999998
endloop
endfacet
facet normal -0.290293 -0.956938 0.000000
outer loop
vertex 21.265388 -48.652184 1.999998
vertex 21.265388 -48.652184 9.999993
vertex 20.890202 -48.538368 9.999993
endloop
endfacet
facet normal -0.290293 -0.956938 0.000000
outer loop
vertex 21.265388 -48.652184 1.999998
vertex 20.890202 -48.538368 9.999993
vertex 20.890202 -48.538368 1.999998
endloop
endfacet
facet normal -0.471395 -0.881922 0.000000
outer loop
vertex 21.611160 -48.837002 1.999998
vertex 21.611160 -48.837002 9.999993
vertex 21.265388 -48.652184 9.999993
endloop
endfacet
facet normal -0.471395 -0.881922 0.000000
outer loop
vertex 21.611160 -48.837002 1.999998
vertex 21.265388 -48.652184 9.999993
vertex 21.265388 -48.652184 1.999998
endloop
endfacet
facet normal -0.634391 -0.773012 0.000000
outer loop
vertex 21.914234 -49.085724 1.999998
vertex 21.914234 -49.085724 9.999993
vertex 21.611160 -48.837002 9.999993
endloop
endfacet
facet normal -0.634387 -0.773016 0.000000
outer loop
vertex 21.914234 -49.085724 1.999998
vertex 21.611160 -48.837002 9.999993
vertex 21.611160 -48.837002 1.999998
endloop
endfacet
facet normal -0.773019 -0.634382 0.000000
outer loop
vertex 22.162958 -49.388802 1.999998
vertex 22.162958 -49.388802 9.999993
vertex 21.914234 -49.085724 9.999993
endloop
endfacet
facet normal -0.773015 -0.634388 0.000000
outer loop
vertex 22.162958 -49.388802 1.999998
vertex 21.914234 -49.085724 9.999993
vertex 21.914234 -49.085724 1.999998
endloop
endfacet
facet normal -0.881918 -0.471403 0.000000
outer loop
vertex 22.347780 -49.734573 1.999998
vertex 22.347780 -49.734573 9.999993
vertex 22.162958 -49.388802 9.999993
endloop
endfacet
facet normal -0.881918 -0.471403 0.000000
outer loop
vertex 22.347780 -49.734573 1.999998
vertex 22.162958 -49.388802 9.999993
vertex 22.162958 -49.388802 1.999998
endloop
endfacet
facet normal -0.956937 -0.290296 0.000000
outer loop
vertex 22.461594 -50.109756 1.999998
vertex 22.461594 -50.109756 9.999993
vertex 22.347780 -49.734573 9.999993
endloop
endfacet
facet normal -0.956940 -0.290287 0.000000
outer loop
vertex 22.461594 -50.109756 1.999998
vertex 22.347780 -49.734573 9.999993
vertex 22.347780 -49.734573 1.999998
endloop
endfacet
facet normal -0.995185 -0.098016 0.000000
outer loop
vertex 22.500023 -50.499939 1.999998
vertex 22.500023 -50.499939 9.999993
vertex 22.461594 -50.109756 9.999993
endloop
endfacet
facet normal -0.995185 -0.098016 0.000000
outer loop
vertex 22.500023 -50.499939 1.999998
vertex 22.461594 -50.109756 9.999993
vertex 22.461594 -50.109756 1.999998
endloop
endfacet
facet normal -0.995185 0.098016 0.000000
outer loop
vertex 22.461594 -50.890121 1.999998
vertex 22.461594 -50.890121 9.999993
vertex 22.500023 -50.499939 9.999993
endloop
endfacet
facet normal -0.995185 0.098016 0.000000
outer loop
vertex 22.461594 -50.890121 1.999998
vertex 22.500023 -50.499939 9.999993
vertex 22.500023 -50.499939 1.999998
endloop
endfacet
facet normal -0.956940 0.290287 0.000000
outer loop
vertex 22.347780 -51.265305 1.999998
vertex 22.347780 -51.265305 9.999993
vertex 22.461594 -50.890121 9.999993
endloop
endfacet
facet normal -0.956937 0.290296 0.000000
outer loop
vertex 22.347780 -51.265305 1.999998
vertex 22.461594 -50.890121 9.999993
vertex 22.461594 -50.890121 1.999998
endloop
endfacet
facet normal -0.881918 0.471403 0.000000
outer loop
vertex 22.162960 -51.611076 1.999998
vertex 22.162960 -51.611076 9.999993
vertex 22.347780 -51.265305 9.999993
endloop
endfacet
facet normal -0.881922 0.471396 0.000000
outer loop
vertex 22.162960 -51.611076 1.999998
vertex 22.347780 -51.265305 9.999993
vertex 22.347780 -51.265305 1.999998
endloop
endfacet
facet normal -0.773016 0.634387 0.000000
outer loop
vertex 21.914238 -51.914150 1.999998
vertex 21.914238 -51.914150 9.999993
vertex 22.162960 -51.611076 9.999993
endloop
endfacet
facet normal -0.773016 0.634387 0.000000
outer loop
vertex 21.914238 -51.914150 1.999998
vertex 22.162960 -51.611076 9.999993
vertex 22.162960 -51.611076 1.999998
endloop
endfacet
facet normal -0.634397 0.773007 0.000000
outer loop
vertex 21.611168 -52.162876 1.999998
vertex 21.611168 -52.162876 9.999993
vertex 21.914238 -51.914150 9.999993
endloop
endfacet
facet normal -0.634402 0.773003 0.000000
outer loop
vertex 21.611168 -52.162876 1.999998
vertex 21.914238 -51.914150 9.999993
vertex 21.914238 -51.914150 1.999998
endloop
endfacet
facet normal -0.471391 0.881924 0.000000
outer loop
vertex 21.265390 -52.347694 1.999998
vertex 21.265390 -52.347694 9.999993
vertex 21.611168 -52.162876 9.999993
endloop
endfacet
facet normal -0.471387 0.881926 0.000000
outer loop
vertex 21.265390 -52.347694 1.999998
vertex 21.611168 -52.162876 9.999993
vertex 21.611168 -52.162876 1.999998
endloop
endfacet
facet normal -0.290296 0.956937 0.000000
outer loop
vertex 20.890205 -52.461510 1.999998
vertex 20.890205 -52.461510 9.999993
vertex 21.265390 -52.347694 9.999993
endloop
endfacet
facet normal -0.290293 0.956938 0.000000
outer loop
vertex 20.890205 -52.461510 1.999998
vertex 21.265390 -52.347694 9.999993
vertex 21.265390 -52.347694 1.999998
endloop
endfacet
facet normal -0.098017 0.995185 0.000000
outer loop
vertex 20.500027 -52.499939 1.999998
vertex 20.500027 -52.499939 9.999993
vertex 20.890205 -52.461510 9.999993
endloop
endfacet
facet normal -0.098017 0.995185 0.000000
outer loop
vertex 20.500027 -52.499939 1.999998
vertex 20.890205 -52.461510 9.999993
vertex 20.890205 -52.461510 1.999998
endloop
endfacet
facet normal 0.098007 0.995186 0.000000
outer loop
vertex 20.109846 -52.461514 1.999998
vertex 20.109846 -52.461514 9.999993
vertex 20.500027 -52.499939 9.999993
endloop
endfacet
facet normal 0.098007 0.995186 0.000000
outer loop
vertex 20.109846 -52.461514 1.999998
vertex 20.500027 -52.499939 9.999993
vertex 20.500027 -52.499939 1.999998
endloop
endfacet
facet normal 0.290296 0.956937 0.000000
outer loop
vertex 19.734661 -52.347698 1.999998
vertex 19.734661 -52.347698 9.999993
vertex 20.109846 -52.461514 9.999993
endloop
endfacet
facet normal 0.290293 0.956938 0.000000
outer loop
vertex 19.734661 -52.347698 1.999998
vertex 20.109846 -52.461514 9.999993
vertex 20.109846 -52.461514 1.999998
endloop
endfacet
facet normal 0.471391 0.881924 0.000000
outer loop
vertex 19.388885 -52.162880 1.999998
vertex 19.388885 -52.162880 9.999993
vertex 19.734661 -52.347698 9.999993
endloop
endfacet
facet normal 0.471391 0.881924 0.000000
outer loop
vertex 19.388885 -52.162880 1.999998
vertex 19.734661 -52.347698 9.999993
vertex 19.734661 -52.347698 1.999998
endloop
endfacet
facet normal 0.634392 0.773011 0.000000
outer loop
vertex 19.085814 -51.914154 1.999998
vertex 19.085814 -51.914154 9.999993
vertex 19.388885 -52.162880 9.999993
endloop
endfacet
facet normal 0.634397 0.773007 0.000000
outer loop
vertex 19.085814 -51.914154 1.999998
vertex 19.388885 -52.162880 9.999993
vertex 19.388885 -52.162880 1.999998
endloop
endfacet
facet normal 0.773016 0.634387 0.000000
outer loop
vertex 18.837086 -51.611080 1.999998
vertex 18.837086 -51.611080 9.999993
vertex 19.085814 -51.914154 9.999993
endloop
endfacet
facet normal 0.773006 0.634399 0.000000
outer loop
vertex 18.837086 -51.611080 1.999998
vertex 19.085814 -51.914154 9.999993
vertex 19.085814 -51.914154 1.999998
endloop
endfacet
facet normal 0.881922 0.471396 0.000000
outer loop
vertex 18.652266 -51.265308 1.999998
vertex 18.652266 -51.265308 9.999993
vertex 18.837086 -51.611080 9.999993
endloop
endfacet
facet normal 0.881918 0.471403 0.000000
outer loop
vertex 18.652266 -51.265308 1.999998
vertex 18.837086 -51.611080 9.999993
vertex 18.837086 -51.611080 1.999998
endloop
endfacet
facet normal 0.956940 0.290287 0.000000
outer loop
vertex 18.538454 -50.890125 1.999998
vertex 18.538454 -50.890125 9.999993
vertex 18.652266 -51.265308 9.999993
endloop
endfacet
facet normal 0.956940 0.290287 0.000000
outer loop
vertex 18.538454 -50.890125 1.999998
vertex 18.652266 -51.265308 9.999993
vertex 18.652266 -51.265308 1.999998
endloop
endfacet
facet normal 0.995185 0.098016 0.000000
outer loop
vertex 18.500027 -50.499943 1.999998
vertex 18.500027 -50.499943 9.999993
vertex 18.538454 -50.890125 9.999993
endloop
endfacet
facet normal 0.995186 0.098007 0.000000
outer loop
vertex 18.500027 -50.499943 1.999998
vertex 18.538454 -50.890125 9.999993
vertex 18.538454 -50.890125 1.999998
endloop
endfacet
facet normal -0.721430 0.298826 0.624694
outer loop
vertex 17.517004 -50.499943 9.999993
vertex 18.390709 -48.390629 9.999993
vertex 17.671598 -47.671520 8.825538
endloop
endfacet
facet normal -0.721430 0.298826 0.624694
outer loop
vertex 17.517004 -50.499943 9.999993
vertex 17.671598 -47.671520 8.825538
vertex 16.500029 -50.499943 8.825538
endloop
endfacet
facet normal -0.298825 0.721428 0.624696
outer loop
vertex 18.390709 -48.390629 9.999993
vertex 20.500023 -47.516922 9.999993
vertex 20.500021 -46.499943 8.825538
endloop
endfacet
facet normal -0.298828 0.721429 0.624694
outer loop
vertex 18.390709 -48.390629 9.999993
vertex 20.500021 -46.499943 8.825538
vertex 17.671598 -47.671520 8.825538
endloop
endfacet
facet normal 0.298825 0.721430 0.624694
outer loop
vertex 20.500023 -47.516922 9.999993
vertex 22.609335 -48.390625 9.999993
vertex 23.328445 -47.671516 8.825538
endloop
endfacet
facet normal 0.298827 0.721429 0.624694
outer loop
vertex 20.500023 -47.516922 9.999993
vertex 23.328445 -47.671516 8.825538
vertex 20.500021 -46.499943 8.825538
endloop
endfacet
facet normal 0.721431 0.298828 0.624691
outer loop
vertex 22.609335 -48.390625 9.999993
vertex 23.483046 -50.499939 9.999993
vertex 24.500019 -50.499939 8.825538
endloop
endfacet
facet normal 0.721429 0.298825 0.624695
outer loop
vertex 22.609335 -48.390625 9.999993
vertex 24.500019 -50.499939 8.825538
vertex 23.328445 -47.671516 8.825538
endloop
endfacet
facet normal 0.721430 -0.298826 0.624693
outer loop
vertex 23.483046 -50.499939 9.999993
vertex 22.609341 -52.609249 9.999993
vertex 23.328449 -53.328362 8.825538
endloop
endfacet
facet normal 0.721430 -0.298825 0.624694
outer loop
vertex 23.483046 -50.499939 9.999993
vertex 23.328449 -53.328362 8.825538
vertex 24.500019 -50.499939 8.825538
endloop
endfacet
facet normal 0.298828 -0.721427 0.624696
outer loop
vertex 22.609341 -52.609249 9.999993
vertex 20.500027 -53.482964 9.999993
vertex 20.500029 -54.499943 8.825538
endloop
endfacet
facet normal 0.298827 -0.721426 0.624698
outer loop
vertex 22.609341 -52.609249 9.999993
vertex 20.500029 -54.499943 8.825538
vertex 23.328449 -53.328362 8.825538
endloop
endfacet
facet normal -0.721428 -0.298826 0.624695
outer loop
vertex 16.500029 -50.499943 8.825538
vertex 17.671602 -53.328365 8.825538
vertex 18.390713 -52.609253 9.999993
endloop
endfacet
facet normal -0.721430 -0.298827 0.624693
outer loop
vertex 16.500029 -50.499943 8.825538
vertex 18.390713 -52.609253 9.999993
vertex 17.517004 -50.499943 9.999993
endloop
endfacet
facet normal -0.298828 -0.721431 0.624691
outer loop
vertex 20.500027 -53.482964 9.999993
vertex 18.390713 -52.609253 9.999993
vertex 17.671602 -53.328365 8.825538
endloop
endfacet
facet normal -0.298826 -0.721426 0.624698
outer loop
vertex 20.500027 -53.482964 9.999993
vertex 17.671602 -53.328365 8.825538
vertex 20.500029 -54.499943 8.825538
endloop
endfacet
facet normal -0.923879 -0.382684 0.000000
outer loop
vertex 17.671602 -53.328365 1.999998
vertex 17.671602 -53.328365 8.825538
vertex 16.500029 -50.499943 8.825538
endloop
endfacet
facet normal -0.923879 -0.382684 0.000000
outer loop
vertex 17.671602 -53.328365 1.999998
vertex 16.500029 -50.499943 8.825538
vertex 16.500029 -50.499943 1.999998
endloop
endfacet
facet normal -1.000000 -0.000001 0.000000
outer loop
vertex 16.500029 -50.499943 1.999998
vertex 16.500025 -46.499943 1.999998
vertex 16.500025 -46.499943 0.000000
endloop
endfacet
facet normal -1.000000 -0.000001 0.000000
outer loop
vertex 16.500029 -50.499943 1.999998
vertex 16.500025 -46.499943 0.000000
vertex 16.500029 -50.499943 0.000000
endloop
endfacet
facet normal 1.000000 0.000001 0.000000
outer loop
vertex 24.500019 -50.499939 0.000000
vertex 24.500015 -46.499939 0.000000
vertex 24.500015 -46.499939 1.999998
endloop
endfacet
facet normal 1.000000 0.000001 0.000000
outer loop
vertex 24.500019 -50.499939 0.000000
vertex 24.500015 -46.499939 1.999998
vertex 24.500019 -50.499939 1.999998
endloop
endfacet
facet normal 0.000000 0.000000 -1.000000
outer loop
vertex 17.671598 -47.671520 0.000000
vertex 16.500029 -50.499943 0.000000
vertex 16.500025 -46.499943 0.000000
endloop
endfacet
facet normal 0.000000 0.000000 -1.000000
outer loop
vertex 17.671598 -47.671520 0.000000
vertex 16.500025 -46.499943 0.000000
vertex 20.500021 -46.499943 0.000000
endloop
endfacet
facet normal 0.000000 0.000000 -1.000000
outer loop
vertex 18.652266 -51.265308 0.000000
vertex 18.538454 -50.890125 0.000000
vertex 18.500027 -50.499943 0.000000
endloop
endfacet
facet normal 0.000000 0.000000 -1.000000
outer loop
vertex 18.500027 -50.499943 0.000000
vertex 18.538454 -50.109760 0.000000
vertex 18.652266 -49.734577 0.000000
endloop
endfacet
facet normal 0.000000 0.000000 -1.000000
outer loop
vertex 18.652266 -49.734577 0.000000
vertex 18.837084 -49.388805 0.000000
vertex 19.085810 -49.085728 0.000000
endloop
endfacet
facet normal 0.000000 0.000000 -1.000000
outer loop
vertex 19.085810 -49.085728 0.000000
vertex 19.388882 -48.837006 0.000000
vertex 19.734657 -48.652187 0.000000
endloop
endfacet
facet normal 0.000000 0.000000 -1.000000
outer loop
vertex 19.734657 -48.652187 0.000000
vertex 20.109842 -48.538372 0.000000
vertex 20.500023 -48.499947 0.000000
endloop
endfacet
facet normal 0.000000 0.000000 -1.000000
outer loop
vertex 20.500023 -48.499947 0.000000
vertex 20.890202 -48.538368 0.000000
vertex 21.265388 -48.652184 0.000000
endloop
endfacet
facet normal 0.000000 0.000000 -1.000000
outer loop
vertex 21.265388 -48.652184 0.000000
vertex 21.611160 -48.837002 0.000000
vertex 21.914234 -49.085724 0.000000
endloop
endfacet
facet normal 0.000000 0.000000 -1.000000
outer loop
vertex 21.914234 -49.085724 0.000000
vertex 22.162958 -49.388802 0.000000
vertex 22.347780 -49.734573 0.000000
endloop
endfacet
facet normal 0.000000 0.000000 -1.000000
outer loop
vertex 22.347780 -49.734573 0.000000
vertex 22.461594 -50.109756 0.000000
vertex 22.500023 -50.499939 0.000000
endloop
endfacet
facet normal 0.000000 0.000000 -1.000000
outer loop
vertex 22.500023 -50.499939 0.000000
vertex 22.461594 -50.890121 0.000000
vertex 22.347780 -51.265305 0.000000
endloop
endfacet
facet normal 0.000000 0.000000 -1.000000
outer loop
vertex 22.347780 -51.265305 0.000000
vertex 22.162960 -51.611076 0.000000
vertex 21.914238 -51.914150 0.000000
endloop
endfacet
facet normal 0.000000 0.000000 -1.000000
outer loop
vertex 21.914238 -51.914150 0.000000
vertex 21.611168 -52.162876 0.000000
vertex 21.265390 -52.347694 0.000000
endloop
endfacet
facet normal 0.000000 0.000000 -1.000000
outer loop
vertex 21.265390 -52.347694 0.000000
vertex 20.890205 -52.461510 0.000000
vertex 20.500027 -52.499939 0.000000
endloop
endfacet
facet normal 0.000000 0.000000 -1.000000
outer loop
vertex 20.500027 -52.499939 0.000000
vertex 20.109846 -52.461514 0.000000
vertex 19.734661 -52.347698 0.000000
endloop
endfacet
facet normal 0.000000 0.000000 -1.000000
outer loop
vertex 19.734661 -52.347698 0.000000
vertex 19.388885 -52.162880 0.000000
vertex 19.085814 -51.914154 0.000000
endloop
endfacet
facet normal 0.000000 0.000000 -1.000000
outer loop
vertex 19.085814 -51.914154 0.000000
vertex 18.837086 -51.611080 0.000000
vertex 18.652266 -51.265308 0.000000
endloop
endfacet
facet normal 0.000000 0.000000 -1.000000
outer loop
vertex 18.652266 -51.265308 0.000000
vertex 18.500027 -50.499943 0.000000
vertex 18.652266 -49.734577 0.000000
endloop
endfacet
facet normal 0.000000 0.000000 -1.000000
outer loop
vertex 18.652266 -49.734577 0.000000
vertex 19.085810 -49.085728 0.000000
vertex 19.734657 -48.652187 0.000000
endloop
endfacet
facet normal 0.000000 0.000000 -1.000000
outer loop
vertex 19.734657 -48.652187 0.000000
vertex 20.500023 -48.499947 0.000000
vertex 21.265388 -48.652184 0.000000
endloop
endfacet
facet normal 0.000000 0.000000 -1.000000
outer loop
vertex 21.265388 -48.652184 0.000000
vertex 21.914234 -49.085724 0.000000
vertex 22.347780 -49.734573 0.000000
endloop
endfacet
facet normal 0.000000 0.000000 -1.000000
outer loop
vertex 22.347780 -49.734573 0.000000
vertex 22.500023 -50.499939 0.000000
vertex 22.347780 -51.265305 0.000000
endloop
endfacet
facet normal 0.000000 0.000000 -1.000000
outer loop
vertex 22.347780 -51.265305 0.000000
vertex 21.914238 -51.914150 0.000000
vertex 21.265390 -52.347694 0.000000
endloop
endfacet
facet normal 0.000000 0.000000 -1.000000
outer loop
vertex 21.265390 -52.347694 0.000000
vertex 20.500027 -52.499939 0.000000
vertex 19.734661 -52.347698 0.000000
endloop
endfacet
facet normal 0.000000 0.000000 -1.000000
outer loop
vertex 19.734661 -52.347698 0.000000
vertex 19.085814 -51.914154 0.000000
vertex 18.652266 -51.265308 0.000000
endloop
endfacet
facet normal 0.000000 0.000000 -1.000000
outer loop
vertex 18.652266 -51.265308 0.000000
vertex 18.652266 -49.734577 0.000000
vertex 19.734657 -48.652187 0.000000
endloop
endfacet
facet normal 0.000000 0.000000 -1.000000
outer loop
vertex 19.734657 -48.652187 0.000000
vertex 21.265388 -48.652184 0.000000
vertex 22.347780 -49.734573 0.000000
endloop
endfacet
facet normal 0.000000 0.000000 -1.000000
outer loop
vertex 22.347780 -49.734573 0.000000
vertex 22.347780 -51.265305 0.000000
vertex 21.265390 -52.347694 0.000000
endloop
endfacet
facet normal 0.000000 0.000000 -1.000000
outer loop
vertex 21.265390 -52.347694 0.000000
vertex 19.734661 -52.347698 0.000000
vertex 18.652266 -51.265308 0.000000
endloop
endfacet
facet normal 0.000000 0.000000 -1.000000
outer loop
vertex 18.652266 -51.265308 0.000000
vertex 19.734657 -48.652187 0.000000
vertex 22.347780 -49.734573 0.000000
endloop
endfacet
facet normal 0.000000 0.000000 -1.000000
outer loop
vertex 22.347780 -49.734573 0.000000
vertex 21.265390 -52.347694 0.000000
vertex 18.652266 -51.265308 0.000000
endloop
endfacet
facet normal 0.000000 0.000000 -1.000000
outer loop
vertex 24.500015 -46.499939 0.000000
vertex 24.500019 -50.499939 0.000000
vertex 23.328445 -47.671516 0.000000
endloop
endfacet
facet normal 0.000000 0.000000 -1.000000
outer loop
vertex 24.500015 -46.499939 0.000000
vertex 23.328445 -47.671516 0.000000
vertex 20.500021 -46.499943 0.000000
endloop
endfacet
facet normal 0.000000 0.000000 1.000000
outer loop
vertex 18.652266 -49.734577 1.999998
vertex 18.538454 -50.109760 1.999998
vertex 18.500027 -50.499943 1.999998
endloop
endfacet
facet normal 0.000000 0.000000 1.000000
outer loop
vertex 18.500027 -50.499943 1.999998
vertex 18.538454 -50.890125 1.999998
vertex 18.652266 -51.265308 1.999998
endloop
endfacet
facet normal -0.000004 0.000000 1.000000
outer loop
vertex 18.652266 -51.265308 1.999998
vertex 18.837086 -51.611080 1.999998
vertex 19.085814 -51.914154 1.999998
endloop
endfacet
facet normal -0.000002 0.000000 1.000000
outer loop
vertex 19.085814 -51.914154 1.999998
vertex 19.388885 -52.162880 1.999998
vertex 19.734661 -52.347698 1.999998
endloop
endfacet
facet normal 0.000000 0.000000 1.000000
outer loop
vertex 19.734661 -52.347698 1.999998
vertex 20.109846 -52.461514 1.999998
vertex 20.500027 -52.499939 1.999998
endloop
endfacet
facet normal 0.000000 0.000000 1.000000
outer loop
vertex 20.500027 -52.499939 1.999998
vertex 20.890205 -52.461510 1.999998
vertex 21.265390 -52.347694 1.999998
endloop
endfacet
facet normal 0.000002 0.000000 1.000000
outer loop
vertex 21.265390 -52.347694 1.999998
vertex 21.611168 -52.162876 1.999998
vertex 21.914238 -51.914150 1.999998
endloop
endfacet
facet normal 0.000004 0.000000 1.000000
outer loop
vertex 21.914238 -51.914150 1.999998
vertex 22.162960 -51.611076 1.999998
vertex 22.347780 -51.265305 1.999998
endloop
endfacet
facet normal 0.000000 0.000000 1.000000
outer loop
vertex 22.347780 -51.265305 1.999998
vertex 22.461594 -50.890121 1.999998
vertex 22.500023 -50.499939 1.999998
endloop
endfacet
facet normal 0.000000 0.000000 1.000000
outer loop
vertex 22.500023 -50.499939 1.999998
vertex 22.461594 -50.109756 1.999998
vertex 22.347780 -49.734573 1.999998
endloop
endfacet
facet normal 0.000004 0.000000 1.000000
outer loop
vertex 22.347780 -49.734573 1.999998
vertex 22.162958 -49.388802 1.999998
vertex 21.914234 -49.085724 1.999998
endloop
endfacet
facet normal 0.000002 0.000000 1.000000
outer loop
vertex 21.914234 -49.085724 1.999998
vertex 21.611160 -48.837002 1.999998
vertex 21.265388 -48.652184 1.999998
endloop
endfacet
facet normal 0.000000 0.000000 1.000000
outer loop
vertex 21.265388 -48.652184 1.999998
vertex 20.890202 -48.538368 1.999998
vertex 20.500023 -48.499947 1.999998
endloop
endfacet
facet normal 0.000000 0.000000 1.000000
outer loop
vertex 20.500023 -48.499947 1.999998
vertex 20.109842 -48.538372 1.999998
vertex 19.734657 -48.652187 1.999998
endloop
endfacet
facet normal -0.000002 0.000000 1.000000
outer loop
vertex 19.734657 -48.652187 1.999998
vertex 19.388882 -48.837006 1.999998
vertex 19.085810 -49.085728 1.999998
endloop
endfacet
facet normal -0.000004 0.000000 1.000000
outer loop
vertex 19.085810 -49.085728 1.999998
vertex 18.837084 -49.388805 1.999998
vertex 18.652266 -49.734577 1.999998
endloop
endfacet
facet normal 0.000000 0.000000 1.000000
outer loop
vertex 18.652266 -49.734577 1.999998
vertex 18.500027 -50.499943 1.999998
vertex 18.652266 -51.265308 1.999998
endloop
endfacet
facet normal 0.000001 0.000000 1.000000
outer loop
vertex 18.652266 -51.265308 1.999998
vertex 19.085814 -51.914154 1.999998
vertex 19.734661 -52.347698 1.999998
endloop
endfacet
facet normal 0.000000 0.000000 1.000000
outer loop
vertex 19.734661 -52.347698 1.999998
vertex 20.500027 -52.499939 1.999998
vertex 21.265390 -52.347694 1.999998
endloop
endfacet
facet normal 0.000000 0.000000 1.000000
outer loop
vertex 21.265390 -52.347694 1.999998
vertex 21.914238 -51.914150 1.999998
vertex 22.347780 -51.265305 1.999998
endloop
endfacet
facet normal 0.000000 0.000000 1.000000
outer loop
vertex 22.347780 -51.265305 1.999998
vertex 22.500023 -50.499939 1.999998
vertex 22.347780 -49.734573 1.999998
endloop
endfacet
facet normal -0.000001 0.000000 1.000000
outer loop
vertex 22.347780 -49.734573 1.999998
vertex 21.914234 -49.085724 1.999998
vertex 21.265388 -48.652184 1.999998
endloop
endfacet
facet normal 0.000000 0.000000 1.000000
outer loop
vertex 21.265388 -48.652184 1.999998
vertex 20.500023 -48.499947 1.999998
vertex 19.734657 -48.652187 1.999998
endloop
endfacet
facet normal 0.000000 0.000000 1.000000
outer loop
vertex 19.734657 -48.652187 1.999998
vertex 19.085810 -49.085728 1.999998
vertex 18.652266 -49.734577 1.999998
endloop
endfacet
facet normal -0.000000 0.000000 1.000000
outer loop
vertex 18.652266 -49.734577 1.999998
vertex 18.652266 -51.265308 1.999998
vertex 19.734661 -52.347698 1.999998
endloop
endfacet
facet normal 0.000000 0.000000 1.000000
outer loop
vertex 19.734661 -52.347698 1.999998
vertex 21.265390 -52.347694 1.999998
vertex 22.347780 -51.265305 1.999998
endloop
endfacet
facet normal 0.000000 0.000000 1.000000
outer loop
vertex 22.347780 -51.265305 1.999998
vertex 22.347780 -49.734573 1.999998
vertex 21.265388 -48.652184 1.999998
endloop
endfacet
facet normal 0.000000 0.000000 1.000000
outer loop
vertex 21.265388 -48.652184 1.999998
vertex 19.734657 -48.652187 1.999998
vertex 18.652266 -49.734577 1.999998
endloop
endfacet
facet normal 0.000000 0.000000 1.000000
outer loop
vertex 18.652266 -49.734577 1.999998
vertex 19.734661 -52.347698 1.999998
vertex 22.347780 -51.265305 1.999998
endloop
endfacet
facet normal -0.000000 0.000000 1.000000
outer loop
vertex 22.347780 -51.265305 1.999998
vertex 21.265388 -48.652184 1.999998
vertex 18.652266 -49.734577 1.999998
endloop
endfacet
facet normal 0.000000 0.000000 -1.000000
outer loop
vertex 20.500021 -46.499943 1.999998
vertex 16.500029 -50.499943 1.999998
vertex 17.671598 -47.671520 1.999998
endloop
endfacet
facet normal 0.000000 0.000000 1.000000
outer loop
vertex 20.500021 -46.499943 1.999998
vertex 16.500025 -46.499943 1.999998
vertex 16.500029 -50.499943 1.999998
endloop
endfacet
facet normal 0.000000 0.000000 1.000000
outer loop
vertex 24.500015 -46.499939 1.999998
vertex 20.500021 -46.499943 1.999998
vertex 23.328445 -47.671516 1.999998
endloop
endfacet
facet normal 0.000000 0.000000 1.000000
outer loop
vertex 24.500015 -46.499939 1.999998
vertex 23.328445 -47.671516 1.999998
vertex 24.500019 -50.499939 1.999998
endloop
endfacet
facet normal 0.000000 0.000000 1.000000
outer loop
vertex 24.500011 -40.499947 1.999998
vertex 16.500021 -40.499950 1.999998
vertex 16.500025 -46.499943 1.999998
endloop
endfacet
facet normal 0.000000 0.000000 1.000000
outer loop
vertex 20.500021 -46.499943 1.999998
vertex 24.500015 -46.499939 1.999998
vertex 24.500011 -40.499947 1.999998
endloop
endfacet
facet normal 0.000000 0.000000 1.000000
outer loop
vertex 16.500025 -46.499943 1.999998
vertex 20.500021 -46.499943 1.999998
vertex 24.500011 -40.499947 1.999998
endloop
endfacet
facet normal -1.000000 -0.000001 0.000000
outer loop
vertex 16.500025 -46.499943 0.000000
vertex 16.500025 -46.499943 1.999998
vertex 16.500021 -40.499950 1.999998
endloop
endfacet
facet normal -1.000000 -0.000001 0.000000
outer loop
vertex 16.500025 -46.499943 0.000000
vertex 16.500021 -40.499950 1.999998
vertex 16.500021 -40.499950 0.000000
endloop
endfacet
facet normal 1.000000 0.000001 0.000000
outer loop
vertex 24.500015 -46.499939 1.999998
vertex 24.500015 -46.499939 0.000000
vertex 24.500011 -40.499947 0.000000
endloop
endfacet
facet normal 1.000000 0.000001 0.000000
outer loop
vertex 24.500015 -46.499939 1.999998
vertex 24.500011 -40.499947 0.000000
vertex 24.500011 -40.499947 1.999998
endloop
endfacet
facet normal 0.000000 0.000000 -1.000000
outer loop
vertex -40.499947 -24.500011 0.000000
vertex -46.499947 -24.500013 0.000000
vertex -46.499943 -20.500017 0.000000
endloop
endfacet
facet normal 0.000000 0.000000 -1.000000
outer loop
vertex -46.499943 -20.500017 0.000000
vertex -46.499943 -16.500021 0.000000
vertex -40.499950 -16.500017 0.000000
endloop
endfacet
facet normal 0.000000 0.000000 -1.000000
outer loop
vertex -40.499950 -16.500017 0.000000
vertex -38.499950 -16.500015 0.000000
vertex -38.499947 -24.500010 0.000000
endloop
endfacet
facet normal 0.000000 0.000000 -1.000000
outer loop
vertex -38.499947 -24.500010 0.000000
vertex -40.499947 -24.500011 0.000000
vertex -46.499943 -20.500017 0.000000
endloop
endfacet
facet normal 0.000000 0.000000 -1.000000
outer loop
vertex -46.499943 -20.500017 0.000000
vertex -40.499950 -16.500017 0.000000
vertex -38.499947 -24.500010 0.000000
endloop
endfacet
facet normal -0.923879 -0.382684 0.000000
outer loop
vertex 16.500029 -50.499943 1.999998
vertex 16.500029 -50.499943 0.000000
vertex 17.671602 -53.328365 0.000000
endloop
endfacet
facet normal -0.382685 -0.923879 0.000000
outer loop
vertex 17.671602 -53.328365 1.999998
vertex 17.671602 -53.328365 0.000000
vertex 20.500029 -54.499943 0.000000
endloop
endfacet
facet normal -0.382685 -0.923879 0.000000
outer loop
vertex 20.500029 -54.499943 1.999998
vertex 17.671602 -53.328365 1.999998
vertex 20.500029 -54.499943 0.000000
endloop
endfacet
facet normal 0.382687 -0.923878 0.000000
outer loop
vertex 23.328449 -53.328362 0.000000
vertex 20.500029 -54.499943 1.999998
vertex 20.500029 -54.499943 0.000000
endloop
endfacet
facet normal 0.382686 -0.923878 0.000000
outer loop
vertex 23.328449 -53.328362 0.000000
vertex 23.328449 -53.328362 1.999998
vertex 20.500029 -54.499943 1.999998
endloop
endfacet
facet normal 0.923880 -0.382682 0.000000
outer loop
vertex 24.500019 -50.499939 0.000000
vertex 23.328449 -53.328362 1.999998
vertex 23.328449 -53.328362 0.000000
endloop
endfacet
facet normal 0.923880 -0.382683 0.000000
outer loop
vertex 24.500019 -50.499939 0.000000
vertex 24.500019 -50.499939 1.999998
vertex 23.328449 -53.328362 1.999998
endloop
endfacet
facet normal -0.000001 0.000000 1.000000
outer loop
vertex -17.516924 -50.499973 9.999993
vertex -18.390631 -48.390659 9.999993
vertex -19.085730 -49.085758 9.999993
endloop
endfacet
facet normal 0.000000 0.000000 1.000000
outer loop
vertex -17.516924 -50.499973 9.999993
vertex -19.085730 -49.085758 9.999993
vertex -18.837006 -49.388832 9.999993
endloop
endfacet
facet normal 0.000000 0.000000 1.000000
outer loop
vertex -20.499941 -53.482994 9.999993
vertex -18.390627 -52.609283 9.999993
vertex -17.516924 -50.499973 9.999993
endloop
endfacet
facet normal 0.000000 0.000000 1.000000
outer loop
vertex -23.482964 -50.499977 9.999993
vertex -22.609253 -52.609287 9.999993
vertex -20.499941 -53.482994 9.999993
endloop
endfacet
facet normal 0.000002 0.000000 1.000000
outer loop
vertex -21.914158 -49.085762 9.999993
vertex -22.609257 -48.390663 9.999993
vertex -23.482964 -50.499977 9.999993
endloop
endfacet
facet normal 0.000000 0.000000 1.000000
outer loop
vertex -22.162886 -49.388836 9.999993
vertex -21.914158 -49.085762 9.999993
vertex -23.482964 -50.499977 9.999993
endloop
endfacet
facet normal 0.000000 0.000000 1.000000
outer loop
vertex -17.516924 -50.499973 9.999993
vertex -18.837006 -49.388832 9.999993
vertex -18.652185 -49.734608 9.999993
endloop
endfacet
facet normal 0.000000 0.000000 1.000000
outer loop
vertex -17.516924 -50.499973 9.999993
vertex -18.652185 -49.734608 9.999993
vertex -18.538372 -50.109787 9.999993
endloop
endfacet
facet normal 0.000000 0.000000 1.000000
outer loop
vertex -22.347698 -49.734612 9.999993
vertex -22.162886 -49.388836 9.999993
vertex -23.482964 -50.499977 9.999993
endloop
endfacet
facet normal 0.000000 0.000000 1.000000
outer loop
vertex -22.461514 -50.109791 9.999993
vertex -22.347698 -49.734612 9.999993
vertex -23.482964 -50.499977 9.999993
endloop
endfacet
facet normal 0.000000 0.000000 1.000000
outer loop
vertex -17.516924 -50.499973 9.999993
vertex -18.538372 -50.109787 9.999993
vertex -18.499945 -50.499973 9.999993
endloop
endfacet
facet normal 0.000000 0.000000 1.000000
outer loop
vertex -17.516924 -50.499973 9.999993
vertex -18.499945 -50.499973 9.999993
vertex -18.538372 -50.890156 9.999993
endloop
endfacet
facet normal 0.000000 0.000000 1.000000
outer loop
vertex -22.499939 -50.499977 9.999993
vertex -22.461514 -50.109791 9.999993
vertex -23.482964 -50.499977 9.999993
endloop
endfacet
facet normal 0.000000 0.000000 1.000000
outer loop
vertex -22.461514 -50.890160 9.999993
vertex -22.499939 -50.499977 9.999993
vertex -23.482964 -50.499977 9.999993
endloop
endfacet
facet normal 0.000000 0.000000 1.000000
outer loop
vertex -17.516924 -50.499973 9.999993
vertex -18.538372 -50.890156 9.999993
vertex -18.652185 -51.265335 9.999993
endloop
endfacet
facet normal 0.000000 0.000000 1.000000
outer loop
vertex -17.516924 -50.499973 9.999993
vertex -18.652185 -51.265335 9.999993
vertex -18.837004 -51.611111 9.999993
endloop
endfacet
facet normal 0.000000 0.000000 1.000000
outer loop
vertex -22.347698 -51.265339 9.999993
vertex -22.461514 -50.890160 9.999993
vertex -23.482964 -50.499977 9.999993
endloop
endfacet
facet normal 0.000000 0.000000 1.000000
outer loop
vertex -22.162884 -51.611115 9.999993
vertex -22.347698 -51.265339 9.999993
vertex -23.482964 -50.499977 9.999993
endloop
endfacet
facet normal 0.000000 0.000000 1.000000
outer loop
vertex -17.516924 -50.499973 9.999993
vertex -18.837004 -51.611111 9.999993
vertex -19.085726 -51.914185 9.999993
endloop
endfacet
facet normal -0.000004 0.000000 1.000000
outer loop
vertex -20.499941 -53.482994 9.999993
vertex -17.516924 -50.499973 9.999993
vertex -19.085726 -51.914185 9.999993
endloop
endfacet
facet normal 0.000000 0.000000 1.000000
outer loop
vertex -21.914154 -51.914188 9.999993
vertex -22.162884 -51.611115 9.999993
vertex -23.482964 -50.499977 9.999993
endloop
endfacet
facet normal 0.000000 0.000000 1.000000
outer loop
vertex -21.914154 -51.914188 9.999993
vertex -23.482964 -50.499977 9.999993
vertex -20.499941 -53.482994 9.999993
endloop
endfacet
facet normal 0.000004 0.000000 1.000000
outer loop
vertex -20.499941 -53.482994 9.999993
vertex -19.085726 -51.914185 9.999993
vertex -19.388802 -52.162907 9.999993
endloop
endfacet
facet normal -0.000002 0.000000 1.000000
outer loop
vertex -20.499941 -53.482994 9.999993
vertex -19.388802 -52.162907 9.999993
vertex -19.734577 -52.347729 9.999993
endloop
endfacet
facet normal 0.000000 0.000000 1.000000
outer loop
vertex -21.611078 -52.162910 9.999993
vertex -21.914154 -51.914188 9.999993
vertex -20.499941 -53.482994 9.999993
endloop
endfacet
facet normal 0.000000 0.000000 1.000000
outer loop
vertex -21.265305 -52.347733 9.999993
vertex -21.611078 -52.162910 9.999993
vertex -20.499941 -53.482994 9.999993
endloop
endfacet
facet normal 0.000001 0.000000 1.000000
outer loop
vertex -20.499941 -53.482994 9.999993
vertex -19.734577 -52.347729 9.999993
vertex -20.109758 -52.461544 9.999993
endloop
endfacet
facet normal -0.000001 0.000000 1.000000
outer loop
vertex -20.499941 -53.482994 9.999993
vertex -20.109758 -52.461544 9.999993
vertex -20.499941 -52.499969 9.999993
endloop
endfacet
facet normal 0.000000 0.000000 1.000000
outer loop
vertex -20.890121 -52.461544 9.999993
vertex -21.265305 -52.347733 9.999993
vertex -20.499941 -53.482994 9.999993
endloop
endfacet
facet normal 0.000000 0.000000 1.000000
outer loop
vertex -20.499941 -52.499969 9.999993
vertex -20.890121 -52.461544 9.999993
vertex -20.499941 -53.482994 9.999993
endloop
endfacet
facet normal 0.382686 0.923879 0.000000
outer loop
vertex -20.499947 -46.499969 1.999998
vertex -20.499947 -46.499969 8.825538
vertex -17.671520 -47.671551 8.825538
endloop
endfacet
facet normal 0.382686 0.923878 0.000000
outer loop
vertex -20.499947 -46.499969 1.999998
vertex -17.671520 -47.671551 8.825538
vertex -17.671520 -47.671551 1.999998
endloop
endfacet
facet normal 0.923879 0.382684 0.000000
outer loop
vertex -17.671520 -47.671551 1.999998
vertex -17.671520 -47.671551 8.825538
vertex -16.499947 -50.499973 8.825538
endloop
endfacet
facet normal 0.923879 0.382684 0.000000
outer loop
vertex -17.671520 -47.671551 1.999998
vertex -16.499947 -50.499973 8.825538
vertex -16.499947 -50.499973 1.999998
endloop
endfacet
facet normal 0.923880 -0.382683 0.000000
outer loop
vertex -16.499947 -50.499973 1.999998
vertex -16.499947 -50.499973 8.825538
vertex -17.671516 -53.328396 8.825538
endloop
endfacet
facet normal 0.923880 -0.382683 0.000000
outer loop
vertex -16.499947 -50.499973 1.999998
vertex -17.671516 -53.328396 8.825538
vertex -17.671516 -53.328396 1.999998
endloop
endfacet
facet normal 0.382685 -0.923879 0.000000
outer loop
vertex -17.671516 -53.328396 8.825538
vertex -20.499939 -54.499973 8.825538
vertex -20.499939 -54.499973 1.999998
endloop
endfacet
facet normal 0.382685 -0.923879 0.000000
outer loop
vertex -17.671516 -53.328396 8.825538
vertex -20.499939 -54.499973 1.999998
vertex -17.671516 -53.328396 1.999998
endloop
endfacet
facet normal -0.382685 -0.923879 0.000000
outer loop
vertex -20.499939 -54.499973 1.999998
vertex -20.499939 -54.499973 8.825538
vertex -23.328363 -53.328400 8.825538
endloop
endfacet
facet normal -0.382684 -0.923879 0.000000
outer loop
vertex -20.499939 -54.499973 1.999998
vertex -23.328363 -53.328400 8.825538
vertex -23.328363 -53.328400 1.999998
endloop
endfacet
facet normal -0.382688 0.923878 0.000000
outer loop
vertex -23.328367 -47.671555 1.999998
vertex -23.328367 -47.671555 8.825538
vertex -20.499947 -46.499969 8.825538
endloop
endfacet
facet normal -0.382687 0.923878 0.000000
outer loop
vertex -23.328367 -47.671555 1.999998
vertex -20.499947 -46.499969 8.825538
vertex -20.499947 -46.499969 1.999998
endloop
endfacet
facet normal -0.000001 0.000000 1.000000
outer loop
vertex -22.609257 -48.390663 9.999993
vertex -21.914158 -49.085762 9.999993
vertex -21.611082 -48.837040 9.999993
endloop
endfacet
facet normal 0.000000 0.000000 1.000000
outer loop
vertex -22.609257 -48.390663 9.999993
vertex -21.611082 -48.837040 9.999993
vertex -21.265308 -48.652222 9.999993
endloop
endfacet
facet normal 0.000000 0.000000 1.000000
outer loop
vertex -18.390631 -48.390659 9.999993
vertex -20.499945 -47.516953 9.999993
vertex -22.609257 -48.390663 9.999993
endloop
endfacet
facet normal 0.000000 0.000000 1.000000
outer loop
vertex -19.388805 -48.837036 9.999993
vertex -19.085730 -49.085758 9.999993
vertex -18.390631 -48.390659 9.999993
endloop
endfacet
facet normal 0.000000 0.000000 1.000000
outer loop
vertex -19.734581 -48.652218 9.999993
vertex -19.388805 -48.837036 9.999993
vertex -18.390631 -48.390659 9.999993
endloop
endfacet
facet normal 0.000000 0.000000 1.000000
outer loop
vertex -22.609257 -48.390663 9.999993
vertex -21.265308 -48.652222 9.999993
vertex -20.890125 -48.538406 9.999993
endloop
endfacet
facet normal 0.000000 0.000000 1.000000
outer loop
vertex -22.609257 -48.390663 9.999993
vertex -20.890125 -48.538406 9.999993
vertex -20.499945 -48.499977 9.999993
endloop
endfacet
facet normal 0.000000 0.000000 1.000000
outer loop
vertex -20.109762 -48.538403 9.999993
vertex -19.734581 -48.652218 9.999993
vertex -18.390631 -48.390659 9.999993
endloop
endfacet
facet normal 0.000000 0.000000 1.000000
outer loop
vertex -18.390631 -48.390659 9.999993
vertex -22.609257 -48.390663 9.999993
vertex -20.499945 -48.499977 9.999993
endloop
endfacet
facet normal 0.000000 0.000000 1.000000
outer loop
vertex -20.499945 -48.499977 9.999993
vertex -20.109762 -48.538403 9.999993
vertex -18.390631 -48.390659 9.999993
endloop
endfacet
facet normal -0.923879 0.382685 0.000000
outer loop
vertex -24.499941 -50.499977 1.999998
vertex -24.499941 -50.499977 8.825538
vertex -23.328367 -47.671555 8.825538
endloop
endfacet
facet normal -0.923879 0.382684 0.000000
outer loop
vertex -24.499941 -50.499977 1.999998
vertex -23.328367 -47.671555 8.825538
vertex -23.328367 -47.671555 1.999998
endloop
endfacet
facet normal -0.923879 -0.382684 0.000000
outer loop
vertex -23.328363 -53.328400 1.999998
vertex -24.499941 -50.499977 1.999998
vertex -23.328363 -53.328400 0.000000
endloop
endfacet
facet normal 0.000000 0.000000 -1.000000
outer loop
vertex -19.085730 -49.085758 0.000000
vertex -17.671520 -47.671551 0.000000
vertex -16.499947 -50.499973 0.000000
endloop
endfacet
facet normal 0.000000 0.000000 -1.000000
outer loop
vertex -16.499947 -50.499973 0.000000
vertex -17.671516 -53.328396 0.000000
vertex -20.499939 -54.499973 0.000000
endloop
endfacet
facet normal 0.000000 0.000000 -1.000000
outer loop
vertex -20.499939 -54.499973 0.000000
vertex -23.328363 -53.328400 0.000000
vertex -24.499941 -50.499977 0.000000
endloop
endfacet
facet normal 0.000000 0.000000 -1.000000
outer loop
vertex -24.499941 -50.499977 0.000000
vertex -23.328367 -47.671555 0.000000
vertex -21.914158 -49.085762 0.000000
endloop
endfacet
facet normal 0.000000 0.000000 -1.000000
outer loop
vertex -24.499941 -50.499977 0.000000
vertex -21.914158 -49.085762 0.000000
vertex -22.162886 -49.388836 0.000000
endloop
endfacet
facet normal 0.000000 0.000000 -1.000000
outer loop
vertex -18.837006 -49.388832 0.000000
vertex -19.085730 -49.085758 0.000000
vertex -16.499947 -50.499973 0.000000
endloop
endfacet
facet normal 0.000000 0.000000 -1.000000
outer loop
vertex -18.652185 -49.734608 0.000000
vertex -18.837006 -49.388832 0.000000
vertex -16.499947 -50.499973 0.000000
endloop
endfacet
facet normal 0.000000 0.000000 -1.000000
outer loop
vertex -24.499941 -50.499977 0.000000
vertex -22.162886 -49.388836 0.000000
vertex -22.347698 -49.734612 0.000000
endloop
endfacet
facet normal 0.000000 0.000000 -1.000000
outer loop
vertex -24.499941 -50.499977 0.000000
vertex -22.347698 -49.734612 0.000000
vertex -22.461514 -50.109791 0.000000
endloop
endfacet
facet normal 0.000000 0.000000 -1.000000
outer loop
vertex -18.538372 -50.109787 0.000000
vertex -18.652185 -49.734608 0.000000
vertex -16.499947 -50.499973 0.000000
endloop
endfacet
facet normal 0.000000 0.000000 -1.000000
outer loop
vertex -18.499945 -50.499973 0.000000
vertex -18.538372 -50.109787 0.000000
vertex -16.499947 -50.499973 0.000000
endloop
endfacet
facet normal 0.000000 0.000000 -1.000000
outer loop
vertex -24.499941 -50.499977 0.000000
vertex -22.461514 -50.109791 0.000000
vertex -22.499939 -50.499977 0.000000
endloop
endfacet
facet normal 0.000000 0.000000 -1.000000
outer loop
vertex -24.499941 -50.499977 0.000000
vertex -22.499939 -50.499977 0.000000
vertex -22.461514 -50.890160 0.000000
endloop
endfacet
facet normal 0.000000 0.000000 -1.000000
outer loop
vertex -18.538372 -50.890156 0.000000
vertex -18.499945 -50.499973 0.000000
vertex -16.499947 -50.499973 0.000000
endloop
endfacet
facet normal 0.000000 0.000000 -1.000000
outer loop
vertex -18.652185 -51.265335 0.000000
vertex -18.538372 -50.890156 0.000000
vertex -16.499947 -50.499973 0.000000
endloop
endfacet
facet normal 0.000000 0.000000 -1.000000
outer loop
vertex -24.499941 -50.499977 0.000000
vertex -22.461514 -50.890160 0.000000
vertex -22.347698 -51.265339 0.000000
endloop
endfacet
facet normal 0.000000 0.000000 -1.000000
outer loop
vertex -24.499941 -50.499977 0.000000
vertex -22.347698 -51.265339 0.000000
vertex -22.162884 -51.611115 0.000000
endloop
endfacet
facet normal 0.000000 0.000000 -1.000000
outer loop
vertex -18.837004 -51.611111 0.000000
vertex -18.652185 -51.265335 0.000000
vertex -16.499947 -50.499973 0.000000
endloop
endfacet
facet normal 0.000000 0.000000 -1.000000
outer loop
vertex -19.085726 -51.914185 0.000000
vertex -18.837004 -51.611111 0.000000
vertex -16.499947 -50.499973 0.000000
endloop
endfacet
facet normal 0.000000 0.000000 -1.000000
outer loop
vertex -20.499939 -54.499973 0.000000
vertex -24.499941 -50.499977 0.000000
vertex -22.162884 -51.611115 0.000000
endloop
endfacet
facet normal 0.000000 0.000000 -1.000000
outer loop
vertex -20.499939 -54.499973 0.000000
vertex -22.162884 -51.611115 0.000000
vertex -21.914154 -51.914188 0.000000
endloop
endfacet
facet normal 0.000000 0.000000 -1.000000
outer loop
vertex -19.085726 -51.914185 0.000000
vertex -16.499947 -50.499973 0.000000
vertex -20.499939 -54.499973 0.000000
endloop
endfacet
facet normal 0.000000 0.000000 -1.000000
outer loop
vertex -19.388802 -52.162907 0.000000
vertex -19.085726 -51.914185 0.000000
vertex -20.499939 -54.499973 0.000000
endloop
endfacet
facet normal 0.000000 0.000000 -1.000000
outer loop
vertex -20.499939 -54.499973 0.000000
vertex -21.914154 -51.914188 0.000000
vertex -21.611078 -52.162910 0.000000
endloop
endfacet
facet normal 0.000000 0.000000 -1.000000
outer loop
vertex -20.499939 -54.499973 0.000000
vertex -21.611078 -52.162910 0.000000
vertex -21.265305 -52.347733 0.000000
endloop
endfacet
facet normal 0.000000 0.000000 -1.000000
outer loop
vertex -19.734577 -52.347729 0.000000
vertex -19.388802 -52.162907 0.000000
vertex -20.499939 -54.499973 0.000000
endloop
endfacet
facet normal 0.000000 0.000000 -1.000000
outer loop
vertex -20.109758 -52.461544 0.000000
vertex -19.734577 -52.347729 0.000000
vertex -20.499939 -54.499973 0.000000
endloop
endfacet
facet normal 0.000000 0.000000 -1.000000
outer loop
vertex -20.499939 -54.499973 0.000000
vertex -21.265305 -52.347733 0.000000
vertex -20.890121 -52.461544 0.000000
endloop
endfacet
facet normal 0.000000 0.000000 -1.000000
outer loop
vertex -20.499941 -52.499969 0.000000
vertex -20.109758 -52.461544 0.000000
vertex -20.499939 -54.499973 0.000000
endloop
endfacet
facet normal 0.000000 0.000000 -1.000000
outer loop
vertex -20.499939 -54.499973 0.000000
vertex -20.890121 -52.461544 0.000000
vertex -20.499941 -52.499969 0.000000
endloop
endfacet
facet normal 0.000000 0.000000 -1.000000
outer loop
vertex -21.611082 -48.837040 0.000000
vertex -21.914158 -49.085762 0.000000
vertex -23.328367 -47.671555 0.000000
endloop
endfacet
facet normal 0.000000 0.000000 -1.000000
outer loop
vertex -23.328367 -47.671555 0.000000
vertex -20.499947 -46.499969 0.000000
vertex -17.671520 -47.671551 0.000000
endloop
endfacet
facet normal 0.000000 0.000000 -1.000000
outer loop
vertex -17.671520 -47.671551 0.000000
vertex -19.085730 -49.085758 0.000000
vertex -19.388805 -48.837036 0.000000
endloop
endfacet
facet normal 0.000000 0.000000 -1.000000
outer loop
vertex -17.671520 -47.671551 0.000000
vertex -19.388805 -48.837036 0.000000
vertex -19.734581 -48.652218 0.000000
endloop
endfacet
facet normal 0.000000 0.000000 -1.000000
outer loop
vertex -21.265308 -48.652222 0.000000
vertex -21.611082 -48.837040 0.000000
vertex -23.328367 -47.671555 0.000000
endloop
endfacet
facet normal 0.000000 0.000000 -1.000000
outer loop
vertex -20.890125 -48.538406 0.000000
vertex -21.265308 -48.652222 0.000000
vertex -23.328367 -47.671555 0.000000
endloop
endfacet
facet normal 0.000000 0.000000 -1.000000
outer loop
vertex -17.671520 -47.671551 0.000000
vertex -19.734581 -48.652218 0.000000
vertex -20.109762 -48.538403 0.000000
endloop
endfacet
facet normal 0.000000 0.000000 -1.000000
outer loop
vertex -20.499945 -48.499977 0.000000
vertex -20.890125 -48.538406 0.000000
vertex -23.328367 -47.671555 0.000000
endloop
endfacet
facet normal 0.000000 0.000000 -1.000000
outer loop
vertex -17.671520 -47.671551 0.000000
vertex -20.109762 -48.538403 0.000000
vertex -20.499945 -48.499977 0.000000
endloop
endfacet
facet normal 0.000000 0.000000 -1.000000
outer loop
vertex -23.328367 -47.671555 0.000000
vertex -17.671520 -47.671551 0.000000
vertex -20.499945 -48.499977 0.000000
endloop
endfacet
facet normal 0.995186 -0.098006 0.000000
outer loop
vertex -22.461514 -50.109791 1.999998
vertex -22.461514 -50.109791 9.999993
vertex -22.499939 -50.499977 9.999993
endloop
endfacet
facet normal 0.995186 -0.098006 0.000000
outer loop
vertex -22.461514 -50.109791 1.999998
vertex -22.499939 -50.499977 9.999993
vertex -22.499939 -50.499977 1.999998
endloop
endfacet
facet normal 0.956936 -0.290299 0.000000
outer loop
vertex -22.347698 -49.734612 1.999998
vertex -22.347698 -49.734612 9.999993
vertex -22.461514 -50.109791 9.999993
endloop
endfacet
facet normal 0.956936 -0.290299 0.000000
outer loop
vertex -22.347698 -49.734612 1.999998
vertex -22.461514 -50.109791 9.999993
vertex -22.461514 -50.109791 1.999998
endloop
endfacet
facet normal 0.881932 -0.471377 0.000000
outer loop
vertex -22.162886 -49.388836 1.999998
vertex -22.162886 -49.388836 9.999993
vertex -22.347698 -49.734612 9.999993
endloop
endfacet
facet normal 0.881928 -0.471384 0.000000
outer loop
vertex -22.162886 -49.388836 1.999998
vertex -22.347698 -49.734612 9.999993
vertex -22.347698 -49.734612 1.999998
endloop
endfacet
facet normal 0.773011 -0.634393 0.000000
outer loop
vertex -21.914158 -49.085762 1.999998
vertex -21.914158 -49.085762 9.999993
vertex -22.162886 -49.388836 9.999993
endloop
endfacet
facet normal 0.773006 -0.634399 0.000000
outer loop
vertex -21.914158 -49.085762 1.999998
vertex -22.162886 -49.388836 9.999993
vertex -22.162886 -49.388836 1.999998
endloop
endfacet
facet normal 0.634387 -0.773016 0.000000
outer loop
vertex -21.611082 -48.837040 1.999998
vertex -21.611082 -48.837040 9.999993
vertex -21.914158 -49.085762 9.999993
endloop
endfacet
facet normal 0.634387 -0.773016 0.000000
outer loop
vertex -21.611082 -48.837040 1.999998
vertex -21.914158 -49.085762 9.999993
vertex -21.914158 -49.085762 1.999998
endloop
endfacet
facet normal 0.471395 -0.881922 0.000000
outer loop
vertex -21.265308 -48.652222 1.999998
vertex -21.265308 -48.652222 9.999993
vertex -21.611082 -48.837040 9.999993
endloop
endfacet
facet normal 0.471391 -0.881924 0.000000
outer loop
vertex -21.265308 -48.652222 1.999998
vertex -21.611082 -48.837040 9.999993
vertex -21.611082 -48.837040 1.999998
endloop
endfacet
facet normal 0.290296 -0.956937 0.000000
outer loop
vertex -20.890125 -48.538406 1.999998
vertex -20.890125 -48.538406 9.999993
vertex -21.265308 -48.652222 9.999993
endloop
endfacet
facet normal 0.290296 -0.956937 0.000000
outer loop
vertex -20.890125 -48.538406 1.999998
vertex -21.265308 -48.652222 9.999993
vertex -21.265308 -48.652222 1.999998
endloop
endfacet
facet normal 0.098017 -0.995185 0.000000
outer loop
vertex -20.499945 -48.499977 1.999998
vertex -20.499945 -48.499977 9.999993
vertex -20.890125 -48.538406 9.999993
endloop
endfacet
facet normal 0.098016 -0.995185 0.000000
outer loop
vertex -20.499945 -48.499977 1.999998
vertex -20.890125 -48.538406 9.999993
vertex -20.890125 -48.538406 1.999998
endloop
endfacet
facet normal -0.098007 -0.995186 0.000000
outer loop
vertex -20.109762 -48.538403 1.999998
vertex -20.109762 -48.538403 9.999993
vertex -20.499945 -48.499977 9.999993
endloop
endfacet
facet normal -0.098007 -0.995186 0.000000
outer loop
vertex -20.109762 -48.538403 1.999998
vertex -20.499945 -48.499977 9.999993
vertex -20.499945 -48.499977 1.999998
endloop
endfacet
facet normal -0.290296 -0.956937 0.000000
outer loop
vertex -19.734581 -48.652218 1.999998
vertex -19.734581 -48.652218 9.999993
vertex -20.109762 -48.538403 9.999993
endloop
endfacet
facet normal -0.290298 -0.956936 0.000000
outer loop
vertex -19.734581 -48.652218 1.999998
vertex -20.109762 -48.538403 9.999993
vertex -20.109762 -48.538403 1.999998
endloop
endfacet
facet normal -0.471391 -0.881924 0.000000
outer loop
vertex -19.388805 -48.837036 1.999998
vertex -19.388805 -48.837036 9.999993
vertex -19.734581 -48.652218 9.999993
endloop
endfacet
facet normal -0.471391 -0.881924 0.000000
outer loop
vertex -19.388805 -48.837036 1.999998
vertex -19.734581 -48.652218 9.999993
vertex -19.734581 -48.652218 1.999998
endloop
endfacet
facet normal -0.634387 -0.773016 0.000000
outer loop
vertex -19.085730 -49.085758 1.999998
vertex -19.085730 -49.085758 9.999993
vertex -19.388805 -48.837036 9.999993
endloop
endfacet
facet normal -0.634382 -0.773020 0.000000
outer loop
vertex -19.085730 -49.085758 1.999998
vertex -19.388805 -48.837036 9.999993
vertex -19.388805 -48.837036 1.999998
endloop
endfacet
facet normal -0.773016 -0.634387 0.000000
outer loop
vertex -18.837006 -49.388832 1.999998
vertex -18.837006 -49.388832 9.999993
vertex -19.085730 -49.085758 9.999993
endloop
endfacet
facet normal -0.773016 -0.634387 0.000000
outer loop
vertex -18.837006 -49.388832 1.999998
vertex -19.085730 -49.085758 9.999993
vertex -19.085730 -49.085758 1.999998
endloop
endfacet
facet normal -0.881924 -0.471392 0.000000
outer loop
vertex -18.652185 -49.734608 1.999998
vertex -18.652185 -49.734608 9.999993
vertex -18.837006 -49.388832 9.999993
endloop
endfacet
facet normal -0.881920 -0.471399 0.000000
outer loop
vertex -18.652185 -49.734608 1.999998
vertex -18.837006 -49.388832 9.999993
vertex -18.837006 -49.388832 1.999998
endloop
endfacet
facet normal -0.956936 -0.290299 0.000000
outer loop
vertex -18.538372 -50.109787 1.999998
vertex -18.538372 -50.109787 9.999993
vertex -18.652185 -49.734608 9.999993
endloop
endfacet
facet normal -0.956939 -0.290290 0.000000
outer loop
vertex -18.538372 -50.109787 1.999998
vertex -18.652185 -49.734608 9.999993
vertex -18.652185 -49.734608 1.999998
endloop
endfacet
facet normal -0.995186 -0.098006 0.000000
outer loop
vertex -18.499945 -50.499973 1.999998
vertex -18.499945 -50.499973 9.999993
vertex -18.538372 -50.109787 9.999993
endloop
endfacet
facet normal -0.995185 -0.098015 0.000000
outer loop
vertex -18.499945 -50.499973 1.999998
vertex -18.538372 -50.109787 9.999993
vertex -18.538372 -50.109787 1.999998
endloop
endfacet
facet normal -0.995185 0.098016 0.000000
outer loop
vertex -18.538372 -50.890156 1.999998
vertex -18.538372 -50.890156 9.999993
vertex -18.499945 -50.499973 9.999993
endloop
endfacet
facet normal -0.995186 0.098007 0.000000
outer loop
vertex -18.538372 -50.890156 1.999998
vertex -18.499945 -50.499973 9.999993
vertex -18.499945 -50.499973 1.999998
endloop
endfacet
facet normal -0.956939 0.290290 0.000000
outer loop
vertex -18.652185 -51.265335 1.999998
vertex -18.652185 -51.265335 9.999993
vertex -18.538372 -50.890156 9.999993
endloop
endfacet
facet normal -0.956936 0.290299 0.000000
outer loop
vertex -18.652185 -51.265335 1.999998
vertex -18.538372 -50.890156 9.999993
vertex -18.538372 -50.890156 1.999998
endloop
endfacet
facet normal -0.881924 0.471392 0.000000
outer loop
vertex -18.837004 -51.611111 1.999998
vertex -18.837004 -51.611111 9.999993
vertex -18.652185 -51.265335 9.999993
endloop
endfacet
facet normal -0.881924 0.471392 0.000000
outer loop
vertex -18.837004 -51.611111 1.999998
vertex -18.652185 -51.265335 9.999993
vertex -18.652185 -51.265335 1.999998
endloop
endfacet
facet normal -0.773016 0.634387 0.000000
outer loop
vertex -19.085726 -51.914185 1.999998
vertex -19.085726 -51.914185 9.999993
vertex -18.837004 -51.611111 9.999993
endloop
endfacet
facet normal -0.773020 0.634381 0.000000
outer loop
vertex -19.085726 -51.914185 1.999998
vertex -18.837004 -51.611111 9.999993
vertex -18.837004 -51.611111 1.999998
endloop
endfacet
facet normal -0.634382 0.773020 0.000000
outer loop
vertex -19.388802 -52.162907 1.999998
vertex -19.388802 -52.162907 9.999993
vertex -19.085726 -51.914185 9.999993
endloop
endfacet
facet normal -0.634387 0.773016 0.000000
outer loop
vertex -19.388802 -52.162907 1.999998
vertex -19.085726 -51.914185 9.999993
vertex -19.085726 -51.914185 1.999998
endloop
endfacet
facet normal -0.471399 0.881920 0.000000
outer loop
vertex -19.734577 -52.347729 1.999998
vertex -19.734577 -52.347729 9.999993
vertex -19.388802 -52.162907 9.999993
endloop
endfacet
facet normal -0.471399 0.881920 0.000000
outer loop
vertex -19.734577 -52.347729 1.999998
vertex -19.388802 -52.162907 9.999993
vertex -19.388802 -52.162907 1.999998
endloop
endfacet
facet normal -0.290298 0.956936 0.000000
outer loop
vertex -20.109758 -52.461544 1.999998
vertex -20.109758 -52.461544 9.999993
vertex -19.734577 -52.347729 9.999993
endloop
endfacet
facet normal -0.290296 0.956937 0.000000
outer loop
vertex -20.109758 -52.461544 1.999998
vertex -19.734577 -52.347729 9.999993
vertex -19.734577 -52.347729 1.999998
endloop
endfacet
facet normal -0.098007 0.995186 0.000000
outer loop
vertex -20.499941 -52.499969 1.999998
vertex -20.499941 -52.499969 9.999993
vertex -20.109758 -52.461544 9.999993
endloop
endfacet
facet normal -0.098007 0.995186 0.000000
outer loop
vertex -20.499941 -52.499969 1.999998
vertex -20.109758 -52.461544 9.999993
vertex -20.109758 -52.461544 1.999998
endloop
endfacet
facet normal 0.098007 0.995186 0.000000
outer loop
vertex -20.890121 -52.461544 1.999998
vertex -20.890121 -52.461544 9.999993
vertex -20.499941 -52.499969 9.999993
endloop
endfacet
facet normal 0.098007 0.995186 0.000000
outer loop
vertex -20.890121 -52.461544 1.999998
vertex -20.499941 -52.499969 9.999993
vertex -20.499941 -52.499969 1.999998
endloop
endfacet
facet normal 0.290287 0.956940 0.000000
outer loop
vertex -21.265305 -52.347733 1.999998
vertex -21.265305 -52.347733 9.999993
vertex -20.890121 -52.461544 9.999993
endloop
endfacet
facet normal 0.290287 0.956940 0.000000
outer loop
vertex -21.265305 -52.347733 1.999998
vertex -20.890121 -52.461544 9.999993
vertex -20.890121 -52.461544 1.999998
endloop
endfacet
facet normal 0.471399 0.881920 0.000000
outer loop
vertex -21.611078 -52.162910 1.999998
vertex -21.611078 -52.162910 9.999993
vertex -21.265305 -52.347733 9.999993
endloop
endfacet
facet normal 0.471403 0.881918 0.000000
outer loop
vertex -21.611078 -52.162910 1.999998
vertex -21.265305 -52.347733 9.999993
vertex -21.265305 -52.347733 1.999998
endloop
endfacet
facet normal 0.634387 0.773016 0.000000
outer loop
vertex -21.914154 -51.914188 1.999998
vertex -21.914154 -51.914188 9.999993
vertex -21.611078 -52.162910 9.999993
endloop
endfacet
facet normal 0.634387 0.773016 0.000000
outer loop
vertex -21.914154 -51.914188 1.999998
vertex -21.611078 -52.162910 9.999993
vertex -21.611078 -52.162910 1.999998
endloop
endfacet
facet normal 0.773006 0.634399 0.000000
outer loop
vertex -22.162884 -51.611115 1.999998
vertex -22.162884 -51.611115 9.999993
vertex -21.914154 -51.914188 9.999993
endloop
endfacet
facet normal 0.773006 0.634399 0.000000
outer loop
vertex -22.162884 -51.611115 1.999998
vertex -21.914154 -51.914188 9.999993
vertex -21.914154 -51.914188 1.999998
endloop
endfacet
facet normal 0.881928 0.471384 0.000000
outer loop
vertex -22.347698 -51.265339 1.999998
vertex -22.347698 -51.265339 9.999993
vertex -22.162884 -51.611115 9.999993
endloop
endfacet
facet normal 0.881928 0.471384 0.000000
outer loop
vertex -22.347698 -51.265339 1.999998
vertex -22.162884 -51.611115 9.999993
vertex -22.162884 -51.611115 1.999998
endloop
endfacet
facet normal 0.956936 0.290299 0.000000
outer loop
vertex -22.461514 -50.890160 1.999998
vertex -22.461514 -50.890160 9.999993
vertex -22.347698 -51.265339 9.999993
endloop
endfacet
facet normal 0.956936 0.290299 0.000000
outer loop
vertex -22.461514 -50.890160 1.999998
vertex -22.347698 -51.265339 9.999993
vertex -22.347698 -51.265339 1.999998
endloop
endfacet
facet normal 0.995186 0.098007 0.000000
outer loop
vertex -22.499939 -50.499977 1.999998
vertex -22.499939 -50.499977 9.999993
vertex -22.461514 -50.890160 9.999993
endloop
endfacet
facet normal 0.995186 0.098007 0.000000
outer loop
vertex -22.499939 -50.499977 1.999998
vertex -22.461514 -50.890160 9.999993
vertex -22.461514 -50.890160 1.999998
endloop
endfacet
facet normal -0.721428 0.298827 0.624695
outer loop
vertex -23.482964 -50.499977 9.999993
vertex -22.609257 -48.390663 9.999993
vertex -23.328367 -47.671555 8.825538
endloop
endfacet
facet normal -0.721429 0.298825 0.624695
outer loop
vertex -23.482964 -50.499977 9.999993
vertex -23.328367 -47.671555 8.825538
vertex -24.499941 -50.499977 8.825538
endloop
endfacet
facet normal -0.298827 0.721427 0.624696
outer loop
vertex -22.609257 -48.390663 9.999993
vertex -20.499945 -47.516953 9.999993
vertex -20.499947 -46.499969 8.825538
endloop
endfacet
facet normal -0.298829 0.721428 0.624694
outer loop
vertex -22.609257 -48.390663 9.999993
vertex -20.499947 -46.499969 8.825538
vertex -23.328367 -47.671555 8.825538
endloop
endfacet
facet normal 0.298827 0.721430 0.624693
outer loop
vertex -20.499945 -47.516953 9.999993
vertex -18.390631 -48.390659 9.999993
vertex -17.671520 -47.671551 8.825538
endloop
endfacet
facet normal 0.298827 0.721427 0.624696
outer loop
vertex -20.499945 -47.516953 9.999993
vertex -17.671520 -47.671551 8.825538
vertex -20.499947 -46.499969 8.825538
endloop
endfacet
facet normal 0.721429 0.298827 0.624695
outer loop
vertex -18.390631 -48.390659 9.999993
vertex -17.516924 -50.499973 9.999993
vertex -16.499947 -50.499973 8.825538
endloop
endfacet
facet normal 0.721430 0.298826 0.624694
outer loop
vertex -18.390631 -48.390659 9.999993
vertex -16.499947 -50.499973 8.825538
vertex -17.671520 -47.671551 8.825538
endloop
endfacet
facet normal 0.721428 -0.298825 0.624696
outer loop
vertex -17.516924 -50.499973 9.999993
vertex -18.390627 -52.609283 9.999993
vertex -17.671516 -53.328396 8.825538
endloop
endfacet
facet normal 0.721429 -0.298825 0.624695
outer loop
vertex -17.516924 -50.499973 9.999993
vertex -17.671516 -53.328396 8.825538
vertex -16.499947 -50.499973 8.825538
endloop
endfacet
facet normal 0.298828 -0.721429 0.624694
outer loop
vertex -18.390627 -52.609283 9.999993
vertex -20.499941 -53.482994 9.999993
vertex -20.499939 -54.499973 8.825538
endloop
endfacet
facet normal 0.298826 -0.721426 0.624698
outer loop
vertex -18.390627 -52.609283 9.999993
vertex -20.499939 -54.499973 8.825538
vertex -17.671516 -53.328396 8.825538
endloop
endfacet
facet normal -0.721429 -0.298827 0.624693
outer loop
vertex -24.499941 -50.499977 8.825538
vertex -23.328363 -53.328400 8.825538
vertex -22.609253 -52.609287 9.999993
endloop
endfacet
facet normal -0.721428 -0.298827 0.624696
outer loop
vertex -24.499941 -50.499977 8.825538
vertex -22.609253 -52.609287 9.999993
vertex -23.482964 -50.499977 9.999993
endloop
endfacet
facet normal -0.298826 -0.721429 0.624695
outer loop
vertex -20.499941 -53.482994 9.999993
vertex -22.609253 -52.609287 9.999993
vertex -23.328363 -53.328400 8.825538
endloop
endfacet
facet normal -0.298826 -0.721430 0.624694
outer loop
vertex -20.499941 -53.482994 9.999993
vertex -23.328363 -53.328400 8.825538
vertex -20.499939 -54.499973 8.825538
endloop
endfacet
facet normal -0.923879 -0.382685 0.000000
outer loop
vertex -23.328363 -53.328400 1.999998
vertex -23.328363 -53.328400 8.825538
vertex -24.499941 -50.499977 8.825538
endloop
endfacet
facet normal -0.923878 -0.382686 0.000000
outer loop
vertex -23.328363 -53.328400 1.999998
vertex -24.499941 -50.499977 8.825538
vertex -24.499941 -50.499977 1.999998
endloop
endfacet
facet normal -1.000000 -0.000001 0.000000
outer loop
vertex -24.499941 -50.499977 1.999998
vertex -24.499945 -46.499973 1.999998
vertex -24.499945 -46.499973 0.000000
endloop
endfacet
facet normal -1.000000 -0.000001 0.000000
outer loop
vertex -24.499941 -50.499977 1.999998
vertex -24.499945 -46.499973 0.000000
vertex -24.499941 -50.499977 0.000000
endloop
endfacet
facet normal 1.000000 0.000001 0.000000
outer loop
vertex -16.499947 -50.499973 0.000000
vertex -16.499950 -46.499969 0.000000
vertex -16.499950 -46.499969 1.999998
endloop
endfacet
facet normal 1.000000 0.000001 0.000000
outer loop
vertex -16.499947 -50.499973 0.000000
vertex -16.499950 -46.499969 1.999998
vertex -16.499947 -50.499973 1.999998
endloop
endfacet
facet normal 0.000000 0.000000 -1.000000
outer loop
vertex -23.328367 -47.671555 0.000000
vertex -24.499941 -50.499977 0.000000
vertex -24.499945 -46.499973 0.000000
endloop
endfacet
facet normal 0.000000 0.000000 -1.000000
outer loop
vertex -23.328367 -47.671555 0.000000
vertex -24.499945 -46.499973 0.000000
vertex -20.499947 -46.499969 0.000000
endloop
endfacet
facet normal 0.000000 0.000000 -1.000000
outer loop
vertex -22.347698 -51.265339 0.000000
vertex -22.461514 -50.890160 0.000000
vertex -22.499939 -50.499977 0.000000
endloop
endfacet
facet normal 0.000000 0.000000 -1.000000
outer loop
vertex -22.499939 -50.499977 0.000000
vertex -22.461514 -50.109791 0.000000
vertex -22.347698 -49.734612 0.000000
endloop
endfacet
facet normal 0.000000 0.000000 -1.000000
outer loop
vertex -22.347698 -49.734612 0.000000
vertex -22.162886 -49.388836 0.000000
vertex -21.914158 -49.085762 0.000000
endloop
endfacet
facet normal 0.000000 0.000000 -1.000000
outer loop
vertex -21.914158 -49.085762 0.000000
vertex -21.611082 -48.837040 0.000000
vertex -21.265308 -48.652222 0.000000
endloop
endfacet
facet normal 0.000000 0.000000 -1.000000
outer loop
vertex -21.265308 -48.652222 0.000000
vertex -20.890125 -48.538406 0.000000
vertex -20.499945 -48.499977 0.000000
endloop
endfacet
facet normal 0.000000 0.000000 -1.000000
outer loop
vertex -20.499945 -48.499977 0.000000
vertex -20.109762 -48.538403 0.000000
vertex -19.734581 -48.652218 0.000000
endloop
endfacet
facet normal 0.000000 0.000000 -1.000000
outer loop
vertex -19.734581 -48.652218 0.000000
vertex -19.388805 -48.837036 0.000000
vertex -19.085730 -49.085758 0.000000
endloop
endfacet
facet normal 0.000000 0.000000 -1.000000
outer loop
vertex -19.085730 -49.085758 0.000000
vertex -18.837006 -49.388832 0.000000
vertex -18.652185 -49.734608 0.000000
endloop
endfacet
facet normal 0.000000 0.000000 -1.000000
outer loop
vertex -18.652185 -49.734608 0.000000
vertex -18.538372 -50.109787 0.000000
vertex -18.499945 -50.499973 0.000000
endloop
endfacet
facet normal 0.000000 0.000000 -1.000000
outer loop
vertex -18.499945 -50.499973 0.000000
vertex -18.538372 -50.890156 0.000000
vertex -18.652185 -51.265335 0.000000
endloop
endfacet
facet normal 0.000000 0.000000 -1.000000
outer loop
vertex -18.652185 -51.265335 0.000000
vertex -18.837004 -51.611111 0.000000
vertex -19.085726 -51.914185 0.000000
endloop
endfacet
facet normal 0.000000 0.000000 -1.000000
outer loop
vertex -19.085726 -51.914185 0.000000
vertex -19.388802 -52.162907 0.000000
vertex -19.734577 -52.347729 0.000000
endloop
endfacet
facet normal 0.000000 0.000000 -1.000000
outer loop
vertex -19.734577 -52.347729 0.000000
vertex -20.109758 -52.461544 0.000000
vertex -20.499941 -52.499969 0.000000
endloop
endfacet
facet normal 0.000000 0.000000 -1.000000
outer loop
vertex -20.499941 -52.499969 0.000000
vertex -20.890121 -52.461544 0.000000
vertex -21.265305 -52.347733 0.000000
endloop
endfacet
facet normal 0.000000 0.000000 -1.000000
outer loop
vertex -21.265305 -52.347733 0.000000
vertex -21.611078 -52.162910 0.000000
vertex -21.914154 -51.914188 0.000000
endloop
endfacet
facet normal 0.000000 0.000000 -1.000000
outer loop
vertex -21.914154 -51.914188 0.000000
vertex -22.162884 -51.611115 0.000000
vertex -22.347698 -51.265339 0.000000
endloop
endfacet
facet normal 0.000000 0.000000 -1.000000
outer loop
vertex -22.347698 -51.265339 0.000000
vertex -22.499939 -50.499977 0.000000
vertex -22.347698 -49.734612 0.000000
endloop
endfacet
facet normal 0.000000 0.000000 -1.000000
outer loop
vertex -22.347698 -49.734612 0.000000
vertex -21.914158 -49.085762 0.000000
vertex -21.265308 -48.652222 0.000000
endloop
endfacet
facet normal 0.000000 0.000000 -1.000000
outer loop
vertex -21.265308 -48.652222 0.000000
vertex -20.499945 -48.499977 0.000000
vertex -19.734581 -48.652218 0.000000
endloop
endfacet
facet normal 0.000000 0.000000 -1.000000
outer loop
vertex -19.734581 -48.652218 0.000000
vertex -19.085730 -49.085758 0.000000
vertex -18.652185 -49.734608 0.000000
endloop
endfacet
facet normal 0.000000 0.000000 -1.000000
outer loop
vertex -18.652185 -49.734608 0.000000
vertex -18.499945 -50.499973 0.000000
vertex -18.652185 -51.265335 0.000000
endloop
endfacet
facet normal 0.000000 0.000000 -1.000000
outer loop
vertex -18.652185 -51.265335 0.000000
vertex -19.085726 -51.914185 0.000000
vertex -19.734577 -52.347729 0.000000
endloop
endfacet
facet normal 0.000000 0.000000 -1.000000
outer loop
vertex -19.734577 -52.347729 0.000000
vertex -20.499941 -52.499969 0.000000
vertex -21.265305 -52.347733 0.000000
endloop
endfacet
facet normal 0.000000 0.000000 -1.000000
outer loop
vertex -21.265305 -52.347733 0.000000
vertex -21.914154 -51.914188 0.000000
vertex -22.347698 -51.265339 0.000000
endloop
endfacet
facet normal 0.000000 0.000000 -1.000000
outer loop
vertex -22.347698 -51.265339 0.000000
vertex -22.347698 -49.734612 0.000000
vertex -21.265308 -48.652222 0.000000
endloop
endfacet
facet normal 0.000000 0.000000 -1.000000
outer loop
vertex -21.265308 -48.652222 0.000000
vertex -19.734581 -48.652218 0.000000
vertex -18.652185 -49.734608 0.000000
endloop
endfacet
facet normal 0.000000 0.000000 -1.000000
outer loop
vertex -18.652185 -49.734608 0.000000
vertex -18.652185 -51.265335 0.000000
vertex -19.734577 -52.347729 0.000000
endloop
endfacet
facet normal 0.000000 0.000000 -1.000000
outer loop
vertex -19.734577 -52.347729 0.000000
vertex -21.265305 -52.347733 0.000000
vertex -22.347698 -51.265339 0.000000
endloop
endfacet
facet normal 0.000000 0.000000 -1.000000
outer loop
vertex -22.347698 -51.265339 0.000000
vertex -21.265308 -48.652222 0.000000
vertex -18.652185 -49.734608 0.000000
endloop
endfacet
facet normal 0.000000 0.000000 -1.000000
outer loop
vertex -18.652185 -49.734608 0.000000
vertex -19.734577 -52.347729 0.000000
vertex -22.347698 -51.265339 0.000000
endloop
endfacet
facet normal 0.000000 0.000000 -1.000000
outer loop
vertex -16.499950 -46.499969 0.000000
vertex -16.499947 -50.499973 0.000000
vertex -17.671520 -47.671551 0.000000
endloop
endfacet
facet normal 0.000000 0.000000 -1.000000
outer loop
vertex -16.499950 -46.499969 0.000000
vertex -17.671520 -47.671551 0.000000
vertex -20.499947 -46.499969 0.000000
endloop
endfacet
facet normal 0.000000 0.000000 1.000000
outer loop
vertex -19.734581 -48.652218 1.999998
vertex -20.109762 -48.538403 1.999998
vertex -20.499945 -48.499977 1.999998
endloop
endfacet
facet normal 0.000000 0.000000 1.000000
outer loop
vertex -20.499945 -48.499977 1.999998
vertex -20.890125 -48.538406 1.999998
vertex -21.265308 -48.652222 1.999998
endloop
endfacet
facet normal -0.000002 0.000000 1.000000
outer loop
vertex -21.265308 -48.652222 1.999998
vertex -21.611082 -48.837040 1.999998
vertex -21.914158 -49.085762 1.999998
endloop
endfacet
facet normal -0.000004 0.000000 1.000000
outer loop
vertex -21.914158 -49.085762 1.999998
vertex -22.162886 -49.388836 1.999998
vertex -22.347698 -49.734612 1.999998
endloop
endfacet
facet normal 0.000000 0.000000 1.000000
outer loop
vertex -22.347698 -49.734612 1.999998
vertex -22.461514 -50.109791 1.999998
vertex -22.499939 -50.499977 1.999998
endloop
endfacet
facet normal 0.000000 0.000000 1.000000
outer loop
vertex -22.499939 -50.499977 1.999998
vertex -22.461514 -50.890160 1.999998
vertex -22.347698 -51.265339 1.999998
endloop
endfacet
facet normal -0.000004 0.000000 1.000000
outer loop
vertex -22.347698 -51.265339 1.999998
vertex -22.162884 -51.611115 1.999998
vertex -21.914154 -51.914188 1.999998
endloop
endfacet
facet normal -0.000002 0.000000 1.000000
outer loop
vertex -21.914154 -51.914188 1.999998
vertex -21.611078 -52.162910 1.999998
vertex -21.265305 -52.347733 1.999998
endloop
endfacet
facet normal 0.000000 0.000000 1.000000
outer loop
vertex -21.265305 -52.347733 1.999998
vertex -20.890121 -52.461544 1.999998
vertex -20.499941 -52.499969 1.999998
endloop
endfacet
facet normal 0.000000 0.000000 1.000000
outer loop
vertex -20.499941 -52.499969 1.999998
vertex -20.109758 -52.461544 1.999998
vertex -19.734577 -52.347729 1.999998
endloop
endfacet
facet normal 0.000002 0.000000 1.000000
outer loop
vertex -19.734577 -52.347729 1.999998
vertex -19.388802 -52.162907 1.999998
vertex -19.085726 -51.914185 1.999998
endloop
endfacet
facet normal 0.000004 0.000000 1.000000
outer loop
vertex -19.085726 -51.914185 1.999998
vertex -18.837004 -51.611111 1.999998
vertex -18.652185 -51.265335 1.999998
endloop
endfacet
facet normal 0.000000 0.000000 1.000000
outer loop
vertex -18.652185 -51.265335 1.999998
vertex -18.538372 -50.890156 1.999998
vertex -18.499945 -50.499973 1.999998
endloop
endfacet
facet normal 0.000000 0.000000 1.000000
outer loop
vertex -18.499945 -50.499973 1.999998
vertex -18.538372 -50.109787 1.999998
vertex -18.652185 -49.734608 1.999998
endloop
endfacet
facet normal 0.000004 0.000000 1.000000
outer loop
vertex -18.652185 -49.734608 1.999998
vertex -18.837006 -49.388832 1.999998
vertex -19.085730 -49.085758 1.999998
endloop
endfacet
facet normal 0.000002 0.000000 1.000000
outer loop
vertex -19.085730 -49.085758 1.999998
vertex -19.388805 -48.837036 1.999998
vertex -19.734581 -48.652218 1.999998
endloop
endfacet
facet normal 0.000000 0.000000 1.000000
outer loop
vertex -19.734581 -48.652218 1.999998
vertex -20.499945 -48.499977 1.999998
vertex -21.265308 -48.652222 1.999998
endloop
endfacet
facet normal 0.000000 0.000000 1.000000
outer loop
vertex -21.265308 -48.652222 1.999998
vertex -21.914158 -49.085762 1.999998
vertex -22.347698 -49.734612 1.999998
endloop
endfacet
facet normal 0.000000 0.000000 1.000000
outer loop
vertex -22.347698 -49.734612 1.999998
vertex -22.499939 -50.499977 1.999998
vertex -22.347698 -51.265339 1.999998
endloop
endfacet
facet normal 0.000001 0.000000 1.000000
outer loop
vertex -22.347698 -51.265339 1.999998
vertex -21.914154 -51.914188 1.999998
vertex -21.265305 -52.347733 1.999998
endloop
endfacet
facet normal 0.000000 0.000000 1.000000
outer loop
vertex -21.265305 -52.347733 1.999998
vertex -20.499941 -52.499969 1.999998
vertex -19.734577 -52.347729 1.999998
endloop
endfacet
facet normal 0.000000 0.000000 1.000000
outer loop
vertex -19.734577 -52.347729 1.999998
vertex -19.085726 -51.914185 1.999998
vertex -18.652185 -51.265335 1.999998
endloop
endfacet
facet normal 0.000000 0.000000 1.000000
outer loop
vertex -18.652185 -51.265335 1.999998
vertex -18.499945 -50.499973 1.999998
vertex -18.652185 -49.734608 1.999998
endloop
endfacet
facet normal -0.000001 0.000000 1.000000
outer loop
vertex -18.652185 -49.734608 1.999998
vertex -19.085730 -49.085758 1.999998
vertex -19.734581 -48.652218 1.999998
endloop
endfacet
facet normal 0.000000 0.000000 1.000000
outer loop
vertex -19.734581 -48.652218 1.999998
vertex -21.265308 -48.652222 1.999998
vertex -22.347698 -49.734612 1.999998
endloop
endfacet
facet normal -0.000000 0.000000 1.000000
outer loop
vertex -22.347698 -49.734612 1.999998
vertex -22.347698 -51.265339 1.999998
vertex -21.265305 -52.347733 1.999998
endloop
endfacet
facet normal 0.000000 0.000000 1.000000
outer loop
vertex -21.265305 -52.347733 1.999998
vertex -19.734577 -52.347729 1.999998
vertex -18.652185 -51.265335 1.999998
endloop
endfacet
facet normal 0.000000 0.000000 1.000000
outer loop
vertex -18.652185 -51.265335 1.999998
vertex -18.652185 -49.734608 1.999998
vertex -19.734581 -48.652218 1.999998
endloop
endfacet
facet normal 0.000000 0.000000 1.000000
outer loop
vertex -19.734581 -48.652218 1.999998
vertex -22.347698 -49.734612 1.999998
vertex -21.265305 -52.347733 1.999998
endloop
endfacet
facet normal 0.000000 0.000000 1.000000
outer loop
vertex -21.265305 -52.347733 1.999998
vertex -18.652185 -51.265335 1.999998
vertex -19.734581 -48.652218 1.999998
endloop
endfacet
facet normal -0.000000 0.000000 -1.000000
outer loop
vertex -20.499947 -46.499969 1.999998
vertex -24.499941 -50.499977 1.999998
vertex -23.328367 -47.671555 1.999998
endloop
endfacet
facet normal 0.000000 0.000000 1.000000
outer loop
vertex -20.499947 -46.499969 1.999998
vertex -24.499945 -46.499973 1.999998
vertex -24.499941 -50.499977 1.999998
endloop
endfacet
facet normal 0.000000 0.000000 1.000000
outer loop
vertex -16.499950 -46.499969 1.999998
vertex -20.499947 -46.499969 1.999998
vertex -17.671520 -47.671551 1.999998
endloop
endfacet
facet normal 0.000000 0.000000 1.000000
outer loop
vertex -16.499950 -46.499969 1.999998
vertex -17.671520 -47.671551 1.999998
vertex -16.499947 -50.499973 1.999998
endloop
endfacet
facet normal 0.000000 0.000000 1.000000
outer loop
vertex -16.499954 -40.499981 1.999998
vertex -24.499949 -40.499985 1.999998
vertex -24.499945 -46.499973 1.999998
endloop
endfacet
facet normal 0.000000 0.000000 1.000000
outer loop
vertex -20.499947 -46.499969 1.999998
vertex -16.499950 -46.499969 1.999998
vertex -16.499954 -40.499981 1.999998
endloop
endfacet
facet normal 0.000000 0.000000 1.000000
outer loop
vertex -24.499945 -46.499973 1.999998
vertex -20.499947 -46.499969 1.999998
vertex -16.499954 -40.499981 1.999998
endloop
endfacet
facet normal -1.000000 -0.000001 0.000000
outer loop
vertex -24.499945 -46.499973 0.000000
vertex -24.499945 -46.499973 1.999998
vertex -24.499949 -40.499985 1.999998
endloop
endfacet
facet normal -1.000000 -0.000001 0.000000
outer loop
vertex -24.499945 -46.499973 0.000000
vertex -24.499949 -40.499985 1.999998
vertex -24.499949 -40.499985 0.000000
endloop
endfacet
facet normal 1.000000 0.000001 0.000000
outer loop
vertex -16.499950 -46.499969 1.999998
vertex -16.499950 -46.499969 0.000000
vertex -16.499954 -40.499981 0.000000
endloop
endfacet
facet normal 1.000000 0.000001 0.000000
outer loop
vertex -16.499950 -46.499969 1.999998
vertex -16.499954 -40.499981 0.000000
vertex -16.499954 -40.499981 1.999998
endloop
endfacet
facet normal 0.000000 0.000000 -1.000000
outer loop
vertex -40.499981 16.499956 0.000000
vertex -46.499969 16.499952 0.000000
vertex -46.499969 20.499949 0.000000
endloop
endfacet
facet normal 0.000000 0.000000 -1.000000
outer loop
vertex -46.499969 20.499949 0.000000
vertex -46.499973 24.499947 0.000000
vertex -40.499985 24.499950 0.000000
endloop
endfacet
facet normal 0.000000 0.000000 -1.000000
outer loop
vertex -40.499985 24.499950 0.000000
vertex -38.499985 24.499952 0.000000
vertex -38.499981 16.499956 0.000000
endloop
endfacet
facet normal 0.000000 0.000000 -1.000000
outer loop
vertex -38.499981 16.499956 0.000000
vertex -40.499981 16.499956 0.000000
vertex -46.499969 20.499949 0.000000
endloop
endfacet
facet normal 0.000000 0.000000 -1.000000
outer loop
vertex -46.499969 20.499949 0.000000
vertex -40.499985 24.499950 0.000000
vertex -38.499981 16.499956 0.000000
endloop
endfacet
facet normal -0.923879 -0.382685 0.000000
outer loop
vertex -24.499941 -50.499977 1.999998
vertex -24.499941 -50.499977 0.000000
vertex -23.328363 -53.328400 0.000000
endloop
endfacet
facet normal -0.382683 -0.923880 0.000000
outer loop
vertex -23.328363 -53.328400 1.999998
vertex -23.328363 -53.328400 0.000000
vertex -20.499939 -54.499973 0.000000
endloop
endfacet
facet normal -0.382684 -0.923879 0.000000
outer loop
vertex -20.499939 -54.499973 1.999998
vertex -23.328363 -53.328400 1.999998
vertex -20.499939 -54.499973 0.000000
endloop
endfacet
facet normal 0.382685 -0.923879 0.000000
outer loop
vertex -17.671516 -53.328396 0.000000
vertex -20.499939 -54.499973 1.999998
vertex -20.499939 -54.499973 0.000000
endloop
endfacet
facet normal 0.382685 -0.923879 0.000000
outer loop
vertex -17.671516 -53.328396 0.000000
vertex -17.671516 -53.328396 1.999998
vertex -20.499939 -54.499973 1.999998
endloop
endfacet
facet normal 0.923880 -0.382683 0.000000
outer loop
vertex -16.499947 -50.499973 0.000000
vertex -17.671516 -53.328396 1.999998
vertex -17.671516 -53.328396 0.000000
endloop
endfacet
facet normal 0.923880 -0.382683 0.000000
outer loop
vertex -16.499947 -50.499973 0.000000
vertex -16.499947 -50.499973 1.999998
vertex -17.671516 -53.328396 1.999998
endloop
endfacet
facet normal 0.000001 0.000000 1.000000
outer loop
vertex -48.390625 -22.609333 9.999993
vertex -49.085724 -21.914232 9.999993
vertex -49.388802 -22.162956 9.999993
endloop
endfacet
facet normal 0.000000 0.000000 1.000000
outer loop
vertex -48.390625 -22.609333 9.999993
vertex -49.388802 -22.162956 9.999993
vertex -49.734573 -22.347778 9.999993
endloop
endfacet
facet normal 0.000000 0.000000 1.000000
outer loop
vertex -52.609249 -22.609339 9.999993
vertex -50.499939 -23.483042 9.999993
vertex -48.390625 -22.609333 9.999993
endloop
endfacet
facet normal 0.000000 0.000000 1.000000
outer loop
vertex -52.609253 -18.390709 9.999993
vertex -53.482964 -20.500023 9.999993
vertex -52.609249 -22.609339 9.999993
endloop
endfacet
facet normal 0.000000 0.000000 1.000000
outer loop
vertex -48.390629 -18.390705 9.999993
vertex -50.499943 -17.517002 9.999993
vertex -52.609253 -18.390709 9.999993
endloop
endfacet
facet normal 0.000000 0.000000 1.000000
outer loop
vertex -49.388805 -18.837082 9.999993
vertex -49.085728 -19.085808 9.999993
vertex -48.390629 -18.390705 9.999993
endloop
endfacet
facet normal 0.000000 0.000000 1.000000
outer loop
vertex -49.734577 -18.652264 9.999993
vertex -49.388805 -18.837082 9.999993
vertex -48.390629 -18.390705 9.999993
endloop
endfacet
facet normal 0.000000 0.000000 1.000000
outer loop
vertex -48.390625 -22.609333 9.999993
vertex -49.734573 -22.347778 9.999993
vertex -50.109756 -22.461592 9.999993
endloop
endfacet
facet normal -0.000000 0.000000 1.000000
outer loop
vertex -48.390625 -22.609333 9.999993
vertex -50.109756 -22.461592 9.999993
vertex -50.499939 -22.500019 9.999993
endloop
endfacet
facet normal 0.000000 0.000000 1.000000
outer loop
vertex -50.109760 -18.538452 9.999993
vertex -49.734577 -18.652264 9.999993
vertex -48.390629 -18.390705 9.999993
endloop
endfacet
facet normal 0.000000 0.000000 1.000000
outer loop
vertex -50.499943 -18.500023 9.999993
vertex -50.109760 -18.538452 9.999993
vertex -48.390629 -18.390705 9.999993
endloop
endfacet
facet normal 0.000000 0.000000 1.000000
outer loop
vertex -52.609249 -22.609339 9.999993
vertex -48.390625 -22.609333 9.999993
vertex -50.499939 -22.500019 9.999993
endloop
endfacet
facet normal 0.000000 0.000000 1.000000
outer loop
vertex -52.609249 -22.609339 9.999993
vertex -50.499939 -22.500019 9.999993
vertex -50.890121 -22.461592 9.999993
endloop
endfacet
facet normal -0.000000 0.000000 1.000000
outer loop
vertex -50.499943 -18.500023 9.999993
vertex -48.390629 -18.390705 9.999993
vertex -52.609253 -18.390709 9.999993
endloop
endfacet
facet normal 0.000000 0.000000 1.000000
outer loop
vertex -50.890125 -18.538452 9.999993
vertex -50.499943 -18.500023 9.999993
vertex -52.609253 -18.390709 9.999993
endloop
endfacet
facet normal 0.000000 0.000000 1.000000
outer loop
vertex -52.609249 -22.609339 9.999993
vertex -50.890121 -22.461592 9.999993
vertex -51.265305 -22.347778 9.999993
endloop
endfacet
facet normal 0.000000 0.000000 1.000000
outer loop
vertex -52.609249 -22.609339 9.999993
vertex -51.265305 -22.347778 9.999993
vertex -51.611076 -22.162958 9.999993
endloop
endfacet
facet normal 0.000000 0.000000 1.000000
outer loop
vertex -51.265308 -18.652264 9.999993
vertex -50.890125 -18.538452 9.999993
vertex -52.609253 -18.390709 9.999993
endloop
endfacet
facet normal 0.000000 0.000000 1.000000
outer loop
vertex -51.611080 -18.837084 9.999993
vertex -51.265308 -18.652264 9.999993
vertex -52.609253 -18.390709 9.999993
endloop
endfacet
facet normal -0.000001 0.000000 1.000000
outer loop
vertex -52.609249 -22.609339 9.999993
vertex -51.611076 -22.162958 9.999993
vertex -51.914150 -21.914236 9.999993
endloop
endfacet
facet normal 0.000000 0.000000 1.000000
outer loop
vertex -52.609249 -22.609339 9.999993
vertex -51.914150 -21.914236 9.999993
vertex -52.162876 -21.611164 9.999993
endloop
endfacet
facet normal 0.000000 0.000000 1.000000
outer loop
vertex -51.914154 -19.085812 9.999993
vertex -51.611080 -18.837084 9.999993
vertex -52.609253 -18.390709 9.999993
endloop
endfacet
facet normal 0.000000 0.000000 1.000000
outer loop
vertex -52.162880 -19.388884 9.999993
vertex -51.914154 -19.085812 9.999993
vertex -52.609253 -18.390709 9.999993
endloop
endfacet
facet normal 0.000003 0.000000 1.000000
outer loop
vertex -52.609249 -22.609339 9.999993
vertex -52.162876 -21.611164 9.999993
vertex -52.347694 -21.265388 9.999993
endloop
endfacet
facet normal -0.000002 0.000000 1.000000
outer loop
vertex -52.609249 -22.609339 9.999993
vertex -52.347694 -21.265388 9.999993
vertex -52.461510 -20.890202 9.999993
endloop
endfacet
facet normal 0.000006 0.000000 1.000000
outer loop
vertex -52.347698 -19.734657 9.999993
vertex -52.162880 -19.388884 9.999993
vertex -52.609253 -18.390709 9.999993
endloop
endfacet
facet normal 0.000000 0.000000 1.000000
outer loop
vertex -52.461514 -20.109842 9.999993
vertex -52.347698 -19.734657 9.999993
vertex -52.609253 -18.390709 9.999993
endloop
endfacet
facet normal 0.000012 0.000000 1.000000
outer loop
vertex -52.609249 -22.609339 9.999993
vertex -52.461510 -20.890202 9.999993
vertex -52.499939 -20.500023 9.999993
endloop
endfacet
facet normal 0.000000 0.000000 1.000000
outer loop
vertex -52.499939 -20.500023 9.999993
vertex -52.461514 -20.109842 9.999993
vertex -52.609253 -18.390709 9.999993
endloop
endfacet
facet normal 0.000000 0.000000 1.000000
outer loop
vertex -52.499939 -20.500023 9.999993
vertex -52.609253 -18.390709 9.999993
vertex -52.609249 -22.609339 9.999993
endloop
endfacet
facet normal 0.923879 -0.382685 0.000000
outer loop
vertex -46.499943 -20.500017 1.999998
vertex -46.499943 -20.500017 8.825538
vertex -47.671516 -23.328444 8.825538
endloop
endfacet
facet normal 0.923880 -0.382682 0.000000
outer loop
vertex -46.499943 -20.500017 1.999998
vertex -47.671516 -23.328444 8.825538
vertex -47.671516 -23.328444 1.999998
endloop
endfacet
facet normal 0.382684 -0.923879 0.000000
outer loop
vertex -47.671516 -23.328444 1.999998
vertex -47.671516 -23.328444 8.825538
vertex -50.499939 -24.500017 8.825538
endloop
endfacet
facet normal 0.382685 -0.923879 0.000000
outer loop
vertex -47.671516 -23.328444 1.999998
vertex -50.499939 -24.500017 8.825538
vertex -50.499939 -24.500017 1.999998
endloop
endfacet
facet normal -0.382683 -0.923880 0.000000
outer loop
vertex -50.499939 -24.500017 1.999998
vertex -50.499939 -24.500017 8.825538
vertex -53.328362 -23.328447 8.825538
endloop
endfacet
facet normal -0.382684 -0.923880 0.000000
outer loop
vertex -50.499939 -24.500017 1.999998
vertex -53.328362 -23.328447 8.825538
vertex -53.328362 -23.328447 1.999998
endloop
endfacet
facet normal -0.923879 -0.382685 0.000000
outer loop
vertex -53.328362 -23.328447 8.825538
vertex -54.499943 -20.500025 8.825538
vertex -54.499943 -20.500025 1.999998
endloop
endfacet
facet normal -0.923878 -0.382688 0.000000
outer loop
vertex -53.328362 -23.328447 8.825538
vertex -54.499943 -20.500025 1.999998
vertex -53.328362 -23.328447 1.999998
endloop
endfacet
facet normal -0.923879 0.382685 0.000000
outer loop
vertex -54.499943 -20.500025 1.999998
vertex -54.499943 -20.500025 8.825538
vertex -53.328365 -17.671600 8.825538
endloop
endfacet
facet normal -0.923879 0.382685 0.000000
outer loop
vertex -54.499943 -20.500025 1.999998
vertex -53.328365 -17.671600 8.825538
vertex -53.328365 -17.671600 1.999998
endloop
endfacet
facet normal 0.923879 0.382685 0.000000
outer loop
vertex -47.671520 -17.671597 1.999998
vertex -47.671520 -17.671597 8.825538
vertex -46.499943 -20.500017 8.825538
endloop
endfacet
facet normal 0.923879 0.382685 0.000000
outer loop
vertex -47.671520 -17.671597 1.999998
vertex -46.499943 -20.500017 8.825538
vertex -46.499943 -20.500017 1.999998
endloop
endfacet
facet normal 0.000000 0.000000 1.000000
outer loop
vertex -48.390629 -18.390705 9.999993
vertex -49.085728 -19.085808 9.999993
vertex -48.837006 -19.388880 9.999993
endloop
endfacet
facet normal -0.000003 0.000000 1.000000
outer loop
vertex -48.390629 -18.390705 9.999993
vertex -48.837006 -19.388880 9.999993
vertex -48.652187 -19.734653 9.999993
endloop
endfacet
facet normal 0.000000 0.000000 1.000000
outer loop
vertex -48.390625 -22.609333 9.999993
vertex -47.516922 -20.500019 9.999993
vertex -48.390629 -18.390705 9.999993
endloop
endfacet
facet normal 0.000000 0.000000 1.000000
outer loop
vertex -48.837002 -21.611158 9.999993
vertex -49.085724 -21.914232 9.999993
vertex -48.390625 -22.609333 9.999993
endloop
endfacet
facet normal -0.000006 0.000000 1.000000
outer loop
vertex -48.652184 -21.265387 9.999993
vertex -48.837002 -21.611158 9.999993
vertex -48.390625 -22.609333 9.999993
endloop
endfacet
facet normal 0.000002 0.000000 1.000000
outer loop
vertex -48.390629 -18.390705 9.999993
vertex -48.652187 -19.734653 9.999993
vertex -48.538372 -20.109840 9.999993
endloop
endfacet
facet normal -0.000012 0.000000 1.000000
outer loop
vertex -48.390629 -18.390705 9.999993
vertex -48.538372 -20.109840 9.999993
vertex -48.499947 -20.500019 9.999993
endloop
endfacet
facet normal 0.000000 0.000000 1.000000
outer loop
vertex -48.538368 -20.890198 9.999993
vertex -48.652184 -21.265387 9.999993
vertex -48.390625 -22.609333 9.999993
endloop
endfacet
facet normal 0.000000 0.000000 1.000000
outer loop
vertex -48.390625 -22.609333 9.999993
vertex -48.390629 -18.390705 9.999993
vertex -48.499947 -20.500019 9.999993
endloop
endfacet
facet normal 0.000000 0.000000 1.000000
outer loop
vertex -48.499947 -20.500019 9.999993
vertex -48.538368 -20.890198 9.999993
vertex -48.390625 -22.609333 9.999993
endloop
endfacet
facet normal 0.382684 0.923879 0.000000
outer loop
vertex -50.499943 -16.500025 1.999998
vertex -50.499943 -16.500025 8.825538
vertex -47.671520 -17.671597 8.825538
endloop
endfacet
facet normal 0.382683 0.923880 0.000000
outer loop
vertex -50.499943 -16.500025 1.999998
vertex -47.671520 -17.671597 8.825538
vertex -47.671520 -17.671597 1.999998
endloop
endfacet
facet normal -0.382684 0.923879 0.000000
outer loop
vertex -53.328365 -17.671600 1.999998
vertex -50.499943 -16.500025 1.999998
vertex -53.328365 -17.671600 0.000000
endloop
endfacet
facet normal 0.000000 0.000000 -1.000000
outer loop
vertex -49.388802 -22.162956 0.000000
vertex -49.085724 -21.914232 0.000000
vertex -47.671516 -23.328444 0.000000
endloop
endfacet
facet normal 0.000000 0.000000 -1.000000
outer loop
vertex -47.671516 -23.328444 0.000000
vertex -50.499939 -24.500017 0.000000
vertex -53.328362 -23.328447 0.000000
endloop
endfacet
facet normal 0.000000 0.000000 -1.000000
outer loop
vertex -53.328362 -23.328447 0.000000
vertex -54.499943 -20.500025 0.000000
vertex -53.328365 -17.671600 0.000000
endloop
endfacet
facet normal 0.000000 0.000000 -1.000000
outer loop
vertex -53.328365 -17.671600 0.000000
vertex -50.499943 -16.500025 0.000000
vertex -47.671520 -17.671597 0.000000
endloop
endfacet
facet normal 0.000000 0.000000 -1.000000
outer loop
vertex -47.671520 -17.671597 0.000000
vertex -49.085728 -19.085808 0.000000
vertex -49.388805 -18.837082 0.000000
endloop
endfacet
facet normal 0.000000 0.000000 -1.000000
outer loop
vertex -47.671520 -17.671597 0.000000
vertex -49.388805 -18.837082 0.000000
vertex -49.734577 -18.652264 0.000000
endloop
endfacet
facet normal 0.000000 0.000000 -1.000000
outer loop
vertex -49.734573 -22.347778 0.000000
vertex -49.388802 -22.162956 0.000000
vertex -47.671516 -23.328444 0.000000
endloop
endfacet
facet normal 0.000000 0.000000 -1.000000
outer loop
vertex -50.109756 -22.461592 0.000000
vertex -49.734573 -22.347778 0.000000
vertex -47.671516 -23.328444 0.000000
endloop
endfacet
facet normal 0.000000 0.000000 -1.000000
outer loop
vertex -47.671520 -17.671597 0.000000
vertex -49.734577 -18.652264 0.000000
vertex -50.109760 -18.538452 0.000000
endloop
endfacet
facet normal 0.000000 0.000000 -1.000000
outer loop
vertex -47.671520 -17.671597 0.000000
vertex -50.109760 -18.538452 0.000000
vertex -50.499943 -18.500023 0.000000
endloop
endfacet
facet normal 0.000000 0.000000 -1.000000
outer loop
vertex -50.109756 -22.461592 0.000000
vertex -47.671516 -23.328444 0.000000
vertex -53.328362 -23.328447 0.000000
endloop
endfacet
facet normal 0.000000 0.000000 -1.000000
outer loop
vertex -50.499939 -22.500019 0.000000
vertex -50.109756 -22.461592 0.000000
vertex -53.328362 -23.328447 0.000000
endloop
endfacet
facet normal 0.000000 0.000000 -1.000000
outer loop
vertex -53.328365 -17.671600 0.000000
vertex -47.671520 -17.671597 0.000000
vertex -50.499943 -18.500023 0.000000
endloop
endfacet
facet normal 0.000000 0.000000 -1.000000
outer loop
vertex -53.328365 -17.671600 0.000000
vertex -50.499943 -18.500023 0.000000
vertex -50.890125 -18.538452 0.000000
endloop
endfacet
facet normal 0.000000 0.000000 -1.000000
outer loop
vertex -50.890121 -22.461592 0.000000
vertex -50.499939 -22.500019 0.000000
vertex -53.328362 -23.328447 0.000000
endloop
endfacet
facet normal 0.000000 0.000000 -1.000000
outer loop
vertex -51.265305 -22.347778 0.000000
vertex -50.890121 -22.461592 0.000000
vertex -53.328362 -23.328447 0.000000
endloop
endfacet
facet normal 0.000000 0.000000 -1.000000
outer loop
vertex -53.328365 -17.671600 0.000000
vertex -50.890125 -18.538452 0.000000
vertex -51.265308 -18.652264 0.000000
endloop
endfacet
facet normal 0.000000 0.000000 -1.000000
outer loop
vertex -53.328365 -17.671600 0.000000
vertex -51.265308 -18.652264 0.000000
vertex -51.611080 -18.837084 0.000000
endloop
endfacet
facet normal 0.000000 0.000000 -1.000000
outer loop
vertex -51.611076 -22.162958 0.000000
vertex -51.265305 -22.347778 0.000000
vertex -53.328362 -23.328447 0.000000
endloop
endfacet
facet normal 0.000000 0.000000 -1.000000
outer loop
vertex -51.914150 -21.914236 0.000000
vertex -51.611076 -22.162958 0.000000
vertex -53.328362 -23.328447 0.000000
endloop
endfacet
facet normal 0.000000 0.000000 -1.000000
outer loop
vertex -53.328365 -17.671600 0.000000
vertex -51.611080 -18.837084 0.000000
vertex -51.914154 -19.085812 0.000000
endloop
endfacet
facet normal 0.000000 0.000000 -1.000000
outer loop
vertex -53.328365 -17.671600 0.000000
vertex -51.914154 -19.085812 0.000000
vertex -52.162880 -19.388884 0.000000
endloop
endfacet
facet normal 0.000000 0.000000 -1.000000
outer loop
vertex -52.162876 -21.611164 0.000000
vertex -51.914150 -21.914236 0.000000
vertex -53.328362 -23.328447 0.000000
endloop
endfacet
facet normal 0.000000 0.000000 -1.000000
outer loop
vertex -52.347694 -21.265388 0.000000
vertex -52.162876 -21.611164 0.000000
vertex -53.328362 -23.328447 0.000000
endloop
endfacet
facet normal 0.000000 0.000000 -1.000000
outer loop
vertex -53.328365 -17.671600 0.000000
vertex -52.162880 -19.388884 0.000000
vertex -52.347698 -19.734657 0.000000
endloop
endfacet
facet normal 0.000000 0.000000 -1.000000
outer loop
vertex -53.328365 -17.671600 0.000000
vertex -52.347698 -19.734657 0.000000
vertex -52.461514 -20.109842 0.000000
endloop
endfacet
facet normal 0.000000 0.000000 -1.000000
outer loop
vertex -52.461510 -20.890202 0.000000
vertex -52.347694 -21.265388 0.000000
vertex -53.328362 -23.328447 0.000000
endloop
endfacet
facet normal 0.000000 0.000000 -1.000000
outer loop
vertex -53.328365 -17.671600 0.000000
vertex -52.461514 -20.109842 0.000000
vertex -52.499939 -20.500023 0.000000
endloop
endfacet
facet normal 0.000000 0.000000 -1.000000
outer loop
vertex -52.499939 -20.500023 0.000000
vertex -52.461510 -20.890202 0.000000
vertex -53.328362 -23.328447 0.000000
endloop
endfacet
facet normal 0.000000 0.000000 -1.000000
outer loop
vertex -53.328362 -23.328447 0.000000
vertex -53.328365 -17.671600 0.000000
vertex -52.499939 -20.500023 0.000000
endloop
endfacet
facet normal 0.000000 0.000000 -1.000000
outer loop
vertex -48.837006 -19.388880 0.000000
vertex -49.085728 -19.085808 0.000000
vertex -47.671520 -17.671597 0.000000
endloop
endfacet
facet normal 0.000000 0.000000 -1.000000
outer loop
vertex -47.671520 -17.671597 0.000000
vertex -46.499943 -20.500017 0.000000
vertex -47.671516 -23.328444 0.000000
endloop
endfacet
facet normal 0.000000 0.000000 -1.000000
outer loop
vertex -47.671516 -23.328444 0.000000
vertex -49.085724 -21.914232 0.000000
vertex -48.837002 -21.611158 0.000000
endloop
endfacet
facet normal 0.000000 0.000000 -1.000000
outer loop
vertex -47.671516 -23.328444 0.000000
vertex -48.837002 -21.611158 0.000000
vertex -48.652184 -21.265387 0.000000
endloop
endfacet
facet normal 0.000000 0.000000 -1.000000
outer loop
vertex -48.652187 -19.734653 0.000000
vertex -48.837006 -19.388880 0.000000
vertex -47.671520 -17.671597 0.000000
endloop
endfacet
facet normal 0.000000 0.000000 -1.000000
outer loop
vertex -48.538372 -20.109840 0.000000
vertex -48.652187 -19.734653 0.000000
vertex -47.671520 -17.671597 0.000000
endloop
endfacet
facet normal 0.000000 0.000000 -1.000000
outer loop
vertex -47.671516 -23.328444 0.000000
vertex -48.652184 -21.265387 0.000000
vertex -48.538368 -20.890198 0.000000
endloop
endfacet
facet normal 0.000000 0.000000 -1.000000
outer loop
vertex -48.499947 -20.500019 0.000000
vertex -48.538372 -20.109840 0.000000
vertex -47.671520 -17.671597 0.000000
endloop
endfacet
facet normal 0.000000 0.000000 -1.000000
outer loop
vertex -47.671516 -23.328444 0.000000
vertex -48.538368 -20.890198 0.000000
vertex -48.499947 -20.500019 0.000000
endloop
endfacet
facet normal 0.000000 0.000000 -1.000000
outer loop
vertex -47.671520 -17.671597 0.000000
vertex -47.671516 -23.328444 0.000000
vertex -48.499947 -20.500019 0.000000
endloop
endfacet
facet normal -0.098016 -0.995185 0.000000
outer loop
vertex -50.109760 -18.538452 1.999998
vertex -50.109760 -18.538452 9.999993
vertex -50.499943 -18.500023 9.999993
endloop
endfacet
facet normal -0.098016 -0.995185 0.000000
outer loop
vertex -50.109760 -18.538452 1.999998
vertex -50.499943 -18.500023 9.999993
vertex -50.499943 -18.500023 1.999998
endloop
endfacet
facet normal -0.290287 -0.956940 0.000000
outer loop
vertex -49.734577 -18.652264 1.999998
vertex -49.734577 -18.652264 9.999993
vertex -50.109760 -18.538452 9.999993
endloop
endfacet
facet normal -0.290287 -0.956940 0.000000
outer loop
vertex -49.734577 -18.652264 1.999998
vertex -50.109760 -18.538452 9.999993
vertex -50.109760 -18.538452 1.999998
endloop
endfacet
facet normal -0.471403 -0.881918 0.000000
outer loop
vertex -49.388805 -18.837082 1.999998
vertex -49.388805 -18.837082 9.999993
vertex -49.734577 -18.652264 9.999993
endloop
endfacet
facet normal -0.471395 -0.881922 0.000000
outer loop
vertex -49.388805 -18.837082 1.999998
vertex -49.734577 -18.652264 9.999993
vertex -49.734577 -18.652264 1.999998
endloop
endfacet
facet normal -0.634388 -0.773015 0.000000
outer loop
vertex -49.085728 -19.085808 1.999998
vertex -49.085728 -19.085808 9.999993
vertex -49.388805 -18.837082 9.999993
endloop
endfacet
facet normal -0.634388 -0.773015 0.000000
outer loop
vertex -49.085728 -19.085808 1.999998
vertex -49.388805 -18.837082 9.999993
vertex -49.388805 -18.837082 1.999998
endloop
endfacet
facet normal -0.773018 -0.634384 0.000000
outer loop
vertex -48.837006 -19.388880 1.999998
vertex -48.837006 -19.388880 9.999993
vertex -49.085728 -19.085808 9.999993
endloop
endfacet
facet normal -0.773009 -0.634395 0.000000
outer loop
vertex -48.837006 -19.388880 1.999998
vertex -49.085728 -19.085808 9.999993
vertex -49.085728 -19.085808 1.999998
endloop
endfacet
facet normal -0.881919 -0.471401 0.000000
outer loop
vertex -48.652187 -19.734653 1.999998
vertex -48.652187 -19.734653 9.999993
vertex -48.837006 -19.388880 9.999993
endloop
endfacet
facet normal -0.881927 -0.471386 0.000000
outer loop
vertex -48.652187 -19.734653 1.999998
vertex -48.837006 -19.388880 9.999993
vertex -48.837006 -19.388880 1.999998
endloop
endfacet
facet normal -0.956938 -0.290293 0.000000
outer loop
vertex -48.538372 -20.109840 1.999998
vertex -48.538372 -20.109840 9.999993
vertex -48.652187 -19.734653 9.999993
endloop
endfacet
facet normal -0.956938 -0.290293 0.000000
outer loop
vertex -48.538372 -20.109840 1.999998
vertex -48.652187 -19.734653 9.999993
vertex -48.652187 -19.734653 1.999998
endloop
endfacet
facet normal -0.995187 -0.097998 0.000000
outer loop
vertex -48.499947 -20.500019 1.999998
vertex -48.499947 -20.500019 9.999993
vertex -48.538372 -20.109840 9.999993
endloop
endfacet
facet normal -0.995185 -0.098017 0.000000
outer loop
vertex -48.499947 -20.500019 1.999998
vertex -48.538372 -20.109840 9.999993
vertex -48.538372 -20.109840 1.999998
endloop
endfacet
facet normal -0.995187 0.097998 0.000000
outer loop
vertex -48.538368 -20.890198 1.999998
vertex -48.538368 -20.890198 9.999993
vertex -48.499947 -20.500019 9.999993
endloop
endfacet
facet normal -0.995187 0.097998 0.000000
outer loop
vertex -48.538368 -20.890198 1.999998
vertex -48.499947 -20.500019 9.999993
vertex -48.499947 -20.500019 1.999998
endloop
endfacet
facet normal -0.956938 0.290292 0.000000
outer loop
vertex -48.652184 -21.265387 1.999998
vertex -48.652184 -21.265387 9.999993
vertex -48.538368 -20.890198 9.999993
endloop
endfacet
facet normal -0.956938 0.290292 0.000000
outer loop
vertex -48.652184 -21.265387 1.999998
vertex -48.538368 -20.890198 9.999993
vertex -48.538368 -20.890198 1.999998
endloop
endfacet
facet normal -0.881918 0.471403 0.000000
outer loop
vertex -48.837002 -21.611158 1.999998
vertex -48.837002 -21.611158 9.999993
vertex -48.652184 -21.265387 9.999993
endloop
endfacet
facet normal -0.881926 0.471388 0.000000
outer loop
vertex -48.837002 -21.611158 1.999998
vertex -48.652184 -21.265387 9.999993
vertex -48.652184 -21.265387 1.999998
endloop
endfacet
facet normal -0.773020 0.634381 0.000000
outer loop
vertex -49.085724 -21.914232 1.999998
vertex -49.085724 -21.914232 9.999993
vertex -48.837002 -21.611158 9.999993
endloop
endfacet
facet normal -0.773011 0.634393 0.000000
outer loop
vertex -49.085724 -21.914232 1.999998
vertex -48.837002 -21.611158 9.999993
vertex -48.837002 -21.611158 1.999998
endloop
endfacet
facet normal -0.634385 0.773017 0.000000
outer loop
vertex -49.388802 -22.162956 1.999998
vertex -49.388802 -22.162956 9.999993
vertex -49.085724 -21.914232 9.999993
endloop
endfacet
facet normal -0.634385 0.773017 0.000000
outer loop
vertex -49.388802 -22.162956 1.999998
vertex -49.085724 -21.914232 9.999993
vertex -49.085724 -21.914232 1.999998
endloop
endfacet
facet normal -0.471403 0.881918 0.000000
outer loop
vertex -49.734573 -22.347778 1.999998
vertex -49.734573 -22.347778 9.999993
vertex -49.388802 -22.162956 9.999993
endloop
endfacet
facet normal -0.471411 0.881914 0.000000
outer loop
vertex -49.734573 -22.347778 1.999998
vertex -49.388802 -22.162956 9.999993
vertex -49.388802 -22.162956 1.999998
endloop
endfacet
facet normal -0.290291 0.956938 0.000000
outer loop
vertex -50.109756 -22.461592 1.999998
vertex -50.109756 -22.461592 9.999993
vertex -49.734573 -22.347778 9.999993
endloop
endfacet
facet normal -0.290291 0.956938 0.000000
outer loop
vertex -50.109756 -22.461592 1.999998
vertex -49.734573 -22.347778 9.999993
vertex -49.734573 -22.347778 1.999998
endloop
endfacet
facet normal -0.098011 0.995185 0.000000
outer loop
vertex -50.499939 -22.500019 1.999998
vertex -50.499939 -22.500019 9.999993
vertex -50.109756 -22.461592 9.999993
endloop
endfacet
facet normal -0.098011 0.995185 0.000000
outer loop
vertex -50.499939 -22.500019 1.999998
vertex -50.109756 -22.461592 9.999993
vertex -50.109756 -22.461592 1.999998
endloop
endfacet
facet normal 0.098011 0.995185 0.000000
outer loop
vertex -50.890121 -22.461592 1.999998
vertex -50.890121 -22.461592 9.999993
vertex -50.499939 -22.500019 9.999993
endloop
endfacet
facet normal 0.098011 0.995185 0.000000
outer loop
vertex -50.890121 -22.461592 1.999998
vertex -50.499939 -22.500019 9.999993
vertex -50.499939 -22.500019 1.999998
endloop
endfacet
facet normal 0.290291 0.956938 0.000000
outer loop
vertex -51.265305 -22.347778 1.999998
vertex -51.265305 -22.347778 9.999993
vertex -50.890121 -22.461592 9.999993
endloop
endfacet
facet normal 0.290291 0.956938 0.000000
outer loop
vertex -51.265305 -22.347778 1.999998
vertex -50.890121 -22.461592 9.999993
vertex -50.890121 -22.461592 1.999998
endloop
endfacet
facet normal 0.471399 0.881920 0.000000
outer loop
vertex -51.611076 -22.162958 1.999998
vertex -51.611076 -22.162958 9.999993
vertex -51.265305 -22.347778 9.999993
endloop
endfacet
facet normal 0.471399 0.881920 0.000000
outer loop
vertex -51.611076 -22.162958 1.999998
vertex -51.265305 -22.347778 9.999993
vertex -51.265305 -22.347778 1.999998
endloop
endfacet
facet normal 0.634382 0.773020 0.000000
outer loop
vertex -51.914150 -21.914236 1.999998
vertex -51.914150 -21.914236 9.999993
vertex -51.611076 -22.162958 9.999993
endloop
endfacet
facet normal 0.634391 0.773012 0.000000
outer loop
vertex -51.914150 -21.914236 1.999998
vertex -51.611076 -22.162958 9.999993
vertex -51.611076 -22.162958 1.999998
endloop
endfacet
facet normal 0.773009 0.634395 0.000000
outer loop
vertex -52.162876 -21.611164 1.999998
vertex -52.162876 -21.611164 9.999993
vertex -51.914150 -21.914236 9.999993
endloop
endfacet
facet normal 0.773009 0.634395 0.000000
outer loop
vertex -52.162876 -21.611164 1.999998
vertex -51.914150 -21.914236 9.999993
vertex -51.914150 -21.914236 1.999998
endloop
endfacet
facet normal 0.881928 0.471384 0.000000
outer loop
vertex -52.347694 -21.265388 1.999998
vertex -52.347694 -21.265388 9.999993
vertex -52.162876 -21.611164 9.999993
endloop
endfacet
facet normal 0.881920 0.471399 0.000000
outer loop
vertex -52.347694 -21.265388 1.999998
vertex -52.162876 -21.611164 9.999993
vertex -52.162876 -21.611164 1.999998
endloop
endfacet
facet normal 0.956938 0.290293 0.000000
outer loop
vertex -52.461510 -20.890202 1.999998
vertex -52.461510 -20.890202 9.999993
vertex -52.347694 -21.265388 9.999993
endloop
endfacet
facet normal 0.956938 0.290293 0.000000
outer loop
vertex -52.461510 -20.890202 1.999998
vertex -52.347694 -21.265388 9.999993
vertex -52.347694 -21.265388 1.999998
endloop
endfacet
facet normal 0.995185 0.098017 0.000000
outer loop
vertex -52.499939 -20.500023 1.999998
vertex -52.499939 -20.500023 9.999993
vertex -52.461510 -20.890202 9.999993
endloop
endfacet
facet normal 0.995185 0.098017 0.000000
outer loop
vertex -52.499939 -20.500023 1.999998
vertex -52.461510 -20.890202 9.999993
vertex -52.461510 -20.890202 1.999998
endloop
endfacet
facet normal 0.995185 -0.098017 0.000000
outer loop
vertex -52.461514 -20.109842 1.999998
vertex -52.461514 -20.109842 9.999993
vertex -52.499939 -20.500023 9.999993
endloop
endfacet
facet normal 0.995187 -0.097997 0.000000
outer loop
vertex -52.461514 -20.109842 1.999998
vertex -52.499939 -20.500023 9.999993
vertex -52.499939 -20.500023 1.999998
endloop
endfacet
facet normal 0.956937 -0.290295 0.000000
outer loop
vertex -52.347698 -19.734657 1.999998
vertex -52.347698 -19.734657 9.999993
vertex -52.461514 -20.109842 9.999993
endloop
endfacet
facet normal 0.956937 -0.290295 0.000000
outer loop
vertex -52.347698 -19.734657 1.999998
vertex -52.461514 -20.109842 9.999993
vertex -52.461514 -20.109842 1.999998
endloop
endfacet
facet normal 0.881927 -0.471386 0.000000
outer loop
vertex -52.162880 -19.388884 1.999998
vertex -52.162880 -19.388884 9.999993
vertex -52.347698 -19.734657 9.999993
endloop
endfacet
facet normal 0.881919 -0.471401 0.000000
outer loop
vertex -52.162880 -19.388884 1.999998
vertex -52.347698 -19.734657 9.999993
vertex -52.347698 -19.734657 1.999998
endloop
endfacet
facet normal 0.773009 -0.634395 0.000000
outer loop
vertex -51.914154 -19.085812 1.999998
vertex -51.914154 -19.085812 9.999993
vertex -52.162880 -19.388884 9.999993
endloop
endfacet
facet normal 0.773009 -0.634395 0.000000
outer loop
vertex -51.914154 -19.085812 1.999998
vertex -52.162880 -19.388884 9.999993
vertex -52.162880 -19.388884 1.999998
endloop
endfacet
facet normal 0.634391 -0.773013 0.000000
outer loop
vertex -51.611080 -18.837084 1.999998
vertex -51.611080 -18.837084 9.999993
vertex -51.914154 -19.085812 9.999993
endloop
endfacet
facet normal 0.634400 -0.773005 0.000000
outer loop
vertex -51.611080 -18.837084 1.999998
vertex -51.914154 -19.085812 9.999993
vertex -51.914154 -19.085812 1.999998
endloop
endfacet
facet normal 0.471399 -0.881920 0.000000
outer loop
vertex -51.265308 -18.652264 1.999998
vertex -51.265308 -18.652264 9.999993
vertex -51.611080 -18.837084 9.999993
endloop
endfacet
facet normal 0.471399 -0.881920 0.000000
outer loop
vertex -51.265308 -18.652264 1.999998
vertex -51.611080 -18.837084 9.999993
vertex -51.611080 -18.837084 1.999998
endloop
endfacet
facet normal 0.290287 -0.956940 0.000000
outer loop
vertex -50.890125 -18.538452 1.999998
vertex -50.890125 -18.538452 9.999993
vertex -51.265308 -18.652264 9.999993
endloop
endfacet
facet normal 0.290287 -0.956940 0.000000
outer loop
vertex -50.890125 -18.538452 1.999998
vertex -51.265308 -18.652264 9.999993
vertex -51.265308 -18.652264 1.999998
endloop
endfacet
facet normal 0.098016 -0.995185 0.000000
outer loop
vertex -50.499943 -18.500023 1.999998
vertex -50.499943 -18.500023 9.999993
vertex -50.890125 -18.538452 9.999993
endloop
endfacet
facet normal 0.098016 -0.995185 0.000000
outer loop
vertex -50.499943 -18.500023 1.999998
vertex -50.890125 -18.538452 9.999993
vertex -50.890125 -18.538452 1.999998
endloop
endfacet
facet normal 0.298825 0.721430 0.624693
outer loop
vertex -50.499943 -17.517002 9.999993
vertex -48.390629 -18.390705 9.999993
vertex -47.671520 -17.671597 8.825538
endloop
endfacet
facet normal 0.298826 0.721429 0.624695
outer loop
vertex -50.499943 -17.517002 9.999993
vertex -47.671520 -17.671597 8.825538
vertex -50.499943 -16.500025 8.825538
endloop
endfacet
facet normal 0.721428 0.298828 0.624695
outer loop
vertex -48.390629 -18.390705 9.999993
vertex -47.516922 -20.500019 9.999993
vertex -46.499943 -20.500017 8.825538
endloop
endfacet
facet normal 0.721429 0.298826 0.624695
outer loop
vertex -48.390629 -18.390705 9.999993
vertex -46.499943 -20.500017 8.825538
vertex -47.671520 -17.671597 8.825538
endloop
endfacet
facet normal 0.721431 -0.298825 0.624693
outer loop
vertex -47.516922 -20.500019 9.999993
vertex -48.390625 -22.609333 9.999993
vertex -47.671516 -23.328444 8.825538
endloop
endfacet
facet normal 0.721428 -0.298827 0.624695
outer loop
vertex -47.516922 -20.500019 9.999993
vertex -47.671516 -23.328444 8.825538
vertex -46.499943 -20.500017 8.825538
endloop
endfacet
facet normal 0.298827 -0.721429 0.624694
outer loop
vertex -48.390625 -22.609333 9.999993
vertex -50.499939 -23.483042 9.999993
vertex -50.499939 -24.500017 8.825538
endloop
endfacet
facet normal 0.298827 -0.721429 0.624694
outer loop
vertex -48.390625 -22.609333 9.999993
vertex -50.499939 -24.500017 8.825538
vertex -47.671516 -23.328444 8.825538
endloop
endfacet
facet normal -0.298826 -0.721431 0.624693
outer loop
vertex -50.499939 -23.483042 9.999993
vertex -52.609249 -22.609339 9.999993
vertex -53.328362 -23.328447 8.825538
endloop
endfacet
facet normal -0.298824 -0.721428 0.624696
outer loop
vertex -50.499939 -23.483042 9.999993
vertex -53.328362 -23.328447 8.825538
vertex -50.499939 -24.500017 8.825538
endloop
endfacet
facet normal -0.721428 -0.298827 0.624696
outer loop
vertex -52.609249 -22.609339 9.999993
vertex -53.482964 -20.500023 9.999993
vertex -54.499943 -20.500025 8.825538
endloop
endfacet
facet normal -0.721427 -0.298829 0.624695
outer loop
vertex -52.609249 -22.609339 9.999993
vertex -54.499943 -20.500025 8.825538
vertex -53.328362 -23.328447 8.825538
endloop
endfacet
facet normal -0.298827 0.721429 0.624694
outer loop
vertex -50.499943 -16.500025 8.825538
vertex -53.328365 -17.671600 8.825538
vertex -52.609253 -18.390709 9.999993
endloop
endfacet
facet normal -0.298826 0.721427 0.624696
outer loop
vertex -50.499943 -16.500025 8.825538
vertex -52.609253 -18.390709 9.999993
vertex -50.499943 -17.517002 9.999993
endloop
endfacet
facet normal -0.721429 0.298824 0.624695
outer loop
vertex -53.482964 -20.500023 9.999993
vertex -52.609253 -18.390709 9.999993
vertex -53.328365 -17.671600 8.825538
endloop
endfacet
facet normal -0.721428 0.298829 0.624695
outer loop
vertex -53.482964 -20.500023 9.999993
vertex -53.328365 -17.671600 8.825538
vertex -54.499943 -20.500025 8.825538
endloop
endfacet
facet normal -0.382685 0.923879 0.000000
outer loop
vertex -53.328365 -17.671600 1.999998
vertex -53.328365 -17.671600 8.825538
vertex -50.499943 -16.500025 8.825538
endloop
endfacet
facet normal -0.382684 0.923879 0.000000
outer loop
vertex -53.328365 -17.671600 1.999998
vertex -50.499943 -16.500025 8.825538
vertex -50.499943 -16.500025 1.999998
endloop
endfacet
facet normal -0.000001 1.000000 0.000000
outer loop
vertex -50.499943 -16.500025 1.999998
vertex -46.499943 -16.500021 1.999998
vertex -46.499943 -16.500021 0.000000
endloop
endfacet
facet normal -0.000001 1.000000 0.000000
outer loop
vertex -50.499943 -16.500025 1.999998
vertex -46.499943 -16.500021 0.000000
vertex -50.499943 -16.500025 0.000000
endloop
endfacet
facet normal 0.000001 -1.000000 0.000000
outer loop
vertex -50.499939 -24.500017 0.000000
vertex -46.499947 -24.500013 0.000000
vertex -46.499947 -24.500013 1.999998
endloop
endfacet
facet normal 0.000001 -1.000000 0.000000
outer loop
vertex -50.499939 -24.500017 0.000000
vertex -46.499947 -24.500013 1.999998
vertex -50.499939 -24.500017 1.999998
endloop
endfacet
facet normal 0.000000 0.000000 -1.000000
outer loop
vertex -47.671520 -17.671597 0.000000
vertex -50.499943 -16.500025 0.000000
vertex -46.499943 -16.500021 0.000000
endloop
endfacet
facet normal 0.000000 0.000000 -1.000000
outer loop
vertex -47.671520 -17.671597 0.000000
vertex -46.499943 -16.500021 0.000000
vertex -46.499943 -20.500017 0.000000
endloop
endfacet
facet normal 0.000000 0.000000 -1.000000
outer loop
vertex -50.890125 -18.538452 0.000000
vertex -50.499943 -18.500023 0.000000
vertex -50.109760 -18.538452 0.000000
endloop
endfacet
facet normal 0.000000 0.000000 -1.000000
outer loop
vertex -50.109760 -18.538452 0.000000
vertex -49.734577 -18.652264 0.000000
vertex -49.388805 -18.837082 0.000000
endloop
endfacet
facet normal 0.000000 0.000000 -1.000000
outer loop
vertex -49.388805 -18.837082 0.000000
vertex -49.085728 -19.085808 0.000000
vertex -48.837006 -19.388880 0.000000
endloop
endfacet
facet normal 0.000000 0.000000 -1.000000
outer loop
vertex -48.837006 -19.388880 0.000000
vertex -48.652187 -19.734653 0.000000
vertex -48.538372 -20.109840 0.000000
endloop
endfacet
facet normal 0.000000 0.000000 -1.000000
outer loop
vertex -48.538372 -20.109840 0.000000
vertex -48.499947 -20.500019 0.000000
vertex -48.538368 -20.890198 0.000000
endloop
endfacet
facet normal 0.000000 0.000000 -1.000000
outer loop
vertex -48.538368 -20.890198 0.000000
vertex -48.652184 -21.265387 0.000000
vertex -48.837002 -21.611158 0.000000
endloop
endfacet
facet normal 0.000000 0.000000 -1.000000
outer loop
vertex -48.837002 -21.611158 0.000000
vertex -49.085724 -21.914232 0.000000
vertex -49.388802 -22.162956 0.000000
endloop
endfacet
facet normal 0.000000 0.000000 -1.000000
outer loop
vertex -49.388802 -22.162956 0.000000
vertex -49.734573 -22.347778 0.000000
vertex -50.109756 -22.461592 0.000000
endloop
endfacet
facet normal 0.000000 0.000000 -1.000000
outer loop
vertex -50.109756 -22.461592 0.000000
vertex -50.499939 -22.500019 0.000000
vertex -50.890121 -22.461592 0.000000
endloop
endfacet
facet normal 0.000000 0.000000 -1.000000
outer loop
vertex -50.890121 -22.461592 0.000000
vertex -51.265305 -22.347778 0.000000
vertex -51.611076 -22.162958 0.000000
endloop
endfacet
facet normal 0.000000 0.000000 -1.000000
outer loop
vertex -51.611076 -22.162958 0.000000
vertex -51.914150 -21.914236 0.000000
vertex -52.162876 -21.611164 0.000000
endloop
endfacet
facet normal 0.000000 0.000000 -1.000000
outer loop
vertex -52.162876 -21.611164 0.000000
vertex -52.347694 -21.265388 0.000000
vertex -52.461510 -20.890202 0.000000
endloop
endfacet
facet normal 0.000000 0.000000 -1.000000
outer loop
vertex -52.461510 -20.890202 0.000000
vertex -52.499939 -20.500023 0.000000
vertex -52.461514 -20.109842 0.000000
endloop
endfacet
facet normal 0.000000 0.000000 -1.000000
outer loop
vertex -52.461514 -20.109842 0.000000
vertex -52.347698 -19.734657 0.000000
vertex -52.162880 -19.388884 0.000000
endloop
endfacet
facet normal 0.000000 0.000000 -1.000000
outer loop
vertex -52.162880 -19.388884 0.000000
vertex -51.914154 -19.085812 0.000000
vertex -51.611080 -18.837084 0.000000
endloop
endfacet
facet normal 0.000000 0.000000 -1.000000
outer loop
vertex -51.611080 -18.837084 0.000000
vertex -51.265308 -18.652264 0.000000
vertex -50.890125 -18.538452 0.000000
endloop
endfacet
facet normal 0.000000 0.000000 -1.000000
outer loop
vertex -50.890125 -18.538452 0.000000
vertex -50.109760 -18.538452 0.000000
vertex -49.388805 -18.837082 0.000000
endloop
endfacet
facet normal 0.000000 0.000000 -1.000000
outer loop
vertex -49.388805 -18.837082 0.000000
vertex -48.837006 -19.388880 0.000000
vertex -48.538372 -20.109840 0.000000
endloop
endfacet
facet normal 0.000000 0.000000 -1.000000
outer loop
vertex -48.538372 -20.109840 0.000000
vertex -48.538368 -20.890198 0.000000
vertex -48.837002 -21.611158 0.000000
endloop
endfacet
facet normal 0.000000 0.000000 -1.000000
outer loop
vertex -48.837002 -21.611158 0.000000
vertex -49.388802 -22.162956 0.000000
vertex -50.109756 -22.461592 0.000000
endloop
endfacet
facet normal 0.000000 0.000000 -1.000000
outer loop
vertex -50.109756 -22.461592 0.000000
vertex -50.890121 -22.461592 0.000000
vertex -51.611076 -22.162958 0.000000
endloop
endfacet
facet normal 0.000000 0.000000 -1.000000
outer loop
vertex -51.611076 -22.162958 0.000000
vertex -52.162876 -21.611164 0.000000
vertex -52.461510 -20.890202 0.000000
endloop
endfacet
facet normal 0.000000 0.000000 -1.000000
outer loop
vertex -52.461510 -20.890202 0.000000
vertex -52.461514 -20.109842 0.000000
vertex -52.162880 -19.388884 0.000000
endloop
endfacet
facet normal 0.000000 0.000000 -1.000000
outer loop
vertex -52.162880 -19.388884 0.000000
vertex -51.611080 -18.837084 0.000000
vertex -50.890125 -18.538452 0.000000
endloop
endfacet
facet normal 0.000000 0.000000 -1.000000
outer loop
vertex -50.890125 -18.538452 0.000000
vertex -49.388805 -18.837082 0.000000
vertex -48.538372 -20.109840 0.000000
endloop
endfacet
facet normal 0.000000 0.000000 -1.000000
outer loop
vertex -48.538372 -20.109840 0.000000
vertex -48.837002 -21.611158 0.000000
vertex -50.109756 -22.461592 0.000000
endloop
endfacet
facet normal 0.000000 0.000000 -1.000000
outer loop
vertex -50.109756 -22.461592 0.000000
vertex -51.611076 -22.162958 0.000000
vertex -52.461510 -20.890202 0.000000
endloop
endfacet
facet normal 0.000000 0.000000 -1.000000
outer loop
vertex -52.461510 -20.890202 0.000000
vertex -52.162880 -19.388884 0.000000
vertex -50.890125 -18.538452 0.000000
endloop
endfacet
facet normal 0.000000 0.000000 -1.000000
outer loop
vertex -50.890125 -18.538452 0.000000
vertex -48.538372 -20.109840 0.000000
vertex -50.109756 -22.461592 0.000000
endloop
endfacet
facet normal 0.000000 0.000000 -1.000000
outer loop
vertex -50.109756 -22.461592 0.000000
vertex -52.461510 -20.890202 0.000000
vertex -50.890125 -18.538452 0.000000
endloop
endfacet
facet normal 0.000000 0.000000 -1.000000
outer loop
vertex -46.499947 -24.500013 0.000000
vertex -50.499939 -24.500017 0.000000
vertex -47.671516 -23.328444 0.000000
endloop
endfacet
facet normal 0.000000 0.000000 -1.000000
outer loop
vertex -46.499947 -24.500013 0.000000
vertex -47.671516 -23.328444 0.000000
vertex -46.499943 -20.500017 0.000000
endloop
endfacet
facet normal 0.000000 0.000000 1.000000
outer loop
vertex -49.734577 -18.652264 1.999998
vertex -50.109760 -18.538452 1.999998
vertex -50.499943 -18.500023 1.999998
endloop
endfacet
facet normal 0.000000 0.000000 1.000000
outer loop
vertex -50.499943 -18.500023 1.999998
vertex -50.890125 -18.538452 1.999998
vertex -51.265308 -18.652264 1.999998
endloop
endfacet
facet normal -0.000002 0.000000 1.000000
outer loop
vertex -51.265308 -18.652264 1.999998
vertex -51.611080 -18.837084 1.999998
vertex -51.914154 -19.085812 1.999998
endloop
endfacet
facet normal -0.000004 0.000000 1.000000
outer loop
vertex -51.914154 -19.085812 1.999998
vertex -52.162880 -19.388884 1.999998
vertex -52.347698 -19.734657 1.999998
endloop
endfacet
facet normal 0.000000 0.000000 1.000000
outer loop
vertex -52.347698 -19.734657 1.999998
vertex -52.461514 -20.109842 1.999998
vertex -52.499939 -20.500023 1.999998
endloop
endfacet
facet normal 0.000000 0.000000 1.000000
outer loop
vertex -52.499939 -20.500023 1.999998
vertex -52.461510 -20.890202 1.999998
vertex -52.347694 -21.265388 1.999998
endloop
endfacet
facet normal -0.000004 0.000000 1.000000
outer loop
vertex -52.347694 -21.265388 1.999998
vertex -52.162876 -21.611164 1.999998
vertex -51.914150 -21.914236 1.999998
endloop
endfacet
facet normal -0.000002 0.000000 1.000000
outer loop
vertex -51.914150 -21.914236 1.999998
vertex -51.611076 -22.162958 1.999998
vertex -51.265305 -22.347778 1.999998
endloop
endfacet
facet normal 0.000000 0.000000 1.000000
outer loop
vertex -51.265305 -22.347778 1.999998
vertex -50.890121 -22.461592 1.999998
vertex -50.499939 -22.500019 1.999998
endloop
endfacet
facet normal 0.000000 0.000000 1.000000
outer loop
vertex -50.499939 -22.500019 1.999998
vertex -50.109756 -22.461592 1.999998
vertex -49.734573 -22.347778 1.999998
endloop
endfacet
facet normal 0.000002 0.000000 1.000000
outer loop
vertex -49.734573 -22.347778 1.999998
vertex -49.388802 -22.162956 1.999998
vertex -49.085724 -21.914232 1.999998
endloop
endfacet
facet normal 0.000004 0.000000 1.000000
outer loop
vertex -49.085724 -21.914232 1.999998
vertex -48.837002 -21.611158 1.999998
vertex -48.652184 -21.265387 1.999998
endloop
endfacet
facet normal 0.000000 0.000000 1.000000
outer loop
vertex -48.652184 -21.265387 1.999998
vertex -48.538368 -20.890198 1.999998
vertex -48.499947 -20.500019 1.999998
endloop
endfacet
facet normal 0.000000 0.000000 1.000000
outer loop
vertex -48.499947 -20.500019 1.999998
vertex -48.538372 -20.109840 1.999998
vertex -48.652187 -19.734653 1.999998
endloop
endfacet
facet normal 0.000004 0.000000 1.000000
outer loop
vertex -48.652187 -19.734653 1.999998
vertex -48.837006 -19.388880 1.999998
vertex -49.085728 -19.085808 1.999998
endloop
endfacet
facet normal 0.000002 0.000000 1.000000
outer loop
vertex -49.085728 -19.085808 1.999998
vertex -49.388805 -18.837082 1.999998
vertex -49.734577 -18.652264 1.999998
endloop
endfacet
facet normal 0.000000 0.000000 1.000000
outer loop
vertex -49.734577 -18.652264 1.999998
vertex -50.499943 -18.500023 1.999998
vertex -51.265308 -18.652264 1.999998
endloop
endfacet
facet normal 0.000000 0.000000 1.000000
outer loop
vertex -51.265308 -18.652264 1.999998
vertex -51.914154 -19.085812 1.999998
vertex -52.347698 -19.734657 1.999998
endloop
endfacet
facet normal 0.000000 0.000000 1.000000
outer loop
vertex -52.347698 -19.734657 1.999998
vertex -52.499939 -20.500023 1.999998
vertex -52.347694 -21.265388 1.999998
endloop
endfacet
facet normal 0.000001 0.000000 1.000000
outer loop
vertex -52.347694 -21.265388 1.999998
vertex -51.914150 -21.914236 1.999998
vertex -51.265305 -22.347778 1.999998
endloop
endfacet
facet normal 0.000000 0.000000 1.000000
outer loop
vertex -51.265305 -22.347778 1.999998
vertex -50.499939 -22.500019 1.999998
vertex -49.734573 -22.347778 1.999998
endloop
endfacet
facet normal 0.000000 0.000000 1.000000
outer loop
vertex -49.734573 -22.347778 1.999998
vertex -49.085724 -21.914232 1.999998
vertex -48.652184 -21.265387 1.999998
endloop
endfacet
facet normal 0.000000 0.000000 1.000000
outer loop
vertex -48.652184 -21.265387 1.999998
vertex -48.499947 -20.500019 1.999998
vertex -48.652187 -19.734653 1.999998
endloop
endfacet
facet normal -0.000001 0.000000 1.000000
outer loop
vertex -48.652187 -19.734653 1.999998
vertex -49.085728 -19.085808 1.999998
vertex -49.734577 -18.652264 1.999998
endloop
endfacet
facet normal 0.000000 0.000000 1.000000
outer loop
vertex -49.734577 -18.652264 1.999998
vertex -51.265308 -18.652264 1.999998
vertex -52.347698 -19.734657 1.999998
endloop
endfacet
facet normal -0.000000 0.000000 1.000000
outer loop
vertex -52.347698 -19.734657 1.999998
vertex -52.347694 -21.265388 1.999998
vertex -51.265305 -22.347778 1.999998
endloop
endfacet
facet normal 0.000000 0.000000 1.000000
outer loop
vertex -51.265305 -22.347778 1.999998
vertex -49.734573 -22.347778 1.999998
vertex -48.652184 -21.265387 1.999998
endloop
endfacet
facet normal 0.000000 0.000000 1.000000
outer loop
vertex -48.652184 -21.265387 1.999998
vertex -48.652187 -19.734653 1.999998
vertex -49.734577 -18.652264 1.999998
endloop
endfacet
facet normal 0.000000 0.000000 1.000000
outer loop
vertex -49.734577 -18.652264 1.999998
vertex -52.347698 -19.734657 1.999998
vertex -51.265305 -22.347778 1.999998
endloop
endfacet
facet normal 0.000000 0.000000 1.000000
outer loop
vertex -51.265305 -22.347778 1.999998
vertex -48.652184 -21.265387 1.999998
vertex -49.734577 -18.652264 1.999998
endloop
endfacet
facet normal -0.000000 0.000000 1.000000
outer loop
vertex -46.499943 -20.500017 1.999998
vertex -46.499943 -16.500021 1.999998
vertex -50.499943 -16.500025 1.999998
endloop
endfacet
facet normal 0.000000 0.000000 -1.000000
outer loop
vertex -46.499943 -20.500017 1.999998
vertex -50.499943 -16.500025 1.999998
vertex -47.671520 -17.671597 1.999998
endloop
endfacet
facet normal 0.000000 0.000000 1.000000
outer loop
vertex -46.499947 -24.500013 1.999998
vertex -46.499943 -20.500017 1.999998
vertex -47.671516 -23.328444 1.999998
endloop
endfacet
facet normal 0.000000 0.000000 1.000000
outer loop
vertex -46.499947 -24.500013 1.999998
vertex -47.671516 -23.328444 1.999998
vertex -50.499939 -24.500017 1.999998
endloop
endfacet
facet normal 0.000000 0.000000 1.000000
outer loop
vertex -46.499943 -20.500017 1.999998
vertex -46.499947 -24.500013 1.999998
vertex -40.499947 -24.500011 1.999998
endloop
endfacet
facet normal -0.000000 0.000000 1.000000
outer loop
vertex -40.499947 -24.500011 1.999998
vertex -40.499950 -16.500017 1.999998
vertex -46.499943 -16.500021 1.999998
endloop
endfacet
facet normal 0.000000 0.000000 1.000000
outer loop
vertex -46.499943 -20.500017 1.999998
vertex -40.499947 -24.500011 1.999998
vertex -46.499943 -16.500021 1.999998
endloop
endfacet
facet normal -0.000001 1.000000 0.000000
outer loop
vertex -40.499950 -16.500017 0.000000
vertex -46.499943 -16.500021 0.000000
vertex -46.499943 -16.500021 1.999998
endloop
endfacet
facet normal -0.000001 1.000000 0.000000
outer loop
vertex -40.499950 -16.500017 0.000000
vertex -46.499943 -16.500021 1.999998
vertex -40.499950 -16.500017 1.999998
endloop
endfacet
facet normal 0.000000 -1.000000 0.000000
outer loop
vertex -40.499947 -24.500011 1.999998
vertex -46.499947 -24.500013 1.999998
vertex -46.499947 -24.500013 0.000000
endloop
endfacet
facet normal 0.000000 -1.000000 0.000000
outer loop
vertex -40.499947 -24.500011 1.999998
vertex -46.499947 -24.500013 0.000000
vertex -40.499947 -24.500011 0.000000
endloop
endfacet
facet normal -0.382685 0.923879 0.000000
outer loop
vertex -50.499943 -16.500025 1.999998
vertex -50.499943 -16.500025 0.000000
vertex -53.328365 -17.671600 0.000000
endloop
endfacet
facet normal -0.923879 0.382685 0.000000
outer loop
vertex -53.328365 -17.671600 1.999998
vertex -53.328365 -17.671600 0.000000
vertex -54.499943 -20.500025 0.000000
endloop
endfacet
facet normal -0.923879 0.382685 0.000000
outer loop
vertex -54.499943 -20.500025 1.999998
vertex -53.328365 -17.671600 1.999998
vertex -54.499943 -20.500025 0.000000
endloop
endfacet
facet normal -0.923879 -0.382685 0.000000
outer loop
vertex -53.328362 -23.328447 0.000000
vertex -54.499943 -20.500025 1.999998
vertex -54.499943 -20.500025 0.000000
endloop
endfacet
facet normal -0.923878 -0.382688 0.000000
outer loop
vertex -53.328362 -23.328447 0.000000
vertex -53.328362 -23.328447 1.999998
vertex -54.499943 -20.500025 1.999998
endloop
endfacet
facet normal -0.382683 -0.923880 0.000000
outer loop
vertex -50.499939 -24.500017 0.000000
vertex -53.328362 -23.328447 1.999998
vertex -53.328362 -23.328447 0.000000
endloop
endfacet
facet normal -0.382684 -0.923879 0.000000
outer loop
vertex -50.499939 -24.500017 0.000000
vertex -50.499939 -24.500017 1.999998
vertex -53.328362 -23.328447 1.999998
endloop
endfacet
facet normal 0.000001 0.000000 1.000000
outer loop
vertex -48.390656 18.390635 9.999993
vertex -49.085758 19.085732 9.999993
vertex -49.388828 18.837008 9.999993
endloop
endfacet
facet normal 0.000000 0.000000 1.000000
outer loop
vertex -48.390656 18.390635 9.999993
vertex -49.388828 18.837008 9.999993
vertex -49.734604 18.652187 9.999993
endloop
endfacet
facet normal 0.000000 0.000000 1.000000
outer loop
vertex -52.609283 18.390631 9.999993
vertex -50.499973 17.516926 9.999993
vertex -48.390656 18.390635 9.999993
endloop
endfacet
facet normal 0.000000 0.000000 1.000000
outer loop
vertex -52.609287 22.609255 9.999993
vertex -53.482986 20.499943 9.999993
vertex -52.609283 18.390631 9.999993
endloop
endfacet
facet normal 0.000000 0.000000 1.000000
outer loop
vertex -48.390659 22.609259 9.999993
vertex -50.499977 23.482965 9.999993
vertex -52.609287 22.609255 9.999993
endloop
endfacet
facet normal 0.000000 0.000000 1.000000
outer loop
vertex -49.388832 22.162888 9.999993
vertex -49.085762 21.914160 9.999993
vertex -48.390659 22.609259 9.999993
endloop
endfacet
facet normal 0.000000 0.000000 1.000000
outer loop
vertex -49.734608 22.347702 9.999993
vertex -49.388832 22.162888 9.999993
vertex -48.390659 22.609259 9.999993
endloop
endfacet
facet normal 0.000000 0.000000 1.000000
outer loop
vertex -48.390656 18.390635 9.999993
vertex -49.734604 18.652187 9.999993
vertex -50.109787 18.538376 9.999993
endloop
endfacet
facet normal -0.000000 0.000000 1.000000
outer loop
vertex -48.390656 18.390635 9.999993
vertex -50.109787 18.538376 9.999993
vertex -50.499973 18.499949 9.999993
endloop
endfacet
facet normal 0.000000 0.000000 1.000000
outer loop
vertex -50.109791 22.461515 9.999993
vertex -49.734608 22.347702 9.999993
vertex -48.390659 22.609259 9.999993
endloop
endfacet
facet normal 0.000000 0.000000 1.000000
outer loop
vertex -50.499977 22.499941 9.999993
vertex -50.109791 22.461515 9.999993
vertex -48.390659 22.609259 9.999993
endloop
endfacet
facet normal 0.000000 0.000000 1.000000
outer loop
vertex -52.609283 18.390631 9.999993
vertex -48.390656 18.390635 9.999993
vertex -50.499973 18.499949 9.999993
endloop
endfacet
facet normal 0.000000 0.000000 1.000000
outer loop
vertex -52.609283 18.390631 9.999993
vertex -50.499973 18.499949 9.999993
vertex -50.890148 18.538376 9.999993
endloop
endfacet
facet normal -0.000000 0.000000 1.000000
outer loop
vertex -50.499977 22.499941 9.999993
vertex -48.390659 22.609259 9.999993
vertex -52.609287 22.609255 9.999993
endloop
endfacet
facet normal 0.000000 0.000000 1.000000
outer loop
vertex -50.890152 22.461515 9.999993
vertex -50.499977 22.499941 9.999993
vertex -52.609287 22.609255 9.999993
endloop
endfacet
facet normal 0.000000 0.000000 1.000000
outer loop
vertex -52.609283 18.390631 9.999993
vertex -50.890148 18.538376 9.999993
vertex -51.265335 18.652187 9.999993
endloop
endfacet
facet normal 0.000000 0.000000 1.000000
outer loop
vertex -52.609283 18.390631 9.999993
vertex -51.265335 18.652187 9.999993
vertex -51.611111 18.837006 9.999993
endloop
endfacet
facet normal 0.000000 0.000000 1.000000
outer loop
vertex -51.265339 22.347702 9.999993
vertex -50.890152 22.461515 9.999993
vertex -52.609287 22.609255 9.999993
endloop
endfacet
facet normal 0.000000 0.000000 1.000000
outer loop
vertex -51.611115 22.162886 9.999993
vertex -51.265339 22.347702 9.999993
vertex -52.609287 22.609255 9.999993
endloop
endfacet
facet normal -0.000001 0.000000 1.000000
outer loop
vertex -52.609283 18.390631 9.999993
vertex -51.611111 18.837006 9.999993
vertex -51.914181 19.085728 9.999993
endloop
endfacet
facet normal 0.000000 0.000000 1.000000
outer loop
vertex -52.609283 18.390631 9.999993
vertex -51.914181 19.085728 9.999993
vertex -52.162907 19.388803 9.999993
endloop
endfacet
facet normal 0.000000 0.000000 1.000000
outer loop
vertex -51.914185 21.914156 9.999993
vertex -51.611115 22.162886 9.999993
vertex -52.609287 22.609255 9.999993
endloop
endfacet
facet normal 0.000000 0.000000 1.000000
outer loop
vertex -52.162910 21.611082 9.999993
vertex -51.914185 21.914156 9.999993
vertex -52.609287 22.609255 9.999993
endloop
endfacet
facet normal 0.000003 0.000000 1.000000
outer loop
vertex -52.609283 18.390631 9.999993
vertex -52.162907 19.388803 9.999993
vertex -52.347729 19.734579 9.999993
endloop
endfacet
facet normal -0.000002 0.000000 1.000000
outer loop
vertex -52.609283 18.390631 9.999993
vertex -52.347729 19.734579 9.999993
vertex -52.461540 20.109760 9.999993
endloop
endfacet
facet normal 0.000006 0.000000 1.000000
outer loop
vertex -52.347733 21.265306 9.999993
vertex -52.162910 21.611082 9.999993
vertex -52.609287 22.609255 9.999993
endloop
endfacet
facet normal 0.000000 0.000000 1.000000
outer loop
vertex -52.461544 20.890123 9.999993
vertex -52.347733 21.265306 9.999993
vertex -52.609287 22.609255 9.999993
endloop
endfacet
facet normal 0.000012 0.000000 1.000000
outer loop
vertex -52.609283 18.390631 9.999993
vertex -52.461540 20.109760 9.999993
vertex -52.499969 20.499943 9.999993
endloop
endfacet
facet normal 0.000000 0.000000 1.000000
outer loop
vertex -52.499969 20.499943 9.999993
vertex -52.461544 20.890123 9.999993
vertex -52.609287 22.609255 9.999993
endloop
endfacet
facet normal 0.000000 0.000000 1.000000
outer loop
vertex -52.499969 20.499943 9.999993
vertex -52.609287 22.609255 9.999993
vertex -52.609283 18.390631 9.999993
endloop
endfacet
facet normal 0.923878 -0.382687 0.000000
outer loop
vertex -46.499969 20.499949 1.999998
vertex -46.499969 20.499949 8.825538
vertex -47.671551 17.671522 8.825538
endloop
endfacet
facet normal 0.923879 -0.382685 0.000000
outer loop
vertex -46.499969 20.499949 1.999998
vertex -47.671551 17.671522 8.825538
vertex -47.671551 17.671522 1.999998
endloop
endfacet
facet normal 0.382685 -0.923879 0.000000
outer loop
vertex -47.671551 17.671522 1.999998
vertex -47.671551 17.671522 8.825538
vertex -50.499973 16.499949 8.825538
endloop
endfacet
facet normal 0.382684 -0.923879 0.000000
outer loop
vertex -47.671551 17.671522 1.999998
vertex -50.499973 16.499949 8.825538
vertex -50.499973 16.499949 1.999998
endloop
endfacet
facet normal -0.382684 -0.923880 0.000000
outer loop
vertex -50.499973 16.499949 1.999998
vertex -50.499973 16.499949 8.825538
vertex -53.328396 17.671518 8.825538
endloop
endfacet
facet normal -0.382683 -0.923880 0.000000
outer loop
vertex -50.499973 16.499949 1.999998
vertex -53.328396 17.671518 8.825538
vertex -53.328396 17.671518 1.999998
endloop
endfacet
facet normal -0.923880 -0.382683 0.000000
outer loop
vertex -53.328396 17.671518 8.825538
vertex -54.499966 20.499941 8.825538
vertex -54.499966 20.499941 1.999998
endloop
endfacet
facet normal -0.923880 -0.382683 0.000000
outer loop
vertex -53.328396 17.671518 8.825538
vertex -54.499966 20.499941 1.999998
vertex -53.328396 17.671518 1.999998
endloop
endfacet
facet normal -0.923881 0.382680 0.000000
outer loop
vertex -54.499966 20.499941 1.999998
vertex -54.499966 20.499941 8.825538
vertex -53.328400 23.328365 8.825538
endloop
endfacet
facet normal -0.923880 0.382682 0.000000
outer loop
vertex -54.499966 20.499941 1.999998
vertex -53.328400 23.328365 8.825538
vertex -53.328400 23.328365 1.999998
endloop
endfacet
facet normal 0.923878 0.382688 0.000000
outer loop
vertex -47.671555 23.328369 1.999998
vertex -47.671555 23.328369 8.825538
vertex -46.499969 20.499949 8.825538
endloop
endfacet
facet normal 0.923878 0.382688 0.000000
outer loop
vertex -47.671555 23.328369 1.999998
vertex -46.499969 20.499949 8.825538
vertex -46.499969 20.499949 1.999998
endloop
endfacet
facet normal 0.000000 0.000000 1.000000
outer loop
vertex -48.390659 22.609259 9.999993
vertex -49.085762 21.914160 9.999993
vertex -48.837032 21.611086 9.999993
endloop
endfacet
facet normal -0.000003 0.000000 1.000000
outer loop
vertex -48.390659 22.609259 9.999993
vertex -48.837032 21.611086 9.999993
vertex -48.652214 21.265308 9.999993
endloop
endfacet
facet normal 0.000000 0.000000 1.000000
outer loop
vertex -48.390656 18.390635 9.999993
vertex -47.516953 20.499947 9.999993
vertex -48.390659 22.609259 9.999993
endloop
endfacet
facet normal 0.000000 0.000000 1.000000
outer loop
vertex -48.837029 19.388807 9.999993
vertex -49.085758 19.085732 9.999993
vertex -48.390656 18.390635 9.999993
endloop
endfacet
facet normal -0.000006 0.000000 1.000000
outer loop
vertex -48.652210 19.734581 9.999993
vertex -48.837029 19.388807 9.999993
vertex -48.390656 18.390635 9.999993
endloop
endfacet
facet normal 0.000002 0.000000 1.000000
outer loop
vertex -48.390659 22.609259 9.999993
vertex -48.652214 21.265308 9.999993
vertex -48.538406 20.890127 9.999993
endloop
endfacet
facet normal -0.000012 0.000000 1.000000
outer loop
vertex -48.390659 22.609259 9.999993
vertex -48.538406 20.890127 9.999993
vertex -48.499973 20.499947 9.999993
endloop
endfacet
facet normal 0.000000 0.000000 1.000000
outer loop
vertex -48.538403 20.109764 9.999993
vertex -48.652210 19.734581 9.999993
vertex -48.390656 18.390635 9.999993
endloop
endfacet
facet normal 0.000000 0.000000 1.000000
outer loop
vertex -48.390656 18.390635 9.999993
vertex -48.390659 22.609259 9.999993
vertex -48.499973 20.499947 9.999993
endloop
endfacet
facet normal 0.000000 0.000000 1.000000
outer loop
vertex -48.499973 20.499947 9.999993
vertex -48.538403 20.109764 9.999993
vertex -48.390656 18.390635 9.999993
endloop
endfacet
facet normal 0.382684 0.923879 0.000000
outer loop
vertex -50.499977 24.499943 1.999998
vertex -50.499977 24.499943 8.825538
vertex -47.671555 23.328369 8.825538
endloop
endfacet
facet normal 0.382685 0.923879 0.000000
outer loop
vertex -50.499977 24.499943 1.999998
vertex -47.671555 23.328369 8.825538
vertex -47.671555 23.328369 1.999998
endloop
endfacet
facet normal -0.382685 0.923879 0.000000
outer loop
vertex -53.328400 23.328365 1.999998
vertex -50.499977 24.499943 1.999998
vertex -53.328400 23.328365 0.000000
endloop
endfacet
facet normal 0.000000 0.000000 -1.000000
outer loop
vertex -49.388828 18.837008 0.000000
vertex -49.085758 19.085732 0.000000
vertex -47.671551 17.671522 0.000000
endloop
endfacet
facet normal 0.000000 0.000000 -1.000000
outer loop
vertex -47.671551 17.671522 0.000000
vertex -50.499973 16.499949 0.000000
vertex -53.328396 17.671518 0.000000
endloop
endfacet
facet normal 0.000000 0.000000 -1.000000
outer loop
vertex -53.328396 17.671518 0.000000
vertex -54.499966 20.499941 0.000000
vertex -53.328400 23.328365 0.000000
endloop
endfacet
facet normal 0.000000 0.000000 -1.000000
outer loop
vertex -53.328400 23.328365 0.000000
vertex -50.499977 24.499943 0.000000
vertex -47.671555 23.328369 0.000000
endloop
endfacet
facet normal 0.000000 0.000000 -1.000000
outer loop
vertex -47.671555 23.328369 0.000000
vertex -49.085762 21.914160 0.000000
vertex -49.388832 22.162888 0.000000
endloop
endfacet
facet normal 0.000000 0.000000 -1.000000
outer loop
vertex -47.671555 23.328369 0.000000
vertex -49.388832 22.162888 0.000000
vertex -49.734608 22.347702 0.000000
endloop
endfacet
facet normal 0.000000 0.000000 -1.000000
outer loop
vertex -49.734604 18.652187 0.000000
vertex -49.388828 18.837008 0.000000
vertex -47.671551 17.671522 0.000000
endloop
endfacet
facet normal 0.000000 0.000000 -1.000000
outer loop
vertex -50.109787 18.538376 0.000000
vertex -49.734604 18.652187 0.000000
vertex -47.671551 17.671522 0.000000
endloop
endfacet
facet normal 0.000000 0.000000 -1.000000
outer loop
vertex -47.671555 23.328369 0.000000
vertex -49.734608 22.347702 0.000000
vertex -50.109791 22.461515 0.000000
endloop
endfacet
facet normal 0.000000 0.000000 -1.000000
outer loop
vertex -47.671555 23.328369 0.000000
vertex -50.109791 22.461515 0.000000
vertex -50.499977 22.499941 0.000000
endloop
endfacet
facet normal 0.000000 0.000000 -1.000000
outer loop
vertex -50.109787 18.538376 0.000000
vertex -47.671551 17.671522 0.000000
vertex -53.328396 17.671518 0.000000
endloop
endfacet
facet normal 0.000000 0.000000 -1.000000
outer loop
vertex -50.499973 18.499949 0.000000
vertex -50.109787 18.538376 0.000000
vertex -53.328396 17.671518 0.000000
endloop
endfacet
facet normal 0.000000 0.000000 -1.000000
outer loop
vertex -53.328400 23.328365 0.000000
vertex -47.671555 23.328369 0.000000
vertex -50.499977 22.499941 0.000000
endloop
endfacet
facet normal 0.000000 0.000000 -1.000000
outer loop
vertex -53.328400 23.328365 0.000000
vertex -50.499977 22.499941 0.000000
vertex -50.890152 22.461515 0.000000
endloop
endfacet
facet normal 0.000000 0.000000 -1.000000
outer loop
vertex -50.890148 18.538376 0.000000
vertex -50.499973 18.499949 0.000000
vertex -53.328396 17.671518 0.000000
endloop
endfacet
facet normal 0.000000 0.000000 -1.000000
outer loop
vertex -51.265335 18.652187 0.000000
vertex -50.890148 18.538376 0.000000
vertex -53.328396 17.671518 0.000000
endloop
endfacet
facet normal 0.000000 0.000000 -1.000000
outer loop
vertex -53.328400 23.328365 0.000000
vertex -50.890152 22.461515 0.000000
vertex -51.265339 22.347702 0.000000
endloop
endfacet
facet normal 0.000000 0.000000 -1.000000
outer loop
vertex -53.328400 23.328365 0.000000
vertex -51.265339 22.347702 0.000000
vertex -51.611115 22.162886 0.000000
endloop
endfacet
facet normal 0.000000 0.000000 -1.000000
outer loop
vertex -51.611111 18.837006 0.000000
vertex -51.265335 18.652187 0.000000
vertex -53.328396 17.671518 0.000000
endloop
endfacet
facet normal 0.000000 0.000000 -1.000000
outer loop
vertex -51.914181 19.085728 0.000000
vertex -51.611111 18.837006 0.000000
vertex -53.328396 17.671518 0.000000
endloop
endfacet
facet normal 0.000000 0.000000 -1.000000
outer loop
vertex -53.328400 23.328365 0.000000
vertex -51.611115 22.162886 0.000000
vertex -51.914185 21.914156 0.000000
endloop
endfacet
facet normal 0.000000 0.000000 -1.000000
outer loop
vertex -53.328400 23.328365 0.000000
vertex -51.914185 21.914156 0.000000
vertex -52.162910 21.611082 0.000000
endloop
endfacet
facet normal 0.000000 0.000000 -1.000000
outer loop
vertex -52.162907 19.388803 0.000000
vertex -51.914181 19.085728 0.000000
vertex -53.328396 17.671518 0.000000
endloop
endfacet
facet normal 0.000000 0.000000 -1.000000
outer loop
vertex -52.347729 19.734579 0.000000
vertex -52.162907 19.388803 0.000000
vertex -53.328396 17.671518 0.000000
endloop
endfacet
facet normal 0.000000 0.000000 -1.000000
outer loop
vertex -53.328400 23.328365 0.000000
vertex -52.162910 21.611082 0.000000
vertex -52.347733 21.265306 0.000000
endloop
endfacet
facet normal 0.000000 0.000000 -1.000000
outer loop
vertex -53.328400 23.328365 0.000000
vertex -52.347733 21.265306 0.000000
vertex -52.461544 20.890123 0.000000
endloop
endfacet
facet normal 0.000000 0.000000 -1.000000
outer loop
vertex -52.461540 20.109760 0.000000
vertex -52.347729 19.734579 0.000000
vertex -53.328396 17.671518 0.000000
endloop
endfacet
facet normal 0.000000 0.000000 -1.000000
outer loop
vertex -53.328400 23.328365 0.000000
vertex -52.461544 20.890123 0.000000
vertex -52.499969 20.499943 0.000000
endloop
endfacet
facet normal 0.000000 0.000000 -1.000000
outer loop
vertex -52.499969 20.499943 0.000000
vertex -52.461540 20.109760 0.000000
vertex -53.328396 17.671518 0.000000
endloop
endfacet
facet normal 0.000000 0.000000 -1.000000
outer loop
vertex -53.328396 17.671518 0.000000
vertex -53.328400 23.328365 0.000000
vertex -52.499969 20.499943 0.000000
endloop
endfacet
facet normal 0.000000 0.000000 -1.000000
outer loop
vertex -48.837032 21.611086 0.000000
vertex -49.085762 21.914160 0.000000
vertex -47.671555 23.328369 0.000000
endloop
endfacet
facet normal 0.000000 0.000000 -1.000000
outer loop
vertex -47.671555 23.328369 0.000000
vertex -46.499969 20.499949 0.000000
vertex -47.671551 17.671522 0.000000
endloop
endfacet
facet normal 0.000000 0.000000 -1.000000
outer loop
vertex -47.671551 17.671522 0.000000
vertex -49.085758 19.085732 0.000000
vertex -48.837029 19.388807 0.000000
endloop
endfacet
facet normal 0.000000 0.000000 -1.000000
outer loop
vertex -47.671551 17.671522 0.000000
vertex -48.837029 19.388807 0.000000
vertex -48.652210 19.734581 0.000000
endloop
endfacet
facet normal 0.000000 0.000000 -1.000000
outer loop
vertex -48.652214 21.265308 0.000000
vertex -48.837032 21.611086 0.000000
vertex -47.671555 23.328369 0.000000
endloop
endfacet
facet normal 0.000000 0.000000 -1.000000
outer loop
vertex -48.538406 20.890127 0.000000
vertex -48.652214 21.265308 0.000000
vertex -47.671555 23.328369 0.000000
endloop
endfacet
facet normal 0.000000 0.000000 -1.000000
outer loop
vertex -47.671551 17.671522 0.000000
vertex -48.652210 19.734581 0.000000
vertex -48.538403 20.109764 0.000000
endloop
endfacet
facet normal 0.000000 0.000000 -1.000000
outer loop
vertex -48.499973 20.499947 0.000000
vertex -48.538406 20.890127 0.000000
vertex -47.671555 23.328369 0.000000
endloop
endfacet
facet normal 0.000000 0.000000 -1.000000
outer loop
vertex -47.671551 17.671522 0.000000
vertex -48.538403 20.109764 0.000000
vertex -48.499973 20.499947 0.000000
endloop
endfacet
facet normal 0.000000 0.000000 -1.000000
outer loop
vertex -47.671555 23.328369 0.000000
vertex -47.671551 17.671522 0.000000
vertex -48.499973 20.499947 0.000000
endloop
endfacet
facet normal -0.098005 -0.995186 0.000000
outer loop
vertex -50.109791 22.461515 1.999998
vertex -50.109791 22.461515 9.999993
vertex -50.499977 22.499941 9.999993
endloop
endfacet
facet normal -0.098007 -0.995186 0.000000
outer loop
vertex -50.109791 22.461515 1.999998
vertex -50.499977 22.499941 9.999993
vertex -50.499977 22.499941 1.999998
endloop
endfacet
facet normal -0.290291 -0.956938 0.000000
outer loop
vertex -49.734608 22.347702 1.999998
vertex -49.734608 22.347702 9.999993
vertex -50.109791 22.461515 9.999993
endloop
endfacet
facet normal -0.290291 -0.956938 0.000000
outer loop
vertex -49.734608 22.347702 1.999998
vertex -50.109791 22.461515 9.999993
vertex -50.109791 22.461515 1.999998
endloop
endfacet
facet normal -0.471388 -0.881926 0.000000
outer loop
vertex -49.388832 22.162888 1.999998
vertex -49.388832 22.162888 9.999993
vertex -49.734608 22.347702 9.999993
endloop
endfacet
facet normal -0.471388 -0.881926 0.000000
outer loop
vertex -49.388832 22.162888 1.999998
vertex -49.734608 22.347702 9.999993
vertex -49.734608 22.347702 1.999998
endloop
endfacet
facet normal -0.634400 -0.773005 0.000000
outer loop
vertex -49.085762 21.914160 1.999998
vertex -49.085762 21.914160 9.999993
vertex -49.388832 22.162888 9.999993
endloop
endfacet
facet normal -0.634400 -0.773005 0.000000
outer loop
vertex -49.085762 21.914160 1.999998
vertex -49.388832 22.162888 9.999993
vertex -49.388832 22.162888 1.999998
endloop
endfacet
facet normal -0.773011 -0.634393 0.000000
outer loop
vertex -48.837032 21.611086 1.999998
vertex -48.837032 21.611086 9.999993
vertex -49.085762 21.914160 9.999993
endloop
endfacet
facet normal -0.773001 -0.634405 0.000000
outer loop
vertex -48.837032 21.611086 1.999998
vertex -49.085762 21.914160 9.999993
vertex -49.085762 21.914160 1.999998
endloop
endfacet
facet normal -0.881929 -0.471382 0.000000
outer loop
vertex -48.652214 21.265308 1.999998
vertex -48.652214 21.265308 9.999993
vertex -48.837032 21.611086 9.999993
endloop
endfacet
facet normal -0.881921 -0.471397 0.000000
outer loop
vertex -48.652214 21.265308 1.999998
vertex -48.837032 21.611086 9.999993
vertex -48.837032 21.611086 1.999998
endloop
endfacet
facet normal -0.956942 -0.290279 0.000000
outer loop
vertex -48.538406 20.890127 1.999998
vertex -48.538406 20.890127 9.999993
vertex -48.652214 21.265308 9.999993
endloop
endfacet
facet normal -0.956942 -0.290280 0.000000
outer loop
vertex -48.538406 20.890127 1.999998
vertex -48.652214 21.265308 9.999993
vertex -48.652214 21.265308 1.999998
endloop
endfacet
facet normal -0.995185 -0.098017 0.000000
outer loop
vertex -48.499973 20.499947 1.999998
vertex -48.499973 20.499947 9.999993
vertex -48.538406 20.890127 9.999993
endloop
endfacet
facet normal -0.995183 -0.098036 0.000000
outer loop
vertex -48.499973 20.499947 1.999998
vertex -48.538406 20.890127 9.999993
vertex -48.538406 20.890127 1.999998
endloop
endfacet
facet normal -0.995185 0.098016 0.000000
outer loop
vertex -48.538403 20.109764 1.999998
vertex -48.538403 20.109764 9.999993
vertex -48.499973 20.499947 9.999993
endloop
endfacet
facet normal -0.995185 0.098016 0.000000
outer loop
vertex -48.538403 20.109764 1.999998
vertex -48.499973 20.499947 9.999993
vertex -48.499973 20.499947 1.999998
endloop
endfacet
facet normal -0.956942 0.290278 0.000000
outer loop
vertex -48.652210 19.734581 1.999998
vertex -48.652210 19.734581 9.999993
vertex -48.538403 20.109764 9.999993
endloop
endfacet
facet normal -0.956942 0.290278 0.000000
outer loop
vertex -48.652210 19.734581 1.999998
vertex -48.538403 20.109764 9.999993
vertex -48.538403 20.109764 1.999998
endloop
endfacet
facet normal -0.881927 0.471386 0.000000
outer loop
vertex -48.837029 19.388807 1.999998
vertex -48.837029 19.388807 9.999993
vertex -48.652210 19.734581 9.999993
endloop
endfacet
facet normal -0.881919 0.471401 0.000000
outer loop
vertex -48.837029 19.388807 1.999998
vertex -48.652210 19.734581 9.999993
vertex -48.652210 19.734581 1.999998
endloop
endfacet
facet normal -0.773013 0.634390 0.000000
outer loop
vertex -49.085758 19.085732 1.999998
vertex -49.085758 19.085732 9.999993
vertex -48.837029 19.388807 9.999993
endloop
endfacet
facet normal -0.773003 0.634402 0.000000
outer loop
vertex -49.085758 19.085732 1.999998
vertex -48.837029 19.388807 9.999993
vertex -48.837029 19.388807 1.999998
endloop
endfacet
facet normal -0.634394 0.773010 0.000000
outer loop
vertex -49.388828 18.837008 1.999998
vertex -49.388828 18.837008 9.999993
vertex -49.085758 19.085732 9.999993
endloop
endfacet
facet normal -0.634394 0.773010 0.000000
outer loop
vertex -49.388828 18.837008 1.999998
vertex -49.085758 19.085732 9.999993
vertex -49.085758 19.085732 1.999998
endloop
endfacet
facet normal -0.471391 0.881924 0.000000
outer loop
vertex -49.734604 18.652187 1.999998
vertex -49.734604 18.652187 9.999993
vertex -49.388828 18.837008 9.999993
endloop
endfacet
facet normal -0.471407 0.881916 0.000000
outer loop
vertex -49.734604 18.652187 1.999998
vertex -49.388828 18.837008 9.999993
vertex -49.388828 18.837008 1.999998
endloop
endfacet
facet normal -0.290287 0.956940 0.000000
outer loop
vertex -50.109787 18.538376 1.999998
vertex -50.109787 18.538376 9.999993
vertex -49.734604 18.652187 9.999993
endloop
endfacet
facet normal -0.290287 0.956940 0.000000
outer loop
vertex -50.109787 18.538376 1.999998
vertex -49.734604 18.652187 9.999993
vertex -49.734604 18.652187 1.999998
endloop
endfacet
facet normal -0.098009 0.995185 0.000000
outer loop
vertex -50.499973 18.499949 1.999998
vertex -50.499973 18.499949 9.999993
vertex -50.109787 18.538376 9.999993
endloop
endfacet
facet normal -0.098011 0.995185 0.000000
outer loop
vertex -50.499973 18.499949 1.999998
vertex -50.109787 18.538376 9.999993
vertex -50.109787 18.538376 1.999998
endloop
endfacet
facet normal 0.098013 0.995185 0.000000
outer loop
vertex -50.890148 18.538376 1.999998
vertex -50.890148 18.538376 9.999993
vertex -50.499973 18.499949 9.999993
endloop
endfacet
facet normal 0.098013 0.995185 0.000000
outer loop
vertex -50.890148 18.538376 1.999998
vertex -50.499973 18.499949 9.999993
vertex -50.499973 18.499949 1.999998
endloop
endfacet
facet normal 0.290287 0.956940 0.000000
outer loop
vertex -51.265335 18.652187 1.999998
vertex -51.265335 18.652187 9.999993
vertex -50.890148 18.538376 9.999993
endloop
endfacet
facet normal 0.290281 0.956941 0.000000
outer loop
vertex -51.265335 18.652187 1.999998
vertex -50.890148 18.538376 9.999993
vertex -50.890148 18.538376 1.999998
endloop
endfacet
facet normal 0.471395 0.881922 0.000000
outer loop
vertex -51.611111 18.837006 1.999998
vertex -51.611111 18.837006 9.999993
vertex -51.265335 18.652187 9.999993
endloop
endfacet
facet normal 0.471387 0.881926 0.000000
outer loop
vertex -51.611111 18.837006 1.999998
vertex -51.265335 18.652187 9.999993
vertex -51.265335 18.652187 1.999998
endloop
endfacet
facet normal 0.634391 0.773012 0.000000
outer loop
vertex -51.914181 19.085728 1.999998
vertex -51.914181 19.085728 9.999993
vertex -51.611111 18.837006 9.999993
endloop
endfacet
facet normal 0.634391 0.773012 0.000000
outer loop
vertex -51.914181 19.085728 1.999998
vertex -51.611111 18.837006 9.999993
vertex -51.611111 18.837006 1.999998
endloop
endfacet
facet normal 0.773013 0.634390 0.000000
outer loop
vertex -52.162907 19.388803 1.999998
vertex -52.162907 19.388803 9.999993
vertex -51.914181 19.085728 9.999993
endloop
endfacet
facet normal 0.773013 0.634391 0.000000
outer loop
vertex -52.162907 19.388803 1.999998
vertex -51.914181 19.085728 9.999993
vertex -51.914181 19.085728 1.999998
endloop
endfacet
facet normal 0.881920 0.471399 0.000000
outer loop
vertex -52.347729 19.734579 1.999998
vertex -52.347729 19.734579 9.999993
vertex -52.162907 19.388803 9.999993
endloop
endfacet
facet normal 0.881920 0.471399 0.000000
outer loop
vertex -52.347729 19.734579 1.999998
vertex -52.162907 19.388803 9.999993
vertex -52.162907 19.388803 1.999998
endloop
endfacet
facet normal 0.956936 0.290297 0.000000
outer loop
vertex -52.461540 20.109760 1.999998
vertex -52.461540 20.109760 9.999993
vertex -52.347729 19.734579 9.999993
endloop
endfacet
facet normal 0.956942 0.290280 0.000000
outer loop
vertex -52.461540 20.109760 1.999998
vertex -52.347729 19.734579 9.999993
vertex -52.347729 19.734579 1.999998
endloop
endfacet
facet normal 0.995185 0.098016 0.000000
outer loop
vertex -52.499969 20.499943 1.999998
vertex -52.499969 20.499943 9.999993
vertex -52.461540 20.109760 9.999993
endloop
endfacet
facet normal 0.995185 0.098016 0.000000
outer loop
vertex -52.499969 20.499943 1.999998
vertex -52.461540 20.109760 9.999993
vertex -52.461540 20.109760 1.999998
endloop
endfacet
facet normal 0.995185 -0.098017 0.000000
outer loop
vertex -52.461544 20.890123 1.999998
vertex -52.461544 20.890123 9.999993
vertex -52.499969 20.499943 9.999993
endloop
endfacet
facet normal 0.995187 -0.097997 0.000000
outer loop
vertex -52.461544 20.890123 1.999998
vertex -52.499969 20.499943 9.999993
vertex -52.499969 20.499943 1.999998
endloop
endfacet
facet normal 0.956937 -0.290296 0.000000
outer loop
vertex -52.347733 21.265306 1.999998
vertex -52.347733 21.265306 9.999993
vertex -52.461544 20.890123 9.999993
endloop
endfacet
facet normal 0.956942 -0.290278 0.000000
outer loop
vertex -52.347733 21.265306 1.999998
vertex -52.461544 20.890123 9.999993
vertex -52.461544 20.890123 1.999998
endloop
endfacet
facet normal 0.881920 -0.471399 0.000000
outer loop
vertex -52.162910 21.611082 1.999998
vertex -52.162910 21.611082 9.999993
vertex -52.347733 21.265306 9.999993
endloop
endfacet
facet normal 0.881920 -0.471399 0.000000
outer loop
vertex -52.162910 21.611082 1.999998
vertex -52.347733 21.265306 9.999993
vertex -52.347733 21.265306 1.999998
endloop
endfacet
facet normal 0.773011 -0.634393 0.000000
outer loop
vertex -51.914185 21.914156 1.999998
vertex -51.914185 21.914156 9.999993
vertex -52.162910 21.611082 9.999993
endloop
endfacet
facet normal 0.773011 -0.634393 0.000000
outer loop
vertex -51.914185 21.914156 1.999998
vertex -52.162910 21.611082 9.999993
vertex -52.162910 21.611082 1.999998
endloop
endfacet
facet normal 0.634403 -0.773003 0.000000
outer loop
vertex -51.611115 22.162886 1.999998
vertex -51.611115 22.162886 9.999993
vertex -51.914185 21.914156 9.999993
endloop
endfacet
facet normal 0.634403 -0.773003 0.000000
outer loop
vertex -51.611115 22.162886 1.999998
vertex -51.914185 21.914156 9.999993
vertex -51.914185 21.914156 1.999998
endloop
endfacet
facet normal 0.471392 -0.881924 0.000000
outer loop
vertex -51.265339 22.347702 1.999998
vertex -51.265339 22.347702 9.999993
vertex -51.611115 22.162886 9.999993
endloop
endfacet
facet normal 0.471383 -0.881928 0.000000
outer loop
vertex -51.265339 22.347702 1.999998
vertex -51.611115 22.162886 9.999993
vertex -51.611115 22.162886 1.999998
endloop
endfacet
facet normal 0.290291 -0.956938 0.000000
outer loop
vertex -50.890152 22.461515 1.999998
vertex -50.890152 22.461515 9.999993
vertex -51.265339 22.347702 9.999993
endloop
endfacet
facet normal 0.290286 -0.956940 0.000000
outer loop
vertex -50.890152 22.461515 1.999998
vertex -51.265339 22.347702 9.999993
vertex -51.265339 22.347702 1.999998
endloop
endfacet
facet normal 0.098008 -0.995185 0.000000
outer loop
vertex -50.499977 22.499941 1.999998
vertex -50.499977 22.499941 9.999993
vertex -50.890152 22.461515 9.999993
endloop
endfacet
facet normal 0.098008 -0.995185 0.000000
outer loop
vertex -50.499977 22.499941 1.999998
vertex -50.890152 22.461515 9.999993
vertex -50.890152 22.461515 1.999998
endloop
endfacet
facet normal 0.298826 0.721432 0.624691
outer loop
vertex -50.499977 23.482965 9.999993
vertex -48.390659 22.609259 9.999993
vertex -47.671555 23.328369 8.825538
endloop
endfacet
facet normal 0.298826 0.721428 0.624696
outer loop
vertex -50.499977 23.482965 9.999993
vertex -47.671555 23.328369 8.825538
vertex -50.499977 24.499943 8.825538
endloop
endfacet
facet normal 0.721426 0.298825 0.624698
outer loop
vertex -48.390659 22.609259 9.999993
vertex -47.516953 20.499947 9.999993
vertex -46.499969 20.499949 8.825538
endloop
endfacet
facet normal 0.721429 0.298830 0.624693
outer loop
vertex -48.390659 22.609259 9.999993
vertex -46.499969 20.499949 8.825538
vertex -47.671555 23.328369 8.825538
endloop
endfacet
facet normal 0.721431 -0.298827 0.624692
outer loop
vertex -47.516953 20.499947 9.999993
vertex -48.390656 18.390635 9.999993
vertex -47.671551 17.671522 8.825538
endloop
endfacet
facet normal 0.721427 -0.298828 0.624696
outer loop
vertex -47.516953 20.499947 9.999993
vertex -47.671551 17.671522 8.825538
vertex -46.499969 20.499949 8.825538
endloop
endfacet
facet normal 0.298825 -0.721428 0.624696
outer loop
vertex -48.390656 18.390635 9.999993
vertex -50.499973 17.516926 9.999993
vertex -50.499973 16.499949 8.825538
endloop
endfacet
facet normal 0.298827 -0.721427 0.624696
outer loop
vertex -48.390656 18.390635 9.999993
vertex -50.499973 16.499949 8.825538
vertex -47.671551 17.671522 8.825538
endloop
endfacet
facet normal -0.298825 -0.721432 0.624692
outer loop
vertex -50.499973 17.516926 9.999993
vertex -52.609283 18.390631 9.999993
vertex -53.328396 17.671518 8.825538
endloop
endfacet
facet normal -0.298825 -0.721428 0.624696
outer loop
vertex -50.499973 17.516926 9.999993
vertex -53.328396 17.671518 8.825538
vertex -50.499973 16.499949 8.825538
endloop
endfacet
facet normal -0.721428 -0.298824 0.624697
outer loop
vertex -52.609283 18.390631 9.999993
vertex -53.482986 20.499943 9.999993
vertex -54.499966 20.499941 8.825538
endloop
endfacet
facet normal -0.721430 -0.298825 0.624694
outer loop
vertex -52.609283 18.390631 9.999993
vertex -54.499966 20.499941 8.825538
vertex -53.328396 17.671518 8.825538
endloop
endfacet
facet normal -0.298827 0.721428 0.624696
outer loop
vertex -50.499977 24.499943 8.825538
vertex -53.328400 23.328365 8.825538
vertex -52.609287 22.609255 9.999993
endloop
endfacet
facet normal -0.298827 0.721428 0.624695
outer loop
vertex -50.499977 24.499943 8.825538
vertex -52.609287 22.609255 9.999993
vertex -50.499977 23.482965 9.999993
endloop
endfacet
facet normal -0.721430 0.298824 0.624694
outer loop
vertex -53.482986 20.499943 9.999993
vertex -52.609287 22.609255 9.999993
vertex -53.328400 23.328365 8.825538
endloop
endfacet
facet normal -0.721428 0.298824 0.624696
outer loop
vertex -53.482986 20.499943 9.999993
vertex -53.328400 23.328365 8.825538
vertex -54.499966 20.499941 8.825538
endloop
endfacet
facet normal -0.382685 0.923879 0.000000
outer loop
vertex -53.328400 23.328365 1.999998
vertex -53.328400 23.328365 8.825538
vertex -50.499977 24.499943 8.825538
endloop
endfacet
facet normal -0.382686 0.923879 0.000000
outer loop
vertex -53.328400 23.328365 1.999998
vertex -50.499977 24.499943 8.825538
vertex -50.499977 24.499943 1.999998
endloop
endfacet
facet normal -0.000001 1.000000 0.000000
outer loop
vertex -50.499977 24.499943 1.999998
vertex -46.499973 24.499947 1.999998
vertex -46.499973 24.499947 0.000000
endloop
endfacet
facet normal -0.000001 1.000000 0.000000
outer loop
vertex -50.499977 24.499943 1.999998
vertex -46.499973 24.499947 0.000000
vertex -50.499977 24.499943 0.000000
endloop
endfacet
facet normal 0.000001 -1.000000 0.000000
outer loop
vertex -50.499973 16.499949 0.000000
vertex -46.499969 16.499952 0.000000
vertex -46.499969 16.499952 1.999998
endloop
endfacet
facet normal 0.000001 -1.000000 0.000000
outer loop
vertex -50.499973 16.499949 0.000000
vertex -46.499969 16.499952 1.999998
vertex -50.499973 16.499949 1.999998
endloop
endfacet
facet normal 0.000000 0.000000 -1.000000
outer loop
vertex -47.671555 23.328369 0.000000
vertex -50.499977 24.499943 0.000000
vertex -46.499973 24.499947 0.000000
endloop
endfacet
facet normal 0.000000 0.000000 -1.000000
outer loop
vertex -47.671555 23.328369 0.000000
vertex -46.499973 24.499947 0.000000
vertex -46.499969 20.499949 0.000000
endloop
endfacet
facet normal 0.000000 0.000000 -1.000000
outer loop
vertex -50.890152 22.461515 0.000000
vertex -50.499977 22.499941 0.000000
vertex -50.109791 22.461515 0.000000
endloop
endfacet
facet normal 0.000000 0.000000 -1.000000
outer loop
vertex -50.109791 22.461515 0.000000
vertex -49.734608 22.347702 0.000000
vertex -49.388832 22.162888 0.000000
endloop
endfacet
facet normal 0.000000 0.000000 -1.000000
outer loop
vertex -49.388832 22.162888 0.000000
vertex -49.085762 21.914160 0.000000
vertex -48.837032 21.611086 0.000000
endloop
endfacet
facet normal 0.000000 0.000000 -1.000000
outer loop
vertex -48.837032 21.611086 0.000000
vertex -48.652214 21.265308 0.000000
vertex -48.538406 20.890127 0.000000
endloop
endfacet
facet normal 0.000000 0.000000 -1.000000
outer loop
vertex -48.538406 20.890127 0.000000
vertex -48.499973 20.499947 0.000000
vertex -48.538403 20.109764 0.000000
endloop
endfacet
facet normal 0.000000 0.000000 -1.000000
outer loop
vertex -48.538403 20.109764 0.000000
vertex -48.652210 19.734581 0.000000
vertex -48.837029 19.388807 0.000000
endloop
endfacet
facet normal 0.000000 0.000000 -1.000000
outer loop
vertex -48.837029 19.388807 0.000000
vertex -49.085758 19.085732 0.000000
vertex -49.388828 18.837008 0.000000
endloop
endfacet
facet normal 0.000000 0.000000 -1.000000
outer loop
vertex -49.388828 18.837008 0.000000
vertex -49.734604 18.652187 0.000000
vertex -50.109787 18.538376 0.000000
endloop
endfacet
facet normal 0.000000 0.000000 -1.000000
outer loop
vertex -50.109787 18.538376 0.000000
vertex -50.499973 18.499949 0.000000
vertex -50.890148 18.538376 0.000000
endloop
endfacet
facet normal 0.000000 0.000000 -1.000000
outer loop
vertex -50.890148 18.538376 0.000000
vertex -51.265335 18.652187 0.000000
vertex -51.611111 18.837006 0.000000
endloop
endfacet
facet normal 0.000000 0.000000 -1.000000
outer loop
vertex -51.611111 18.837006 0.000000
vertex -51.914181 19.085728 0.000000
vertex -52.162907 19.388803 0.000000
endloop
endfacet
facet normal 0.000000 0.000000 -1.000000
outer loop
vertex -52.162907 19.388803 0.000000
vertex -52.347729 19.734579 0.000000
vertex -52.461540 20.109760 0.000000
endloop
endfacet
facet normal 0.000000 0.000000 -1.000000
outer loop
vertex -52.461540 20.109760 0.000000
vertex -52.499969 20.499943 0.000000
vertex -52.461544 20.890123 0.000000
endloop
endfacet
facet normal 0.000000 0.000000 -1.000000
outer loop
vertex -52.461544 20.890123 0.000000
vertex -52.347733 21.265306 0.000000
vertex -52.162910 21.611082 0.000000
endloop
endfacet
facet normal 0.000000 0.000000 -1.000000
outer loop
vertex -52.162910 21.611082 0.000000
vertex -51.914185 21.914156 0.000000
vertex -51.611115 22.162886 0.000000
endloop
endfacet
facet normal 0.000000 0.000000 -1.000000
outer loop
vertex -51.611115 22.162886 0.000000
vertex -51.265339 22.347702 0.000000
vertex -50.890152 22.461515 0.000000
endloop
endfacet
facet normal 0.000000 0.000000 -1.000000
outer loop
vertex -50.890152 22.461515 0.000000
vertex -50.109791 22.461515 0.000000
vertex -49.388832 22.162888 0.000000
endloop
endfacet
facet normal 0.000000 0.000000 -1.000000
outer loop
vertex -49.388832 22.162888 0.000000
vertex -48.837032 21.611086 0.000000
vertex -48.538406 20.890127 0.000000
endloop
endfacet
facet normal 0.000000 0.000000 -1.000000
outer loop
vertex -48.538406 20.890127 0.000000
vertex -48.538403 20.109764 0.000000
vertex -48.837029 19.388807 0.000000
endloop
endfacet
facet normal 0.000000 0.000000 -1.000000
outer loop
vertex -48.837029 19.388807 0.000000
vertex -49.388828 18.837008 0.000000
vertex -50.109787 18.538376 0.000000
endloop
endfacet
facet normal 0.000000 0.000000 -1.000000
outer loop
vertex -50.109787 18.538376 0.000000
vertex -50.890148 18.538376 0.000000
vertex -51.611111 18.837006 0.000000
endloop
endfacet
facet normal 0.000000 0.000000 -1.000000
outer loop
vertex -51.611111 18.837006 0.000000
vertex -52.162907 19.388803 0.000000
vertex -52.461540 20.109760 0.000000
endloop
endfacet
facet normal 0.000000 0.000000 -1.000000
outer loop
vertex -52.461540 20.109760 0.000000
vertex -52.461544 20.890123 0.000000
vertex -52.162910 21.611082 0.000000
endloop
endfacet
facet normal 0.000000 0.000000 -1.000000
outer loop
vertex -52.162910 21.611082 0.000000
vertex -51.611115 22.162886 0.000000
vertex -50.890152 22.461515 0.000000
endloop
endfacet
facet normal 0.000000 0.000000 -1.000000
outer loop
vertex -50.890152 22.461515 0.000000
vertex -49.388832 22.162888 0.000000
vertex -48.538406 20.890127 0.000000
endloop
endfacet
facet normal 0.000000 0.000000 -1.000000
outer loop
vertex -48.538406 20.890127 0.000000
vertex -48.837029 19.388807 0.000000
vertex -50.109787 18.538376 0.000000
endloop
endfacet
facet normal 0.000000 0.000000 -1.000000
outer loop
vertex -50.109787 18.538376 0.000000
vertex -51.611111 18.837006 0.000000
vertex -52.461540 20.109760 0.000000
endloop
endfacet
facet normal 0.000000 0.000000 -1.000000
outer loop
vertex -52.461540 20.109760 0.000000
vertex -52.162910 21.611082 0.000000
vertex -50.890152 22.461515 0.000000
endloop
endfacet
facet normal 0.000000 0.000000 -1.000000
outer loop
vertex -50.890152 22.461515 0.000000
vertex -48.538406 20.890127 0.000000
vertex -50.109787 18.538376 0.000000
endloop
endfacet
facet normal 0.000000 0.000000 -1.000000
outer loop
vertex -50.109787 18.538376 0.000000
vertex -52.461540 20.109760 0.000000
vertex -50.890152 22.461515 0.000000
endloop
endfacet
facet normal 0.000000 0.000000 -1.000000
outer loop
vertex -46.499969 16.499952 0.000000
vertex -50.499973 16.499949 0.000000
vertex -47.671551 17.671522 0.000000
endloop
endfacet
facet normal 0.000000 0.000000 -1.000000
outer loop
vertex -46.499969 16.499952 0.000000
vertex -47.671551 17.671522 0.000000
vertex -46.499969 20.499949 0.000000
endloop
endfacet
facet normal 0.000000 0.000000 1.000000
outer loop
vertex -51.265335 18.652187 1.999998
vertex -50.890148 18.538376 1.999998
vertex -50.499973 18.499949 1.999998
endloop
endfacet
facet normal 0.000000 0.000000 1.000000
outer loop
vertex -50.499973 18.499949 1.999998
vertex -50.109787 18.538376 1.999998
vertex -49.734604 18.652187 1.999998
endloop
endfacet
facet normal 0.000002 0.000000 1.000000
outer loop
vertex -49.734604 18.652187 1.999998
vertex -49.388828 18.837008 1.999998
vertex -49.085758 19.085732 1.999998
endloop
endfacet
facet normal 0.000004 0.000000 1.000000
outer loop
vertex -49.085758 19.085732 1.999998
vertex -48.837029 19.388807 1.999998
vertex -48.652210 19.734581 1.999998
endloop
endfacet
facet normal 0.000000 0.000000 1.000000
outer loop
vertex -48.652210 19.734581 1.999998
vertex -48.538403 20.109764 1.999998
vertex -48.499973 20.499947 1.999998
endloop
endfacet
facet normal 0.000000 0.000000 1.000000
outer loop
vertex -48.499973 20.499947 1.999998
vertex -48.538406 20.890127 1.999998
vertex -48.652214 21.265308 1.999998
endloop
endfacet
facet normal 0.000004 0.000000 1.000000
outer loop
vertex -48.652214 21.265308 1.999998
vertex -48.837032 21.611086 1.999998
vertex -49.085762 21.914160 1.999998
endloop
endfacet
facet normal 0.000002 0.000000 1.000000
outer loop
vertex -49.085762 21.914160 1.999998
vertex -49.388832 22.162888 1.999998
vertex -49.734608 22.347702 1.999998
endloop
endfacet
facet normal 0.000000 0.000000 1.000000
outer loop
vertex -49.734608 22.347702 1.999998
vertex -50.109791 22.461515 1.999998
vertex -50.499977 22.499941 1.999998
endloop
endfacet
facet normal 0.000000 0.000000 1.000000
outer loop
vertex -50.499977 22.499941 1.999998
vertex -50.890152 22.461515 1.999998
vertex -51.265339 22.347702 1.999998
endloop
endfacet
facet normal -0.000002 0.000000 1.000000
outer loop
vertex -51.265339 22.347702 1.999998
vertex -51.611115 22.162886 1.999998
vertex -51.914185 21.914156 1.999998
endloop
endfacet
facet normal -0.000004 0.000000 1.000000
outer loop
vertex -51.914185 21.914156 1.999998
vertex -52.162910 21.611082 1.999998
vertex -52.347733 21.265306 1.999998
endloop
endfacet
facet normal 0.000000 0.000000 1.000000
outer loop
vertex -52.347733 21.265306 1.999998
vertex -52.461544 20.890123 1.999998
vertex -52.499969 20.499943 1.999998
endloop
endfacet
facet normal 0.000000 0.000000 1.000000
outer loop
vertex -52.499969 20.499943 1.999998
vertex -52.461540 20.109760 1.999998
vertex -52.347729 19.734579 1.999998
endloop
endfacet
facet normal -0.000004 0.000000 1.000000
outer loop
vertex -52.347729 19.734579 1.999998
vertex -52.162907 19.388803 1.999998
vertex -51.914181 19.085728 1.999998
endloop
endfacet
facet normal -0.000002 0.000000 1.000000
outer loop
vertex -51.914181 19.085728 1.999998
vertex -51.611111 18.837006 1.999998
vertex -51.265335 18.652187 1.999998
endloop
endfacet
facet normal 0.000000 0.000000 1.000000
outer loop
vertex -51.265335 18.652187 1.999998
vertex -50.499973 18.499949 1.999998
vertex -49.734604 18.652187 1.999998
endloop
endfacet
facet normal 0.000000 0.000000 1.000000
outer loop
vertex -49.734604 18.652187 1.999998
vertex -49.085758 19.085732 1.999998
vertex -48.652210 19.734581 1.999998
endloop
endfacet
facet normal 0.000000 0.000000 1.000000
outer loop
vertex -48.652210 19.734581 1.999998
vertex -48.499973 20.499947 1.999998
vertex -48.652214 21.265308 1.999998
endloop
endfacet
facet normal -0.000001 0.000000 1.000000
outer loop
vertex -48.652214 21.265308 1.999998
vertex -49.085762 21.914160 1.999998
vertex -49.734608 22.347702 1.999998
endloop
endfacet
facet normal 0.000000 0.000000 1.000000
outer loop
vertex -49.734608 22.347702 1.999998
vertex -50.499977 22.499941 1.999998
vertex -51.265339 22.347702 1.999998
endloop
endfacet
facet normal 0.000000 0.000000 1.000000
outer loop
vertex -51.265339 22.347702 1.999998
vertex -51.914185 21.914156 1.999998
vertex -52.347733 21.265306 1.999998
endloop
endfacet
facet normal 0.000000 0.000000 1.000000
outer loop
vertex -52.347733 21.265306 1.999998
vertex -52.499969 20.499943 1.999998
vertex -52.347729 19.734579 1.999998
endloop
endfacet
facet normal 0.000001 0.000000 1.000000
outer loop
vertex -52.347729 19.734579 1.999998
vertex -51.914181 19.085728 1.999998
vertex -51.265335 18.652187 1.999998
endloop
endfacet
facet normal 0.000000 0.000000 1.000000
outer loop
vertex -51.265335 18.652187 1.999998
vertex -49.734604 18.652187 1.999998
vertex -48.652210 19.734581 1.999998
endloop
endfacet
facet normal 0.000000 0.000000 1.000000
outer loop
vertex -48.652210 19.734581 1.999998
vertex -48.652214 21.265308 1.999998
vertex -49.734608 22.347702 1.999998
endloop
endfacet
facet normal 0.000000 0.000000 1.000000
outer loop
vertex -49.734608 22.347702 1.999998
vertex -51.265339 22.347702 1.999998
vertex -52.347733 21.265306 1.999998
endloop
endfacet
facet normal -0.000000 0.000000 1.000000
outer loop
vertex -52.347733 21.265306 1.999998
vertex -52.347729 19.734579 1.999998
vertex -51.265335 18.652187 1.999998
endloop
endfacet
facet normal 0.000000 0.000000 1.000000
outer loop
vertex -51.265335 18.652187 1.999998
vertex -48.652210 19.734581 1.999998
vertex -49.734608 22.347702 1.999998
endloop
endfacet
facet normal 0.000000 0.000000 1.000000
outer loop
vertex -49.734608 22.347702 1.999998
vertex -52.347733 21.265306 1.999998
vertex -51.265335 18.652187 1.999998
endloop
endfacet
facet normal -0.000000 0.000000 1.000000
outer loop
vertex -46.499969 20.499949 1.999998
vertex -46.499973 24.499947 1.999998
vertex -50.499977 24.499943 1.999998
endloop
endfacet
facet normal 0.000000 0.000000 -1.000000
outer loop
vertex -46.499969 20.499949 1.999998
vertex -50.499977 24.499943 1.999998
vertex -47.671555 23.328369 1.999998
endloop
endfacet
facet normal 0.000000 0.000000 1.000000
outer loop
vertex -46.499969 16.499952 1.999998
vertex -46.499969 20.499949 1.999998
vertex -47.671551 17.671522 1.999998
endloop
endfacet
facet normal 0.000000 0.000000 1.000000
outer loop
vertex -46.499969 16.499952 1.999998
vertex -47.671551 17.671522 1.999998
vertex -50.499973 16.499949 1.999998
endloop
endfacet
facet normal 0.000000 0.000000 -1.000000
outer loop
vertex -46.499973 24.499947 1.999998
vertex -46.499969 20.499949 1.999998
vertex -46.499969 16.499952 1.999998
endloop
endfacet
facet normal 0.000000 0.000000 1.000000
outer loop
vertex -46.499969 16.499952 1.999998
vertex -40.499981 16.499956 1.999998
vertex -40.499985 24.499950 1.999998
endloop
endfacet
facet normal -0.000000 0.000000 1.000000
outer loop
vertex -46.499969 16.499952 1.999998
vertex -40.499985 24.499950 1.999998
vertex -46.499973 24.499947 1.999998
endloop
endfacet
facet normal -0.000001 1.000000 0.000000
outer loop
vertex -40.499985 24.499950 0.000000
vertex -46.499973 24.499947 0.000000
vertex -46.499973 24.499947 1.999998
endloop
endfacet
facet normal -0.000001 1.000000 0.000000
outer loop
vertex -40.499985 24.499950 0.000000
vertex -46.499973 24.499947 1.999998
vertex -40.499985 24.499950 1.999998
endloop
endfacet
facet normal 0.000001 -1.000000 0.000000
outer loop
vertex -40.499981 16.499956 1.999998
vertex -46.499969 16.499952 1.999998
vertex -46.499969 16.499952 0.000000
endloop
endfacet
facet normal 0.000001 -1.000000 0.000000
outer loop
vertex -40.499981 16.499956 1.999998
vertex -46.499969 16.499952 0.000000
vertex -40.499981 16.499956 0.000000
endloop
endfacet
facet normal -0.382686 0.923879 0.000000
outer loop
vertex -50.499977 24.499943 1.999998
vertex -50.499977 24.499943 0.000000
vertex -53.328400 23.328365 0.000000
endloop
endfacet
facet normal -0.923880 0.382683 0.000000
outer loop
vertex -53.328400 23.328365 1.999998
vertex -53.328400 23.328365 0.000000
vertex -54.499966 20.499941 0.000000
endloop
endfacet
facet normal -0.923881 0.382681 0.000000
outer loop
vertex -54.499966 20.499941 1.999998
vertex -53.328400 23.328365 1.999998
vertex -54.499966 20.499941 0.000000
endloop
endfacet
facet normal -0.923880 -0.382683 0.000000
outer loop
vertex -53.328396 17.671518 0.000000
vertex -54.499966 20.499941 1.999998
vertex -54.499966 20.499941 0.000000
endloop
endfacet
facet normal -0.923880 -0.382683 0.000000
outer loop
vertex -53.328396 17.671518 0.000000
vertex -53.328396 17.671518 1.999998
vertex -54.499966 20.499941 1.999998
endloop
endfacet
facet normal -0.382683 -0.923880 0.000000
outer loop
vertex -50.499973 16.499949 0.000000
vertex -53.328396 17.671518 1.999998
vertex -53.328396 17.671518 0.000000
endloop
endfacet
facet normal -0.382684 -0.923879 0.000000
outer loop
vertex -50.499973 16.499949 0.000000
vertex -50.499973 16.499949 1.999998
vertex -53.328396 17.671518 1.999998
endloop
endfacet
facet normal 1.000000 0.000000 0.000000
outer loop
vertex -25.499989 40.499943 3.999997
vertex -25.499983 30.499973 3.999997
vertex -25.499983 30.499973 0.000000
endloop
endfacet
facet normal 1.000000 0.000001 0.000000
outer loop
vertex -25.499989 40.499943 3.999997
vertex -25.499983 30.499973 0.000000
vertex -25.499989 40.499943 0.000000
endloop
endfacet
facet normal 0.000000 1.000000 0.000000
outer loop
vertex -15.499992 30.499975 0.000000
vertex -16.499990 30.499975 0.000000
vertex -16.499990 30.499975 3.999997
endloop
endfacet
facet normal 0.000000 1.000000 0.000000
outer loop
vertex -15.499992 30.499975 0.000000
vertex -16.499990 30.499975 3.999997
vertex -15.499992 30.499975 3.999997
endloop
endfacet
facet normal 0.000000 0.000000 -1.000000
outer loop
vertex -15.499992 30.499975 3.999997
vertex -16.499990 30.499975 3.999997
vertex -16.576851 31.280331 3.999997
endloop
endfacet
facet normal 0.000000 0.000000 -1.000000
outer loop
vertex -15.499992 30.499975 3.999997
vertex -16.576851 31.280331 3.999997
vertex -16.804474 32.030704 3.999997
endloop
endfacet
facet normal 0.000000 0.000000 -1.000000
outer loop
vertex -24.499985 30.499973 3.999997
vertex -25.499983 30.499973 3.999997
vertex -25.499989 40.499943 3.999997
endloop
endfacet
facet normal 0.000000 0.000000 -1.000000
outer loop
vertex -24.423128 31.280334 3.999997
vertex -24.499985 30.499973 3.999997
vertex -25.499989 40.499943 3.999997
endloop
endfacet
facet normal 0.000000 0.000000 -1.000000
outer loop
vertex -15.499993 40.499954 3.999997
vertex -15.499992 30.499975 3.999997
vertex -16.804474 32.030704 3.999997
endloop
endfacet
facet normal 0.000000 0.000000 -1.000000
outer loop
vertex -15.499993 40.499954 3.999997
vertex -16.804474 32.030704 3.999997
vertex -17.174112 32.722252 3.999997
endloop
endfacet
facet normal -0.000003 0.000000 -1.000000
outer loop
vertex -24.195503 32.030704 3.999997
vertex -24.423128 31.280334 3.999997
vertex -25.499989 40.499943 3.999997
endloop
endfacet
facet normal 0.000000 0.000000 -1.000000
outer loop
vertex -23.825863 32.722252 3.999997
vertex -24.195503 32.030704 3.999997
vertex -25.499989 40.499943 3.999997
endloop
endfacet
facet normal 0.000000 0.000000 -1.000000
outer loop
vertex -15.499993 40.499954 3.999997
vertex -17.174112 32.722252 3.999997
vertex -17.671562 33.328400 3.999997
endloop
endfacet
facet normal -0.000000 0.000000 -1.000000
outer loop
vertex -15.499993 40.499954 3.999997
vertex -17.671562 33.328400 3.999997
vertex -18.277710 33.825848 3.999997
endloop
endfacet
facet normal 0.000000 0.000000 -1.000000
outer loop
vertex -23.328411 33.328400 3.999997
vertex -23.825863 32.722252 3.999997
vertex -25.499989 40.499943 3.999997
endloop
endfacet
facet normal 0.000000 0.000000 -1.000000
outer loop
vertex -22.722269 33.825848 3.999997
vertex -23.328411 33.328400 3.999997
vertex -25.499989 40.499943 3.999997
endloop
endfacet
facet normal 0.000000 0.000000 -1.000000
outer loop
vertex -25.499989 40.499943 3.999997
vertex -15.499993 40.499954 3.999997
vertex -18.277710 33.825848 3.999997
endloop
endfacet
facet normal -0.000001 0.000000 -1.000000
outer loop
vertex -25.499989 40.499943 3.999997
vertex -18.277710 33.825848 3.999997
vertex -18.969257 34.195492 3.999997
endloop
endfacet
facet normal 0.000000 0.000000 -1.000000
outer loop
vertex -22.030722 34.195488 3.999997
vertex -22.722269 33.825848 3.999997
vertex -25.499989 40.499943 3.999997
endloop
endfacet
facet normal 0.000000 0.000000 -1.000000
outer loop
vertex -21.280348 34.423111 3.999997
vertex -22.030722 34.195488 3.999997
vertex -25.499989 40.499943 3.999997
endloop
endfacet
facet normal 0.000000 0.000000 -1.000000
outer loop
vertex -25.499989 40.499943 3.999997
vertex -18.969257 34.195492 3.999997
vertex -19.719629 34.423111 3.999997
endloop
endfacet
facet normal 0.000000 0.000000 -1.000000
outer loop
vertex -20.499989 34.499973 3.999997
vertex -21.280348 34.423111 3.999997
vertex -25.499989 40.499943 3.999997
endloop
endfacet
facet normal 0.000000 0.000000 -1.000000
outer loop
vertex -19.719629 34.423111 3.999997
vertex -20.499989 34.499973 3.999997
vertex -25.499989 40.499943 3.999997
endloop
endfacet
facet normal 0.995185 -0.098012 0.000000
outer loop
vertex -24.499985 30.499973 14.999990
vertex -24.499985 30.499973 3.999997
vertex -24.423128 31.280334 3.999997
endloop
endfacet
facet normal 0.995185 -0.098012 0.000000
outer loop
vertex -24.499985 30.499973 14.999990
vertex -24.423128 31.280334 3.999997
vertex -24.423128 31.280334 14.999990
endloop
endfacet
facet normal 0.956940 -0.290285 0.000000
outer loop
vertex -24.423128 31.280334 3.999997
vertex -24.195503 32.030704 3.999997
vertex -24.195503 32.030704 14.999990
endloop
endfacet
facet normal 0.956938 -0.290291 0.000000
outer loop
vertex -24.423128 31.280334 3.999997
vertex -24.195503 32.030704 14.999990
vertex -24.423128 31.280334 14.999990
endloop
endfacet
facet normal 0.881921 -0.471397 0.000000
outer loop
vertex -24.195503 32.030704 3.999997
vertex -23.825863 32.722252 3.999997
vertex -23.825863 32.722252 14.999990
endloop
endfacet
facet normal 0.881921 -0.471397 0.000000
outer loop
vertex -24.195503 32.030704 3.999997
vertex -23.825863 32.722252 14.999990
vertex -24.195503 32.030704 14.999990
endloop
endfacet
facet normal 0.773010 -0.634394 0.000000
outer loop
vertex -23.825863 32.722252 3.999997
vertex -23.328411 33.328400 3.999997
vertex -23.328411 33.328400 14.999990
endloop
endfacet
facet normal 0.773010 -0.634394 0.000000
outer loop
vertex -23.825863 32.722252 3.999997
vertex -23.328411 33.328400 14.999990
vertex -23.825863 32.722252 14.999990
endloop
endfacet
facet normal 0.634392 -0.773011 0.000000
outer loop
vertex -23.328411 33.328400 3.999997
vertex -22.722269 33.825848 3.999997
vertex -22.722269 33.825848 14.999990
endloop
endfacet
facet normal 0.634396 -0.773008 0.000000
outer loop
vertex -23.328411 33.328400 3.999997
vertex -22.722269 33.825848 14.999990
vertex -23.328411 33.328400 14.999990
endloop
endfacet
facet normal 0.471397 -0.881921 0.000000
outer loop
vertex -22.722269 33.825848 3.999997
vertex -22.030722 34.195488 3.999997
vertex -22.030722 34.195488 14.999990
endloop
endfacet
facet normal 0.471397 -0.881921 0.000000
outer loop
vertex -22.722269 33.825848 3.999997
vertex -22.030722 34.195488 14.999990
vertex -22.722269 33.825848 14.999990
endloop
endfacet
facet normal 0.290284 -0.956941 0.000000
outer loop
vertex -22.030722 34.195488 3.999997
vertex -21.280348 34.423111 3.999997
vertex -21.280348 34.423111 14.999990
endloop
endfacet
facet normal 0.290285 -0.956940 0.000000
outer loop
vertex -22.030722 34.195488 3.999997
vertex -21.280348 34.423111 14.999990
vertex -22.030722 34.195488 14.999990
endloop
endfacet
facet normal 0.098022 -0.995184 0.000000
outer loop
vertex -21.280348 34.423111 3.999997
vertex -20.499989 34.499973 3.999997
vertex -20.499989 34.499973 14.999990
endloop
endfacet
facet normal 0.098022 -0.995184 0.000000
outer loop
vertex -21.280348 34.423111 3.999997
vertex -20.499989 34.499973 14.999990
vertex -21.280348 34.423111 14.999990
endloop
endfacet
facet normal -0.098022 -0.995184 0.000000
outer loop
vertex -20.499989 34.499973 3.999997
vertex -19.719629 34.423111 3.999997
vertex -19.719629 34.423111 14.999990
endloop
endfacet
facet normal -0.098022 -0.995184 0.000000
outer loop
vertex -20.499989 34.499973 3.999997
vertex -19.719629 34.423111 14.999990
vertex -20.499989 34.499973 14.999990
endloop
endfacet
facet normal -0.290279 -0.956942 0.000000
outer loop
vertex -19.719629 34.423111 3.999997
vertex -18.969257 34.195492 3.999997
vertex -18.969257 34.195492 14.999990
endloop
endfacet
facet normal -0.290281 -0.956941 0.000000
outer loop
vertex -19.719629 34.423111 3.999997
vertex -18.969257 34.195492 14.999990
vertex -19.719629 34.423111 14.999990
endloop
endfacet
facet normal -0.471401 -0.881919 0.000000
outer loop
vertex -18.969257 34.195492 3.999997
vertex -18.277710 33.825848 3.999997
vertex -18.277710 33.825848 14.999990
endloop
endfacet
facet normal -0.471402 -0.881918 0.000000
outer loop
vertex -18.969257 34.195492 3.999997
vertex -18.277710 33.825848 14.999990
vertex -18.969257 34.195492 14.999990
endloop
endfacet
facet normal -0.634391 -0.773013 0.000000
outer loop
vertex -18.277710 33.825848 3.999997
vertex -17.671562 33.328400 3.999997
vertex -17.671562 33.328400 14.999990
endloop
endfacet
facet normal -0.634389 -0.773014 0.000000
outer loop
vertex -18.277710 33.825848 3.999997
vertex -17.671562 33.328400 14.999990
vertex -18.277710 33.825848 14.999990
endloop
endfacet
facet normal -0.773013 -0.634390 0.000000
outer loop
vertex -17.671562 33.328400 3.999997
vertex -17.174112 32.722252 3.999997
vertex -17.174112 32.722252 14.999990
endloop
endfacet
facet normal -0.773010 -0.634394 0.000000
outer loop
vertex -17.671562 33.328400 3.999997
vertex -17.174112 32.722252 14.999990
vertex -17.671562 33.328400 14.999990
endloop
endfacet
facet normal -0.881924 -0.471392 0.000000
outer loop
vertex -17.174112 32.722252 3.999997
vertex -16.804474 32.030704 3.999997
vertex -16.804474 32.030704 14.999990
endloop
endfacet
facet normal -0.881921 -0.471397 0.000000
outer loop
vertex -17.174112 32.722252 3.999997
vertex -16.804474 32.030704 14.999990
vertex -17.174112 32.722252 14.999990
endloop
endfacet
facet normal -0.956941 -0.290284 0.000000
outer loop
vertex -16.804474 32.030704 3.999997
vertex -16.576851 31.280331 3.999997
vertex -16.576851 31.280331 14.999990
endloop
endfacet
facet normal -0.956940 -0.290287 0.000000
outer loop
vertex -16.804474 32.030704 3.999997
vertex -16.576851 31.280331 14.999990
vertex -16.804474 32.030704 14.999990
endloop
endfacet
facet normal -0.995184 -0.098023 0.000000
outer loop
vertex -16.576851 31.280331 3.999997
vertex -16.499990 30.499975 3.999997
vertex -16.499990 30.499975 14.999990
endloop
endfacet
facet normal -0.995185 -0.098016 0.000000
outer loop
vertex -16.576851 31.280331 3.999997
vertex -16.499990 30.499975 14.999990
vertex -16.576851 31.280331 14.999990
endloop
endfacet
facet normal -0.995185 0.098016 0.000000
outer loop
vertex -16.499990 30.499975 0.000000
vertex -16.576851 29.719616 0.000000
vertex -16.576851 29.719616 14.999990
endloop
endfacet
facet normal -0.995184 0.098023 0.000000
outer loop
vertex -16.499990 30.499975 0.000000
vertex -16.576851 29.719616 14.999990
vertex -16.499990 30.499975 14.999990
endloop
endfacet
facet normal -0.956940 0.290284 0.000000
outer loop
vertex -16.804476 28.969244 14.999990
vertex -16.576851 29.719616 14.999990
vertex -16.576851 29.719616 0.000000
endloop
endfacet
facet normal -0.956939 0.290289 0.000000
outer loop
vertex -16.804476 28.969244 14.999990
vertex -16.576851 29.719616 0.000000
vertex -16.804476 28.969244 0.000000
endloop
endfacet
facet normal -0.881923 0.471393 0.000000
outer loop
vertex -17.174112 28.277695 14.999990
vertex -16.804476 28.969244 14.999990
vertex -16.804476 28.969244 0.000000
endloop
endfacet
facet normal -0.881923 0.471393 0.000000
outer loop
vertex -17.174112 28.277695 14.999990
vertex -16.804476 28.969244 0.000000
vertex -17.174112 28.277695 0.000000
endloop
endfacet
facet normal -0.773012 0.634392 0.000000
outer loop
vertex -17.671562 27.671549 14.999990
vertex -17.174112 28.277695 14.999990
vertex -17.174112 28.277695 0.000000
endloop
endfacet
facet normal -0.773012 0.634392 0.000000
outer loop
vertex -17.671562 27.671549 14.999990
vertex -17.174112 28.277695 0.000000
vertex -17.671562 27.671549 0.000000
endloop
endfacet
facet normal -0.634391 0.773013 0.000000
outer loop
vertex -17.671562 27.671549 14.999990
vertex -17.671562 27.671549 0.000000
vertex -18.277708 27.174099 0.000000
endloop
endfacet
facet normal -0.634393 0.773011 0.000000
outer loop
vertex -17.671562 27.671549 14.999990
vertex -18.277708 27.174099 0.000000
vertex -18.277708 27.174099 14.999990
endloop
endfacet
facet normal -0.471397 0.881921 0.000000
outer loop
vertex -18.277708 27.174099 14.999990
vertex -18.277708 27.174099 0.000000
vertex -18.969257 26.804461 0.000000
endloop
endfacet
facet normal -0.471392 0.881924 0.000000
outer loop
vertex -18.277708 27.174099 14.999990
vertex -18.969257 26.804461 0.000000
vertex -18.969257 26.804461 14.999990
endloop
endfacet
facet normal -0.290287 0.956939 0.000000
outer loop
vertex -18.969257 26.804461 14.999990
vertex -18.969257 26.804461 0.000000
vertex -19.719627 26.576836 0.000000
endloop
endfacet
facet normal -0.290289 0.956939 0.000000
outer loop
vertex -18.969257 26.804461 14.999990
vertex -19.719627 26.576836 0.000000
vertex -19.719627 26.576836 14.999990
endloop
endfacet
facet normal -0.098017 0.995185 0.000000
outer loop
vertex -19.719627 26.576836 14.999990
vertex -19.719627 26.576836 0.000000
vertex -20.499987 26.499977 0.000000
endloop
endfacet
facet normal -0.098017 0.995185 0.000000
outer loop
vertex -19.719627 26.576836 14.999990
vertex -20.499987 26.499977 0.000000
vertex -20.499987 26.499977 14.999990
endloop
endfacet
facet normal 0.098016 0.995185 0.000000
outer loop
vertex -20.499987 26.499977 14.999990
vertex -20.499987 26.499977 0.000000
vertex -21.280350 26.576836 0.000000
endloop
endfacet
facet normal 0.098016 0.995185 0.000000
outer loop
vertex -20.499987 26.499977 14.999990
vertex -21.280350 26.576836 0.000000
vertex -21.280350 26.576836 14.999990
endloop
endfacet
facet normal 0.290285 0.956940 0.000000
outer loop
vertex -21.280350 26.576836 14.999990
vertex -21.280350 26.576836 0.000000
vertex -22.030720 26.804459 0.000000
endloop
endfacet
facet normal 0.290285 0.956940 0.000000
outer loop
vertex -21.280350 26.576836 14.999990
vertex -22.030720 26.804459 0.000000
vertex -22.030720 26.804459 14.999990
endloop
endfacet
facet normal 0.471401 0.881919 0.000000
outer loop
vertex -22.030720 26.804459 14.999990
vertex -22.030720 26.804459 0.000000
vertex -22.722265 27.174099 0.000000
endloop
endfacet
facet normal 0.471396 0.881921 0.000000
outer loop
vertex -22.030720 26.804459 14.999990
vertex -22.722265 27.174099 0.000000
vertex -22.722265 27.174099 14.999990
endloop
endfacet
facet normal 0.634389 0.773014 0.000000
outer loop
vertex -22.722265 27.174099 14.999990
vertex -22.722265 27.174099 0.000000
vertex -23.328413 27.671547 0.000000
endloop
endfacet
facet normal 0.634389 0.773014 0.000000
outer loop
vertex -22.722265 27.174099 14.999990
vertex -23.328413 27.671547 0.000000
vertex -23.328413 27.671547 14.999990
endloop
endfacet
facet normal 0.773015 0.634387 0.000000
outer loop
vertex -23.328413 27.671547 14.999990
vertex -23.328413 27.671547 0.000000
vertex -23.825863 28.277695 0.000000
endloop
endfacet
facet normal 0.773010 0.634394 0.000000
outer loop
vertex -23.328413 27.671547 14.999990
vertex -23.825863 28.277695 0.000000
vertex -23.825863 28.277695 14.999990
endloop
endfacet
facet normal 0.881920 0.471399 0.000000
outer loop
vertex -23.825863 28.277695 14.999990
vertex -23.825863 28.277695 0.000000
vertex -24.195503 28.969240 0.000000
endloop
endfacet
facet normal 0.881922 0.471395 0.000000
outer loop
vertex -23.825863 28.277695 14.999990
vertex -24.195503 28.969240 0.000000
vertex -24.195503 28.969240 14.999990
endloop
endfacet
facet normal 0.000000 0.000000 -1.000000
outer loop
vertex -24.423128 31.280334 14.999990
vertex -24.195503 32.030704 14.999990
vertex -23.825863 32.722252 14.999990
endloop
endfacet
facet normal 0.000008 0.000000 -1.000000
outer loop
vertex -23.825863 32.722252 14.999990
vertex -23.328411 33.328400 14.999990
vertex -22.722269 33.825848 14.999990
endloop
endfacet
facet normal -0.000008 0.000000 -1.000000
outer loop
vertex -22.722269 33.825848 14.999990
vertex -22.030722 34.195488 14.999990
vertex -21.280348 34.423111 14.999990
endloop
endfacet
facet normal 0.000000 0.000000 -1.000000
outer loop
vertex -21.280348 34.423111 14.999990
vertex -20.499989 34.499973 14.999990
vertex -19.719629 34.423111 14.999990
endloop
endfacet
facet normal 0.000008 0.000000 -1.000000
outer loop
vertex -19.719629 34.423111 14.999990
vertex -18.969257 34.195492 14.999990
vertex -18.277710 33.825848 14.999990
endloop
endfacet
facet normal -0.000016 0.000000 -1.000000
outer loop
vertex -18.277710 33.825848 14.999990
vertex -17.671562 33.328400 14.999990
vertex -17.174112 32.722252 14.999990
endloop
endfacet
facet normal 0.000000 0.000000 -1.000000
outer loop
vertex -17.174112 32.722252 14.999990
vertex -16.804474 32.030704 14.999990
vertex -16.576851 31.280331 14.999990
endloop
endfacet
facet normal 0.000000 0.000000 -1.000000
outer loop
vertex -16.576851 31.280331 14.999990
vertex -16.499990 30.499975 14.999990
vertex -16.576851 29.719616 14.999990
endloop
endfacet
facet normal 0.000000 0.000000 -1.000000
outer loop
vertex -16.576851 29.719616 14.999990
vertex -16.804476 28.969244 14.999990
vertex -17.174112 28.277695 14.999990
endloop
endfacet
facet normal -0.000008 0.000000 -1.000000
outer loop
vertex -17.174112 28.277695 14.999990
vertex -17.671562 27.671549 14.999990
vertex -18.277708 27.174099 14.999990
endloop
endfacet
facet normal 0.000008 0.000000 -1.000000
outer loop
vertex -18.277708 27.174099 14.999990
vertex -18.969257 26.804461 14.999990
vertex -19.719627 26.576836 14.999990
endloop
endfacet
facet normal 0.000000 0.000000 -1.000000
outer loop
vertex -19.719627 26.576836 14.999990
vertex -20.499987 26.499977 14.999990
vertex -21.280350 26.576836 14.999990
endloop
endfacet
facet normal -0.000008 0.000000 -1.000000
outer loop
vertex -21.280350 26.576836 14.999990
vertex -22.030720 26.804459 14.999990
vertex -22.722265 27.174099 14.999990
endloop
endfacet
facet normal 0.000016 0.000000 -1.000000
outer loop
vertex -22.722265 27.174099 14.999990
vertex -23.328413 27.671547 14.999990
vertex -23.825863 28.277695 14.999990
endloop
endfacet
facet normal 0.000000 0.000000 -1.000000
outer loop
vertex -23.825863 28.277695 14.999990
vertex -24.195503 28.969240 14.999990
vertex -24.423126 29.719614 14.999990
endloop
endfacet
facet normal 0.000000 0.000000 -1.000000
outer loop
vertex -24.423126 29.719614 14.999990
vertex -24.499985 30.499973 14.999990
vertex -24.423128 31.280334 14.999990
endloop
endfacet
facet normal 0.000000 0.000000 -1.000000
outer loop
vertex -24.423128 31.280334 14.999990
vertex -23.825863 32.722252 14.999990
vertex -22.722269 33.825848 14.999990
endloop
endfacet
facet normal 0.000000 0.000000 -1.000000
outer loop
vertex -22.722269 33.825848 14.999990
vertex -21.280348 34.423111 14.999990
vertex -19.719629 34.423111 14.999990
endloop
endfacet
facet normal 0.000000 0.000000 -1.000000
outer loop
vertex -19.719629 34.423111 14.999990
vertex -18.277710 33.825848 14.999990
vertex -17.174112 32.722252 14.999990
endloop
endfacet
facet normal -0.000004 0.000000 -1.000000
outer loop
vertex -17.174112 32.722252 14.999990
vertex -16.576851 31.280331 14.999990
vertex -16.576851 29.719616 14.999990
endloop
endfacet
facet normal 0.000000 0.000000 -1.000000
outer loop
vertex -16.576851 29.719616 14.999990
vertex -17.174112 28.277695 14.999990
vertex -18.277708 27.174099 14.999990
endloop
endfacet
facet normal 0.000000 0.000000 -1.000000
outer loop
vertex -18.277708 27.174099 14.999990
vertex -19.719627 26.576836 14.999990
vertex -21.280350 26.576836 14.999990
endloop
endfacet
facet normal 0.000000 0.000000 -1.000000
outer loop
vertex -21.280350 26.576836 14.999990
vertex -22.722265 27.174099 14.999990
vertex -23.825863 28.277695 14.999990
endloop
endfacet
facet normal 0.000004 0.000000 -1.000000
outer loop
vertex -23.825863 28.277695 14.999990
vertex -24.423126 29.719614 14.999990
vertex -24.423128 31.280334 14.999990
endloop
endfacet
facet normal -0.000000 0.000000 -1.000000
outer loop
vertex -24.423128 31.280334 14.999990
vertex -22.722269 33.825848 14.999990
vertex -19.719629 34.423111 14.999990
endloop
endfacet
facet normal 0.000001 0.000000 -1.000000
outer loop
vertex -19.719629 34.423111 14.999990
vertex -17.174112 32.722252 14.999990
vertex -16.576851 29.719616 14.999990
endloop
endfacet
facet normal 0.000000 0.000000 -1.000000
outer loop
vertex -16.576851 29.719616 14.999990
vertex -18.277708 27.174099 14.999990
vertex -21.280350 26.576836 14.999990
endloop
endfacet
facet normal 0.000000 0.000000 -1.000000
outer loop
vertex -21.280350 26.576836 14.999990
vertex -23.825863 28.277695 14.999990
vertex -24.423128 31.280334 14.999990
endloop
endfacet
facet normal 0.000000 0.000000 -1.000000
outer loop
vertex -24.423128 31.280334 14.999990
vertex -19.719629 34.423111 14.999990
vertex -16.576851 29.719616 14.999990
endloop
endfacet
facet normal -0.000000 0.000000 -1.000000
outer loop
vertex -16.576851 29.719616 14.999990
vertex -21.280350 26.576836 14.999990
vertex -24.423128 31.280334 14.999990
endloop
endfacet
facet normal 0.956940 0.290286 0.000000
outer loop
vertex -24.195503 28.969240 14.999990
vertex -24.195503 28.969240 0.000000
vertex -24.423126 29.719614 0.000000
endloop
endfacet
facet normal 0.956940 0.290286 0.000000
outer loop
vertex -24.195503 28.969240 14.999990
vertex -24.423126 29.719614 0.000000
vertex -24.423126 29.719614 14.999990
endloop
endfacet
facet normal 0.995185 0.098017 0.000000
outer loop
vertex -24.423126 29.719614 0.000000
vertex -24.499985 30.499973 0.000000
vertex -24.499985 30.499973 3.999997
endloop
endfacet
facet normal 0.995185 0.098012 0.000000
outer loop
vertex -24.499985 30.499973 3.999997
vertex -24.499985 30.499973 14.999990
vertex -24.423126 29.719614 14.999990
endloop
endfacet
facet normal 0.995185 0.098018 0.000000
outer loop
vertex -24.499985 30.499973 3.999997
vertex -24.423126 29.719614 14.999990
vertex -24.423126 29.719614 0.000000
endloop
endfacet
facet normal -1.000000 0.000000 0.000000
outer loop
vertex -15.499992 30.499975 0.000000
vertex -15.499992 30.499975 3.999997
vertex -15.499993 40.499954 3.999997
endloop
endfacet
facet normal -1.000000 -0.000000 0.000000
outer loop
vertex -15.499992 30.499975 0.000000
vertex -15.499993 40.499954 3.999997
vertex -15.499993 40.499954 0.000000
endloop
endfacet
facet normal 0.000000 1.000000 0.000000
outer loop
vertex -24.499985 30.499973 3.999997
vertex -24.499985 30.499973 0.000000
vertex -25.499983 30.499973 0.000000
endloop
endfacet
facet normal 0.000000 1.000000 0.000000
outer loop
vertex -24.499985 30.499973 3.999997
vertex -25.499983 30.499973 0.000000
vertex -25.499983 30.499973 3.999997
endloop
endfacet
facet normal 1.000000 0.000000 0.000000
outer loop
vertex 15.499980 40.499977 3.999997
vertex 15.499983 30.499979 3.999997
vertex 15.499983 30.499979 0.000000
endloop
endfacet
facet normal 1.000000 0.000000 0.000000
outer loop
vertex 15.499980 40.499977 3.999997
vertex 15.499983 30.499979 0.000000
vertex 15.499980 40.499977 0.000000
endloop
endfacet
facet normal 0.000002 1.000000 0.000000
outer loop
vertex 25.499975 30.499979 0.000000
vertex 24.499977 30.499981 0.000000
vertex 24.499977 30.499981 3.999997
endloop
endfacet
facet normal 0.000002 1.000000 0.000000
outer loop
vertex 25.499975 30.499979 0.000000
vertex 24.499977 30.499981 3.999997
vertex 25.499975 30.499979 3.999997
endloop
endfacet
facet normal 0.000000 0.000000 -1.000000
outer loop
vertex 25.499975 30.499979 3.999997
vertex 24.499977 30.499981 3.999997
vertex 24.423113 31.280338 3.999997
endloop
endfacet
facet normal 0.000000 0.000000 -1.000000
outer loop
vertex 25.499975 30.499979 3.999997
vertex 24.423113 31.280338 3.999997
vertex 24.195494 32.030712 3.999997
endloop
endfacet
facet normal 0.000000 0.000000 -1.000000
outer loop
vertex 16.499981 30.499979 3.999997
vertex 15.499983 30.499979 3.999997
vertex 15.499980 40.499977 3.999997
endloop
endfacet
facet normal 0.000000 0.000000 -1.000000
outer loop
vertex 16.576838 31.280342 3.999997
vertex 16.499981 30.499979 3.999997
vertex 15.499980 40.499977 3.999997
endloop
endfacet
facet normal 0.000000 0.000000 -1.000000
outer loop
vertex 25.499973 40.499989 3.999997
vertex 25.499975 30.499979 3.999997
vertex 24.195494 32.030712 3.999997
endloop
endfacet
facet normal 0.000000 0.000000 -1.000000
outer loop
vertex 25.499973 40.499989 3.999997
vertex 24.195494 32.030712 3.999997
vertex 23.825850 32.722260 3.999997
endloop
endfacet
facet normal -0.000003 0.000000 -1.000000
outer loop
vertex 16.804461 32.030712 3.999997
vertex 16.576838 31.280342 3.999997
vertex 15.499980 40.499977 3.999997
endloop
endfacet
facet normal 0.000000 0.000000 -1.000000
outer loop
vertex 17.174105 32.722260 3.999997
vertex 16.804461 32.030712 3.999997
vertex 15.499980 40.499977 3.999997
endloop
endfacet
facet normal 0.000000 0.000000 -1.000000
outer loop
vertex 25.499973 40.499989 3.999997
vertex 23.825850 32.722260 3.999997
vertex 23.328402 33.328403 3.999997
endloop
endfacet
facet normal -0.000000 0.000000 -1.000000
outer loop
vertex 25.499973 40.499989 3.999997
vertex 23.328402 33.328403 3.999997
vertex 22.722256 33.825855 3.999997
endloop
endfacet
facet normal 0.000000 0.000000 -1.000000
outer loop
vertex 17.671555 33.328407 3.999997
vertex 17.174105 32.722260 3.999997
vertex 15.499980 40.499977 3.999997
endloop
endfacet
facet normal 0.000000 0.000000 -1.000000
outer loop
vertex 18.277697 33.825855 3.999997
vertex 17.671555 33.328407 3.999997
vertex 15.499980 40.499977 3.999997
endloop
endfacet
facet normal 0.000000 0.000000 -1.000000
outer loop
vertex 15.499980 40.499977 3.999997
vertex 25.499973 40.499989 3.999997
vertex 22.722256 33.825855 3.999997
endloop
endfacet
facet normal -0.000001 0.000000 -1.000000
outer loop
vertex 15.499980 40.499977 3.999997
vertex 22.722256 33.825855 3.999997
vertex 22.030708 34.195499 3.999997
endloop
endfacet
facet normal 0.000000 0.000000 -1.000000
outer loop
vertex 18.969244 34.195496 3.999997
vertex 18.277697 33.825855 3.999997
vertex 15.499980 40.499977 3.999997
endloop
endfacet
facet normal 0.000000 0.000000 -1.000000
outer loop
vertex 19.719618 34.423115 3.999997
vertex 18.969244 34.195496 3.999997
vertex 15.499980 40.499977 3.999997
endloop
endfacet
facet normal 0.000000 0.000000 -1.000000
outer loop
vertex 15.499980 40.499977 3.999997
vertex 22.030708 34.195499 3.999997
vertex 21.280338 34.423119 3.999997
endloop
endfacet
facet normal 0.000000 0.000000 -1.000000
outer loop
vertex 20.499979 34.499977 3.999997
vertex 19.719618 34.423115 3.999997
vertex 15.499980 40.499977 3.999997
endloop
endfacet
facet normal 0.000000 0.000000 -1.000000
outer loop
vertex 21.280338 34.423119 3.999997
vertex 20.499979 34.499977 3.999997
vertex 15.499980 40.499977 3.999997
endloop
endfacet
facet normal 0.995185 -0.098015 0.000000
outer loop
vertex 16.499981 30.499979 14.999990
vertex 16.499981 30.499979 3.999997
vertex 16.576838 31.280342 3.999997
endloop
endfacet
facet normal 0.995185 -0.098015 0.000000
outer loop
vertex 16.499981 30.499979 14.999990
vertex 16.576838 31.280342 3.999997
vertex 16.576838 31.280342 14.999990
endloop
endfacet
facet normal 0.956940 -0.290285 0.000000
outer loop
vertex 16.576838 31.280342 3.999997
vertex 16.804461 32.030712 3.999997
vertex 16.804461 32.030712 14.999990
endloop
endfacet
facet normal 0.956940 -0.290285 0.000000
outer loop
vertex 16.576838 31.280342 3.999997
vertex 16.804461 32.030712 14.999990
vertex 16.576838 31.280342 14.999990
endloop
endfacet
facet normal 0.881918 -0.471403 0.000000
outer loop
vertex 16.804461 32.030712 3.999997
vertex 17.174105 32.722260 3.999997
vertex 17.174105 32.722260 14.999990
endloop
endfacet
facet normal 0.881920 -0.471400 0.000000
outer loop
vertex 16.804461 32.030712 3.999997
vertex 17.174105 32.722260 14.999990
vertex 16.804461 32.030712 14.999990
endloop
endfacet
facet normal 0.773012 -0.634392 0.000000
outer loop
vertex 17.174105 32.722260 3.999997
vertex 17.671555 33.328407 3.999997
vertex 17.671555 33.328407 14.999990
endloop
endfacet
facet normal 0.773013 -0.634390 0.000000
outer loop
vertex 17.174105 32.722260 3.999997
vertex 17.671555 33.328407 14.999990
vertex 17.174105 32.722260 14.999990
endloop
endfacet
facet normal 0.634392 -0.773011 0.000000
outer loop
vertex 17.671555 33.328407 3.999997
vertex 18.277697 33.825855 3.999997
vertex 18.277697 33.825855 14.999990
endloop
endfacet
facet normal 0.634394 -0.773010 0.000000
outer loop
vertex 17.671555 33.328407 3.999997
vertex 18.277697 33.825855 14.999990
vertex 17.671555 33.328407 14.999990
endloop
endfacet
facet normal 0.471397 -0.881921 0.000000
outer loop
vertex 18.277697 33.825855 3.999997
vertex 18.969244 34.195496 3.999997
vertex 18.969244 34.195496 14.999990
endloop
endfacet
facet normal 0.471397 -0.881921 0.000000
outer loop
vertex 18.277697 33.825855 3.999997
vertex 18.969244 34.195496 14.999990
vertex 18.277697 33.825855 14.999990
endloop
endfacet
facet normal 0.290279 -0.956942 0.000000
outer loop
vertex 18.969244 34.195496 3.999997
vertex 19.719618 34.423115 3.999997
vertex 19.719618 34.423115 14.999990
endloop
endfacet
facet normal 0.290280 -0.956942 0.000000
outer loop
vertex 18.969244 34.195496 3.999997
vertex 19.719618 34.423115 14.999990
vertex 18.969244 34.195496 14.999990
endloop
endfacet
facet normal 0.098021 -0.995184 0.000000
outer loop
vertex 19.719618 34.423115 3.999997
vertex 20.499979 34.499977 3.999997
vertex 20.499979 34.499977 14.999990
endloop
endfacet
facet normal 0.098022 -0.995184 0.000000
outer loop
vertex 19.719618 34.423115 3.999997
vertex 20.499979 34.499977 14.999990
vertex 19.719618 34.423115 14.999990
endloop
endfacet
facet normal -0.098017 -0.995185 0.000000
outer loop
vertex 20.499979 34.499977 3.999997
vertex 21.280338 34.423119 3.999997
vertex 21.280338 34.423119 14.999990
endloop
endfacet
facet normal -0.098017 -0.995185 0.000000
outer loop
vertex 20.499979 34.499977 3.999997
vertex 21.280338 34.423119 14.999990
vertex 20.499979 34.499977 14.999990
endloop
endfacet
facet normal -0.290281 -0.956941 0.000000
outer loop
vertex 21.280338 34.423119 3.999997
vertex 22.030708 34.195499 3.999997
vertex 22.030708 34.195499 14.999990
endloop
endfacet
facet normal -0.290281 -0.956941 0.000000
outer loop
vertex 21.280338 34.423119 3.999997
vertex 22.030708 34.195499 14.999990
vertex 21.280338 34.423119 14.999990
endloop
endfacet
facet normal -0.471401 -0.881919 0.000000
outer loop
vertex 22.030708 34.195499 3.999997
vertex 22.722256 33.825855 3.999997
vertex 22.722256 33.825855 14.999990
endloop
endfacet
facet normal -0.471401 -0.881919 0.000000
outer loop
vertex 22.030708 34.195499 3.999997
vertex 22.722256 33.825855 14.999990
vertex 22.030708 34.195499 14.999990
endloop
endfacet
facet normal -0.634394 -0.773010 0.000000
outer loop
vertex 22.722256 33.825855 3.999997
vertex 23.328402 33.328403 3.999997
vertex 23.328402 33.328403 14.999990
endloop
endfacet
facet normal -0.634394 -0.773010 0.000000
outer loop
vertex 22.722256 33.825855 3.999997
vertex 23.328402 33.328403 14.999990
vertex 22.722256 33.825855 14.999990
endloop
endfacet
facet normal -0.773011 -0.634392 0.000000
outer loop
vertex 23.328402 33.328403 3.999997
vertex 23.825850 32.722260 3.999997
vertex 23.825850 32.722260 14.999990
endloop
endfacet
facet normal -0.773011 -0.634392 0.000000
outer loop
vertex 23.328402 33.328403 3.999997
vertex 23.825850 32.722260 14.999990
vertex 23.328402 33.328403 14.999990
endloop
endfacet
facet normal -0.881921 -0.471397 0.000000
outer loop
vertex 23.825850 32.722260 3.999997
vertex 24.195494 32.030712 3.999997
vertex 24.195494 32.030712 14.999990
endloop
endfacet
facet normal -0.881918 -0.471403 0.000000
outer loop
vertex 23.825850 32.722260 3.999997
vertex 24.195494 32.030712 14.999990
vertex 23.825850 32.722260 14.999990
endloop
endfacet
facet normal -0.956943 -0.290277 0.000000
outer loop
vertex 24.195494 32.030712 3.999997
vertex 24.423113 31.280338 3.999997
vertex 24.423113 31.280338 14.999990
endloop
endfacet
facet normal -0.956941 -0.290284 0.000000
outer loop
vertex 24.195494 32.030712 3.999997
vertex 24.423113 31.280338 14.999990
vertex 24.195494 32.030712 14.999990
endloop
endfacet
facet normal -0.995184 -0.098026 0.000000
outer loop
vertex 24.423113 31.280338 3.999997
vertex 24.499977 30.499981 3.999997
vertex 24.499977 30.499981 14.999990
endloop
endfacet
facet normal -0.995184 -0.098026 0.000000
outer loop
vertex 24.423113 31.280338 3.999997
vertex 24.499977 30.499981 14.999990
vertex 24.423113 31.280338 14.999990
endloop
endfacet
facet normal -0.995184 0.098024 0.000000
outer loop
vertex 24.499977 30.499981 0.000000
vertex 24.423115 29.719624 0.000000
vertex 24.423115 29.719624 14.999990
endloop
endfacet
facet normal -0.995185 0.098019 0.000000
outer loop
vertex 24.499977 30.499981 0.000000
vertex 24.423115 29.719624 14.999990
vertex 24.499977 30.499981 14.999990
endloop
endfacet
facet normal -0.956942 0.290281 0.000000
outer loop
vertex 24.195496 28.969248 14.999990
vertex 24.423115 29.719624 14.999990
vertex 24.423115 29.719624 0.000000
endloop
endfacet
facet normal -0.956943 0.290276 0.000000
outer loop
vertex 24.195496 28.969248 14.999990
vertex 24.423115 29.719624 0.000000
vertex 24.195496 28.969248 0.000000
endloop
endfacet
facet normal -0.881918 0.471402 0.000000
outer loop
vertex 23.825853 28.277700 14.999990
vertex 24.195496 28.969248 14.999990
vertex 24.195496 28.969248 0.000000
endloop
endfacet
facet normal -0.881920 0.471398 0.000000
outer loop
vertex 23.825853 28.277700 14.999990
vertex 24.195496 28.969248 0.000000
vertex 23.825853 28.277700 0.000000
endloop
endfacet
facet normal -0.773013 0.634390 0.000000
outer loop
vertex 23.328405 27.671556 14.999990
vertex 23.825853 28.277700 14.999990
vertex 23.825853 28.277700 0.000000
endloop
endfacet
facet normal -0.773011 0.634393 0.000000
outer loop
vertex 23.328405 27.671556 14.999990
vertex 23.825853 28.277700 0.000000
vertex 23.328405 27.671556 0.000000
endloop
endfacet
facet normal -0.634393 0.773011 0.000000
outer loop
vertex 23.328405 27.671556 14.999990
vertex 23.328405 27.671556 0.000000
vertex 22.722261 27.174107 0.000000
endloop
endfacet
facet normal -0.634393 0.773011 0.000000
outer loop
vertex 23.328405 27.671556 14.999990
vertex 22.722261 27.174107 0.000000
vertex 22.722261 27.174107 14.999990
endloop
endfacet
facet normal -0.471399 0.881920 0.000000
outer loop
vertex 22.722261 27.174107 14.999990
vertex 22.722261 27.174107 0.000000
vertex 22.030712 26.804466 0.000000
endloop
endfacet
facet normal -0.471394 0.881923 0.000000
outer loop
vertex 22.722261 27.174107 14.999990
vertex 22.030712 26.804466 0.000000
vertex 22.030712 26.804466 14.999990
endloop
endfacet
facet normal -0.290282 0.956941 0.000000
outer loop
vertex 22.030712 26.804466 14.999990
vertex 22.030712 26.804466 0.000000
vertex 21.280334 26.576843 0.000000
endloop
endfacet
facet normal -0.290284 0.956941 0.000000
outer loop
vertex 22.030712 26.804466 14.999990
vertex 21.280334 26.576843 0.000000
vertex 21.280334 26.576843 14.999990
endloop
endfacet
facet normal -0.098017 0.995185 0.000000
outer loop
vertex 21.280334 26.576843 14.999990
vertex 21.280334 26.576843 0.000000
vertex 20.499975 26.499985 0.000000
endloop
endfacet
facet normal -0.098017 0.995185 0.000000
outer loop
vertex 21.280334 26.576843 14.999990
vertex 20.499975 26.499985 0.000000
vertex 20.499975 26.499985 14.999990
endloop
endfacet
facet normal 0.098017 0.995185 0.000000
outer loop
vertex 20.499975 26.499985 14.999990
vertex 20.499975 26.499985 0.000000
vertex 19.719618 26.576843 0.000000
endloop
endfacet
facet normal 0.098017 0.995185 0.000000
outer loop
vertex 20.499975 26.499985 14.999990
vertex 19.719618 26.576843 0.000000
vertex 19.719618 26.576843 14.999990
endloop
endfacet
facet normal 0.290285 0.956940 0.000000
outer loop
vertex 19.719618 26.576843 14.999990
vertex 19.719618 26.576843 0.000000
vertex 18.969246 26.804466 0.000000
endloop
endfacet
facet normal 0.290284 0.956941 0.000000
outer loop
vertex 19.719618 26.576843 14.999990
vertex 18.969246 26.804466 0.000000
vertex 18.969246 26.804466 14.999990
endloop
endfacet
facet normal 0.471399 0.881920 0.000000
outer loop
vertex 18.969246 26.804466 14.999990
vertex 18.969246 26.804466 0.000000
vertex 18.277700 27.174105 0.000000
endloop
endfacet
facet normal 0.471394 0.881922 0.000000
outer loop
vertex 18.969246 26.804466 14.999990
vertex 18.277700 27.174105 0.000000
vertex 18.277700 27.174105 14.999990
endloop
endfacet
facet normal 0.634391 0.773013 0.000000
outer loop
vertex 18.277700 27.174105 14.999990
vertex 18.277700 27.174105 0.000000
vertex 17.671553 27.671555 0.000000
endloop
endfacet
facet normal 0.634391 0.773013 0.000000
outer loop
vertex 18.277700 27.174105 14.999990
vertex 17.671553 27.671555 0.000000
vertex 17.671553 27.671555 14.999990
endloop
endfacet
facet normal 0.773014 0.634389 0.000000
outer loop
vertex 17.671553 27.671555 14.999990
vertex 17.671553 27.671555 0.000000
vertex 17.174103 28.277700 0.000000
endloop
endfacet
facet normal 0.773009 0.634395 0.000000
outer loop
vertex 17.671553 27.671555 14.999990
vertex 17.174103 28.277700 0.000000
vertex 17.174103 28.277700 14.999990
endloop
endfacet
facet normal 0.881921 0.471396 0.000000
outer loop
vertex 17.174103 28.277700 14.999990
vertex 17.174103 28.277700 0.000000
vertex 16.804462 28.969248 0.000000
endloop
endfacet
facet normal 0.881920 0.471398 0.000000
outer loop
vertex 17.174103 28.277700 14.999990
vertex 16.804462 28.969248 0.000000
vertex 16.804462 28.969248 14.999990
endloop
endfacet
facet normal 0.000016 0.000000 -1.000000
outer loop
vertex 16.804461 32.030712 14.999990
vertex 17.174105 32.722260 14.999990
vertex 17.671555 33.328407 14.999990
endloop
endfacet
facet normal -0.000008 0.000000 -1.000000
outer loop
vertex 17.671555 33.328407 14.999990
vertex 18.277697 33.825855 14.999990
vertex 18.969244 34.195496 14.999990
endloop
endfacet
facet normal -0.000002 0.000000 -1.000000
outer loop
vertex 18.969244 34.195496 14.999990
vertex 19.719618 34.423115 14.999990
vertex 20.499979 34.499977 14.999990
endloop
endfacet
facet normal 0.000000 0.000000 -1.000000
outer loop
vertex 20.499979 34.499977 14.999990
vertex 21.280338 34.423119 14.999990
vertex 22.030708 34.195499 14.999990
endloop
endfacet
facet normal 0.000008 0.000000 -1.000000
outer loop
vertex 22.030708 34.195499 14.999990
vertex 22.722256 33.825855 14.999990
vertex 23.328402 33.328403 14.999990
endloop
endfacet
facet normal -0.000016 0.000000 -1.000000
outer loop
vertex 23.328402 33.328403 14.999990
vertex 23.825850 32.722260 14.999990
vertex 24.195494 32.030712 14.999990
endloop
endfacet
facet normal -0.000016 0.000000 -1.000000
outer loop
vertex 24.195494 32.030712 14.999990
vertex 24.423113 31.280338 14.999990
vertex 24.499977 30.499981 14.999990
endloop
endfacet
facet normal -0.000016 0.000000 -1.000000
outer loop
vertex 24.499977 30.499981 14.999990
vertex 24.423115 29.719624 14.999990
vertex 24.195496 28.969248 14.999990
endloop
endfacet
facet normal -0.000016 0.000000 -1.000000
outer loop
vertex 24.195496 28.969248 14.999990
vertex 23.825853 28.277700 14.999990
vertex 23.328405 27.671556 14.999990
endloop
endfacet
facet normal 0.000008 0.000000 -1.000000
outer loop
vertex 23.328405 27.671556 14.999990
vertex 22.722261 27.174107 14.999990
vertex 22.030712 26.804466 14.999990
endloop
endfacet
facet normal 0.000002 0.000000 -1.000000
outer loop
vertex 22.030712 26.804466 14.999990
vertex 21.280334 26.576843 14.999990
vertex 20.499975 26.499985 14.999990
endloop
endfacet
facet normal 0.000000 0.000000 -1.000000
outer loop
vertex 20.499975 26.499985 14.999990
vertex 19.719618 26.576843 14.999990
vertex 18.969246 26.804466 14.999990
endloop
endfacet
facet normal -0.000008 0.000000 -1.000000
outer loop
vertex 18.969246 26.804466 14.999990
vertex 18.277700 27.174105 14.999990
vertex 17.671553 27.671555 14.999990
endloop
endfacet
facet normal 0.000016 0.000000 -1.000000
outer loop
vertex 17.671553 27.671555 14.999990
vertex 17.174103 28.277700 14.999990
vertex 16.804462 28.969248 14.999990
endloop
endfacet
facet normal 0.000016 0.000000 -1.000000
outer loop
vertex 16.804462 28.969248 14.999990
vertex 16.576839 29.719620 14.999990
vertex 16.499981 30.499979 14.999990
endloop
endfacet
facet normal 0.000016 0.000000 -1.000000
outer loop
vertex 16.499981 30.499979 14.999990
vertex 16.576838 31.280342 14.999990
vertex 16.804461 32.030712 14.999990
endloop
endfacet
facet normal 0.000000 0.000000 -1.000000
outer loop
vertex 16.804461 32.030712 14.999990
vertex 17.671555 33.328407 14.999990
vertex 18.969244 34.195496 14.999990
endloop
endfacet
facet normal 0.000000 0.000000 -1.000000
outer loop
vertex 18.969244 34.195496 14.999990
vertex 20.499979 34.499977 14.999990
vertex 22.030708 34.195499 14.999990
endloop
endfacet
facet normal 0.000000 0.000000 -1.000000
outer loop
vertex 22.030708 34.195499 14.999990
vertex 23.328402 33.328403 14.999990
vertex 24.195494 32.030712 14.999990
endloop
endfacet
facet normal 0.000004 0.000000 -1.000000
outer loop
vertex 24.195494 32.030712 14.999990
vertex 24.499977 30.499981 14.999990
vertex 24.195496 28.969248 14.999990
endloop
endfacet
facet normal -0.000004 0.000000 -1.000000
outer loop
vertex 24.195496 28.969248 14.999990
vertex 23.328405 27.671556 14.999990
vertex 22.030712 26.804466 14.999990
endloop
endfacet
facet normal 0.000000 0.000000 -1.000000
outer loop
vertex 22.030712 26.804466 14.999990
vertex 20.499975 26.499985 14.999990
vertex 18.969246 26.804466 14.999990
endloop
endfacet
facet normal 0.000004 0.000000 -1.000000
outer loop
vertex 18.969246 26.804466 14.999990
vertex 17.671553 27.671555 14.999990
vertex 16.804462 28.969248 14.999990
endloop
endfacet
facet normal -0.000004 0.000000 -1.000000
outer loop
vertex 16.804462 28.969248 14.999990
vertex 16.499981 30.499979 14.999990
vertex 16.804461 32.030712 14.999990
endloop
endfacet
facet normal 0.000000 0.000000 -1.000000
outer loop
vertex 16.804461 32.030712 14.999990
vertex 18.969244 34.195496 14.999990
vertex 22.030708 34.195499 14.999990
endloop
endfacet
facet normal -0.000001 0.000000 -1.000000
outer loop
vertex 22.030708 34.195499 14.999990
vertex 24.195494 32.030712 14.999990
vertex 24.195496 28.969248 14.999990
endloop
endfacet
facet normal 0.000000 0.000000 -1.000000
outer loop
vertex 24.195496 28.969248 14.999990
vertex 22.030712 26.804466 14.999990
vertex 18.969246 26.804466 14.999990
endloop
endfacet
facet normal -0.000001 0.000000 -1.000000
outer loop
vertex 18.969246 26.804466 14.999990
vertex 16.804462 28.969248 14.999990
vertex 16.804461 32.030712 14.999990
endloop
endfacet
facet normal 0.000000 0.000000 -1.000000
outer loop
vertex 16.804461 32.030712 14.999990
vertex 22.030708 34.195499 14.999990
vertex 24.195496 28.969248 14.999990
endloop
endfacet
facet normal 0.000000 0.000000 -1.000000
outer loop
vertex 24.195496 28.969248 14.999990
vertex 18.969246 26.804466 14.999990
vertex 16.804461 32.030712 14.999990
endloop
endfacet
facet normal 0.956940 0.290284 0.000000
outer loop
vertex 16.804462 28.969248 14.999990
vertex 16.804462 28.969248 0.000000
vertex 16.576839 29.719620 0.000000
endloop
endfacet
facet normal 0.956940 0.290284 0.000000
outer loop
vertex 16.804462 28.969248 14.999990
vertex 16.576839 29.719620 0.000000
vertex 16.576839 29.719620 14.999990
endloop
endfacet
facet normal 0.995185 0.098017 0.000000
outer loop
vertex 16.576839 29.719620 0.000000
vertex 16.499981 30.499979 0.000000
vertex 16.499981 30.499979 3.999997
endloop
endfacet
facet normal 0.995185 0.098015 0.000000
outer loop
vertex 16.499981 30.499979 3.999997
vertex 16.499981 30.499979 14.999990
vertex 16.576839 29.719620 14.999990
endloop
endfacet
facet normal 0.995184 0.098021 0.000000
outer loop
vertex 16.499981 30.499979 3.999997
vertex 16.576839 29.719620 14.999990
vertex 16.576839 29.719620 0.000000
endloop
endfacet
facet normal -1.000000 -0.000000 0.000000
outer loop
vertex 25.499975 30.499979 0.000000
vertex 25.499975 30.499979 3.999997
vertex 25.499973 40.499989 3.999997
endloop
endfacet
facet normal -1.000000 0.000000 0.000000
outer loop
vertex 25.499975 30.499979 0.000000
vertex 25.499973 40.499989 3.999997
vertex 25.499973 40.499989 0.000000
endloop
endfacet
facet normal 0.000000 1.000000 0.000000
outer loop
vertex 16.499981 30.499979 3.999997
vertex 16.499981 30.499979 0.000000
vertex 15.499983 30.499979 0.000000
endloop
endfacet
facet normal 0.000000 1.000000 0.000000
outer loop
vertex 16.499981 30.499979 3.999997
vertex 15.499983 30.499979 0.000000
vertex 15.499983 30.499979 3.999997
endloop
endfacet
facet normal 0.000000 -1.000000 0.000000
outer loop
vertex 30.499975 25.499979 3.999997
vertex 30.499975 25.499979 0.000000
vertex 40.499943 25.499981 0.000000
endloop
endfacet
facet normal 0.000000 -1.000000 0.000000
outer loop
vertex 30.499975 25.499979 3.999997
vertex 40.499943 25.499981 0.000000
vertex 40.499943 25.499981 3.999997
endloop
endfacet
facet normal 1.000000 -0.000004 0.000000
outer loop
vertex 30.499973 15.499988 0.000000
vertex 30.499975 16.499987 0.000000
vertex 30.499975 16.499987 3.999997
endloop
endfacet
facet normal 1.000000 0.000000 0.000000
outer loop
vertex 30.499973 15.499988 0.000000
vertex 30.499975 16.499987 3.999997
vertex 30.499973 15.499988 3.999997
endloop
endfacet
facet normal 0.000000 0.000000 -1.000000
outer loop
vertex 31.280334 24.423122 3.999997
vertex 30.499973 24.499979 3.999997
vertex 30.499975 25.499979 3.999997
endloop
endfacet
facet normal 0.000000 0.000000 -1.000000
outer loop
vertex 40.499954 15.499988 3.999997
vertex 30.499973 15.499988 3.999997
vertex 30.499975 16.499987 3.999997
endloop
endfacet
facet normal 0.000000 0.000000 -1.000000
outer loop
vertex 40.499954 15.499988 3.999997
vertex 30.499975 16.499987 3.999997
vertex 31.280331 16.576845 3.999997
endloop
endfacet
facet normal 0.000000 0.000000 -1.000000
outer loop
vertex 31.280334 24.423122 3.999997
vertex 30.499975 25.499979 3.999997
vertex 40.499943 25.499981 3.999997
endloop
endfacet
facet normal 0.000000 0.000000 -1.000000
outer loop
vertex 32.030704 24.195498 3.999997
vertex 31.280334 24.423122 3.999997
vertex 40.499943 25.499981 3.999997
endloop
endfacet
facet normal 0.000000 0.000000 -1.000000
outer loop
vertex 40.499954 15.499988 3.999997
vertex 31.280331 16.576845 3.999997
vertex 32.030704 16.804470 3.999997
endloop
endfacet
facet normal -0.000000 0.000000 -1.000000
outer loop
vertex 40.499954 15.499988 3.999997
vertex 32.030704 16.804470 3.999997
vertex 32.722252 17.174109 3.999997
endloop
endfacet
facet normal 0.000000 0.000000 -1.000000
outer loop
vertex 32.722252 23.825859 3.999997
vertex 32.030704 24.195498 3.999997
vertex 40.499943 25.499981 3.999997
endloop
endfacet
facet normal 0.000000 0.000000 -1.000000
outer loop
vertex 33.328400 23.328407 3.999997
vertex 32.722252 23.825859 3.999997
vertex 40.499943 25.499981 3.999997
endloop
endfacet
facet normal 0.000000 0.000000 -1.000000
outer loop
vertex 40.499954 15.499988 3.999997
vertex 32.722252 17.174109 3.999997
vertex 33.328400 17.671558 3.999997
endloop
endfacet
facet normal 0.000000 0.000000 -1.000000
outer loop
vertex 40.499954 15.499988 3.999997
vertex 33.328400 17.671558 3.999997
vertex 33.825848 18.277704 3.999997
endloop
endfacet
facet normal 0.000000 0.000000 -1.000000
outer loop
vertex 33.328400 23.328407 3.999997
vertex 40.499943 25.499981 3.999997
vertex 40.499954 15.499988 3.999997
endloop
endfacet
facet normal 0.000000 0.000000 -1.000000
outer loop
vertex 33.825848 22.722263 3.999997
vertex 33.328400 23.328407 3.999997
vertex 40.499954 15.499988 3.999997
endloop
endfacet
facet normal 0.000000 0.000000 -1.000000
outer loop
vertex 40.499954 15.499988 3.999997
vertex 33.825848 18.277704 3.999997
vertex 34.195492 18.969252 3.999997
endloop
endfacet
facet normal -0.000000 0.000000 -1.000000
outer loop
vertex 40.499954 15.499988 3.999997
vertex 34.195492 18.969252 3.999997
vertex 34.423111 19.719624 3.999997
endloop
endfacet
facet normal 0.000000 0.000000 -1.000000
outer loop
vertex 34.195488 22.030716 3.999997
vertex 33.825848 22.722263 3.999997
vertex 40.499954 15.499988 3.999997
endloop
endfacet
facet normal -0.000001 0.000000 -1.000000
outer loop
vertex 34.423111 21.280344 3.999997
vertex 34.195488 22.030716 3.999997
vertex 40.499954 15.499988 3.999997
endloop
endfacet
facet normal 0.000000 0.000000 -1.000000
outer loop
vertex 40.499954 15.499988 3.999997
vertex 34.423111 19.719624 3.999997
vertex 34.499973 20.499985 3.999997
endloop
endfacet
facet normal 0.000000 0.000000 -1.000000
outer loop
vertex 34.499973 20.499985 3.999997
vertex 34.423111 21.280344 3.999997
vertex 40.499954 15.499988 3.999997
endloop
endfacet
facet normal -0.098015 -0.995185 0.000000
outer loop
vertex 30.499973 24.499979 14.999990
vertex 30.499973 24.499979 3.999997
vertex 31.280334 24.423122 3.999997
endloop
endfacet
facet normal -0.098014 -0.995185 0.000000
outer loop
vertex 30.499973 24.499979 14.999990
vertex 31.280334 24.423122 3.999997
vertex 31.280334 24.423122 14.999990
endloop
endfacet
facet normal -0.290289 -0.956939 0.000000
outer loop
vertex 31.280334 24.423122 3.999997
vertex 32.030704 24.195498 3.999997
vertex 32.030704 24.195498 14.999990
endloop
endfacet
facet normal -0.290287 -0.956940 0.000000
outer loop
vertex 31.280334 24.423122 3.999997
vertex 32.030704 24.195498 14.999990
vertex 31.280334 24.423122 14.999990
endloop
endfacet
facet normal -0.471397 -0.881921 0.000000
outer loop
vertex 32.030704 24.195498 3.999997
vertex 32.722252 23.825859 3.999997
vertex 32.722252 23.825859 14.999990
endloop
endfacet
facet normal -0.471394 -0.881923 0.000000
outer loop
vertex 32.030704 24.195498 3.999997
vertex 32.722252 23.825859 14.999990
vertex 32.030704 24.195498 14.999990
endloop
endfacet
facet normal -0.634390 -0.773013 0.000000
outer loop
vertex 32.722252 23.825859 3.999997
vertex 33.328400 23.328407 3.999997
vertex 33.328400 23.328407 14.999990
endloop
endfacet
facet normal -0.634394 -0.773010 0.000000
outer loop
vertex 32.722252 23.825859 3.999997
vertex 33.328400 23.328407 14.999990
vertex 32.722252 23.825859 14.999990
endloop
endfacet
facet normal -0.773011 -0.634392 0.000000
outer loop
vertex 33.328400 23.328407 3.999997
vertex 33.825848 22.722263 3.999997
vertex 33.825848 22.722263 14.999990
endloop
endfacet
facet normal -0.773011 -0.634392 0.000000
outer loop
vertex 33.328400 23.328407 3.999997
vertex 33.825848 22.722263 14.999990
vertex 33.328400 23.328407 14.999990
endloop
endfacet
facet normal -0.881918 -0.471403 0.000000
outer loop
vertex 33.825848 22.722263 3.999997
vertex 34.195488 22.030716 3.999997
vertex 34.195488 22.030716 14.999990
endloop
endfacet
facet normal -0.881924 -0.471392 0.000000
outer loop
vertex 33.825848 22.722263 3.999997
vertex 34.195488 22.030716 14.999990
vertex 33.825848 22.722263 14.999990
endloop
endfacet
facet normal -0.956941 -0.290284 0.000000
outer loop
vertex 34.195488 22.030716 3.999997
vertex 34.423111 21.280344 3.999997
vertex 34.423111 21.280344 14.999990
endloop
endfacet
facet normal -0.956941 -0.290284 0.000000
outer loop
vertex 34.195488 22.030716 3.999997
vertex 34.423111 21.280344 14.999990
vertex 34.195488 22.030716 14.999990
endloop
endfacet
facet normal -0.995184 -0.098026 0.000000
outer loop
vertex 34.423111 21.280344 3.999997
vertex 34.499973 20.499985 3.999997
vertex 34.499973 20.499985 14.999990
endloop
endfacet
facet normal -0.995185 -0.098019 0.000000
outer loop
vertex 34.423111 21.280344 3.999997
vertex 34.499973 20.499985 14.999990
vertex 34.423111 21.280344 14.999990
endloop
endfacet
facet normal -0.995185 0.098019 0.000000
outer loop
vertex 34.499973 20.499985 3.999997
vertex 34.423111 19.719624 3.999997
vertex 34.423111 19.719624 14.999990
endloop
endfacet
facet normal -0.995184 0.098026 0.000000
outer loop
vertex 34.499973 20.499985 3.999997
vertex 34.423111 19.719624 14.999990
vertex 34.499973 20.499985 14.999990
endloop
endfacet
facet normal -0.956941 0.290284 0.000000
outer loop
vertex 34.423111 19.719624 3.999997
vertex 34.195492 18.969252 3.999997
vertex 34.195492 18.969252 14.999990
endloop
endfacet
facet normal -0.956942 0.290278 0.000000
outer loop
vertex 34.423111 19.719624 3.999997
vertex 34.195492 18.969252 14.999990
vertex 34.423111 19.719624 14.999990
endloop
endfacet
facet normal -0.881921 0.471397 0.000000
outer loop
vertex 34.195492 18.969252 3.999997
vertex 33.825848 18.277704 3.999997
vertex 33.825848 18.277704 14.999990
endloop
endfacet
facet normal -0.881918 0.471403 0.000000
outer loop
vertex 34.195492 18.969252 3.999997
vertex 33.825848 18.277704 14.999990
vertex 34.195492 18.969252 14.999990
endloop
endfacet
facet normal -0.773012 0.634391 0.000000
outer loop
vertex 33.825848 18.277704 3.999997
vertex 33.328400 17.671558 3.999997
vertex 33.328400 17.671558 14.999990
endloop
endfacet
facet normal -0.773012 0.634391 0.000000
outer loop
vertex 33.825848 18.277704 3.999997
vertex 33.328400 17.671558 14.999990
vertex 33.825848 18.277704 14.999990
endloop
endfacet
facet normal -0.634392 0.773011 0.000000
outer loop
vertex 33.328400 17.671558 3.999997
vertex 32.722252 17.174109 3.999997
vertex 32.722252 17.174109 14.999990
endloop
endfacet
facet normal -0.634389 0.773014 0.000000
outer loop
vertex 33.328400 17.671558 3.999997
vertex 32.722252 17.174109 14.999990
vertex 33.328400 17.671558 14.999990
endloop
endfacet
facet normal -0.471394 0.881923 0.000000
outer loop
vertex 32.722252 17.174109 3.999997
vertex 32.030704 16.804470 3.999997
vertex 32.030704 16.804470 14.999990
endloop
endfacet
facet normal -0.471396 0.881921 0.000000
outer loop
vertex 32.722252 17.174109 3.999997
vertex 32.030704 16.804470 14.999990
vertex 32.722252 17.174109 14.999990
endloop
endfacet
facet normal -0.290287 0.956940 0.000000
outer loop
vertex 32.030704 16.804470 3.999997
vertex 31.280331 16.576845 3.999997
vertex 31.280331 16.576845 14.999990
endloop
endfacet
facet normal -0.290287 0.956940 0.000000
outer loop
vertex 32.030704 16.804470 3.999997
vertex 31.280331 16.576845 14.999990
vertex 32.030704 16.804470 14.999990
endloop
endfacet
facet normal -0.098017 0.995185 0.000000
outer loop
vertex 31.280331 16.576845 3.999997
vertex 30.499975 16.499987 3.999997
vertex 30.499975 16.499987 14.999990
endloop
endfacet
facet normal -0.098017 0.995185 0.000000
outer loop
vertex 31.280331 16.576845 3.999997
vertex 30.499975 16.499987 14.999990
vertex 31.280331 16.576845 14.999990
endloop
endfacet
facet normal 0.098016 0.995185 0.000000
outer loop
vertex 29.719614 16.576845 0.000000
vertex 29.719614 16.576845 14.999990
vertex 30.499975 16.499987 14.999990
endloop
endfacet
facet normal 0.098017 0.995185 0.000000
outer loop
vertex 30.499975 16.499987 3.999997
vertex 30.499975 16.499987 0.000000
vertex 29.719614 16.576845 0.000000
endloop
endfacet
facet normal 0.098017 0.995185 0.000000
outer loop
vertex 30.499975 16.499987 14.999990
vertex 30.499975 16.499987 3.999997
vertex 29.719614 16.576845 0.000000
endloop
endfacet
facet normal 0.290289 0.956939 0.000000
outer loop
vertex 29.719614 16.576845 14.999990
vertex 29.719614 16.576845 0.000000
vertex 28.969244 16.804470 0.000000
endloop
endfacet
facet normal 0.290287 0.956939 0.000000
outer loop
vertex 29.719614 16.576845 14.999990
vertex 28.969244 16.804470 0.000000
vertex 28.969244 16.804470 14.999990
endloop
endfacet
facet normal 0.471393 0.881923 0.000000
outer loop
vertex 28.969244 16.804470 14.999990
vertex 28.969244 16.804470 0.000000
vertex 28.277695 17.174107 0.000000
endloop
endfacet
facet normal 0.471393 0.881923 0.000000
outer loop
vertex 28.969244 16.804470 14.999990
vertex 28.277695 17.174107 0.000000
vertex 28.277695 17.174107 14.999990
endloop
endfacet
facet normal 0.634392 0.773011 0.000000
outer loop
vertex 28.277695 17.174107 14.999990
vertex 28.277695 17.174107 0.000000
vertex 27.671549 17.671558 0.000000
endloop
endfacet
facet normal 0.634395 0.773009 0.000000
outer loop
vertex 28.277695 17.174107 14.999990
vertex 27.671549 17.671558 0.000000
vertex 27.671549 17.671558 14.999990
endloop
endfacet
facet normal 0.773012 0.634392 0.000000
outer loop
vertex 27.671549 17.671558 14.999990
vertex 27.671549 17.671558 0.000000
vertex 27.174099 18.277704 0.000000
endloop
endfacet
facet normal 0.773012 0.634392 0.000000
outer loop
vertex 27.671549 17.671558 14.999990
vertex 27.174099 18.277704 0.000000
vertex 27.174099 18.277704 14.999990
endloop
endfacet
facet normal 0.881923 0.471394 0.000000
outer loop
vertex 27.174099 18.277704 14.999990
vertex 27.174099 18.277704 0.000000
vertex 26.804461 18.969252 0.000000
endloop
endfacet
facet normal 0.881920 0.471398 0.000000
outer loop
vertex 27.174099 18.277704 14.999990
vertex 26.804461 18.969252 0.000000
vertex 26.804461 18.969252 14.999990
endloop
endfacet
facet normal 0.956940 0.290287 0.000000
outer loop
vertex 26.804461 18.969252 14.999990
vertex 26.804461 18.969252 0.000000
vertex 26.576836 19.719624 0.000000
endloop
endfacet
facet normal 0.956940 0.290287 0.000000
outer loop
vertex 26.804461 18.969252 14.999990
vertex 26.576836 19.719624 0.000000
vertex 26.576836 19.719624 14.999990
endloop
endfacet
facet normal 0.995185 0.098018 0.000000
outer loop
vertex 26.576836 19.719624 14.999990
vertex 26.576836 19.719624 0.000000
vertex 26.499977 20.499985 0.000000
endloop
endfacet
facet normal 0.995185 0.098013 0.000000
outer loop
vertex 26.576836 19.719624 14.999990
vertex 26.499977 20.499985 0.000000
vertex 26.499977 20.499985 14.999990
endloop
endfacet
facet normal 0.995185 -0.098013 0.000000
outer loop
vertex 26.499977 20.499985 14.999990
vertex 26.499977 20.499985 0.000000
vertex 26.576836 21.280346 0.000000
endloop
endfacet
facet normal 0.995185 -0.098018 0.000000
outer loop
vertex 26.499977 20.499985 14.999990
vertex 26.576836 21.280346 0.000000
vertex 26.576836 21.280346 14.999990
endloop
endfacet
facet normal 0.956939 -0.290287 0.000000
outer loop
vertex 26.576836 21.280346 14.999990
vertex 26.576836 21.280346 0.000000
vertex 26.804459 22.030716 0.000000
endloop
endfacet
facet normal 0.956941 -0.290283 0.000000
outer loop
vertex 26.576836 21.280346 14.999990
vertex 26.804459 22.030716 0.000000
vertex 26.804459 22.030716 14.999990
endloop
endfacet
facet normal 0.881920 -0.471398 0.000000
outer loop
vertex 26.804459 22.030716 14.999990
vertex 26.804459 22.030716 0.000000
vertex 27.174099 22.722263 0.000000
endloop
endfacet
facet normal 0.881920 -0.471398 0.000000
outer loop
vertex 26.804459 22.030716 14.999990
vertex 27.174099 22.722263 0.000000
vertex 27.174099 22.722263 14.999990
endloop
endfacet
facet normal 0.773011 -0.634393 0.000000
outer loop
vertex 27.174099 22.722263 14.999990
vertex 27.174099 22.722263 0.000000
vertex 27.671547 23.328407 0.000000
endloop
endfacet
facet normal 0.773013 -0.634390 0.000000
outer loop
vertex 27.174099 22.722263 14.999990
vertex 27.671547 23.328407 0.000000
vertex 27.671547 23.328407 14.999990
endloop
endfacet
facet normal 0.634391 -0.773013 0.000000
outer loop
vertex 28.277695 23.825857 14.999990
vertex 27.671547 23.328407 14.999990
vertex 27.671547 23.328407 0.000000
endloop
endfacet
facet normal 0.634391 -0.773013 0.000000
outer loop
vertex 28.277695 23.825857 14.999990
vertex 27.671547 23.328407 0.000000
vertex 28.277695 23.825857 0.000000
endloop
endfacet
facet normal 0.471403 -0.881918 0.000000
outer loop
vertex 28.969240 24.195499 14.999990
vertex 28.277695 23.825857 14.999990
vertex 28.277695 23.825857 0.000000
endloop
endfacet
facet normal 0.471398 -0.881920 0.000000
outer loop
vertex 28.969240 24.195499 14.999990
vertex 28.277695 23.825857 0.000000
vertex 28.969240 24.195499 0.000000
endloop
endfacet
facet normal 0.000000 0.000000 -1.000000
outer loop
vertex 29.719614 24.423120 14.999990
vertex 30.499973 24.499979 14.999990
vertex 31.280334 24.423122 14.999990
endloop
endfacet
facet normal 0.000008 0.000000 -1.000000
outer loop
vertex 31.280334 24.423122 14.999990
vertex 32.030704 24.195498 14.999990
vertex 32.722252 23.825859 14.999990
endloop
endfacet
facet normal -0.000016 0.000000 -1.000000
outer loop
vertex 32.722252 23.825859 14.999990
vertex 33.328400 23.328407 14.999990
vertex 33.825848 22.722263 14.999990
endloop
endfacet
facet normal 0.000000 0.000000 -1.000000
outer loop
vertex 33.825848 22.722263 14.999990
vertex 34.195488 22.030716 14.999990
vertex 34.423111 21.280344 14.999990
endloop
endfacet
facet normal 0.000000 0.000000 -1.000000
outer loop
vertex 34.423111 21.280344 14.999990
vertex 34.499973 20.499985 14.999990
vertex 34.423111 19.719624 14.999990
endloop
endfacet
facet normal 0.000000 0.000000 -1.000000
outer loop
vertex 34.423111 19.719624 14.999990
vertex 34.195492 18.969252 14.999990
vertex 33.825848 18.277704 14.999990
endloop
endfacet
facet normal -0.000008 0.000000 -1.000000
outer loop
vertex 33.825848 18.277704 14.999990
vertex 33.328400 17.671558 14.999990
vertex 32.722252 17.174109 14.999990
endloop
endfacet
facet normal 0.000008 0.000000 -1.000000
outer loop
vertex 32.722252 17.174109 14.999990
vertex 32.030704 16.804470 14.999990
vertex 31.280331 16.576845 14.999990
endloop
endfacet
facet normal 0.000000 0.000000 -1.000000
outer loop
vertex 31.280331 16.576845 14.999990
vertex 30.499975 16.499987 14.999990
vertex 29.719614 16.576845 14.999990
endloop
endfacet
facet normal -0.000008 0.000000 -1.000000
outer loop
vertex 29.719614 16.576845 14.999990
vertex 28.969244 16.804470 14.999990
vertex 28.277695 17.174107 14.999990
endloop
endfacet
facet normal 0.000016 0.000000 -1.000000
outer loop
vertex 28.277695 17.174107 14.999990
vertex 27.671549 17.671558 14.999990
vertex 27.174099 18.277704 14.999990
endloop
endfacet
facet normal 0.000000 0.000000 -1.000000
outer loop
vertex 27.174099 18.277704 14.999990
vertex 26.804461 18.969252 14.999990
vertex 26.576836 19.719624 14.999990
endloop
endfacet
facet normal 0.000000 0.000000 -1.000000
outer loop
vertex 26.576836 19.719624 14.999990
vertex 26.499977 20.499985 14.999990
vertex 26.576836 21.280346 14.999990
endloop
endfacet
facet normal 0.000000 0.000000 -1.000000
outer loop
vertex 26.576836 21.280346 14.999990
vertex 26.804459 22.030716 14.999990
vertex 27.174099 22.722263 14.999990
endloop
endfacet
facet normal 0.000008 0.000000 -1.000000
outer loop
vertex 27.174099 22.722263 14.999990
vertex 27.671547 23.328407 14.999990
vertex 28.277695 23.825857 14.999990
endloop
endfacet
facet normal -0.000008 0.000000 -1.000000
outer loop
vertex 28.277695 23.825857 14.999990
vertex 28.969240 24.195499 14.999990
vertex 29.719614 24.423120 14.999990
endloop
endfacet
facet normal 0.000000 0.000000 -1.000000
outer loop
vertex 29.719614 24.423120 14.999990
vertex 31.280334 24.423122 14.999990
vertex 32.722252 23.825859 14.999990
endloop
endfacet
facet normal 0.000004 0.000000 -1.000000
outer loop
vertex 32.722252 23.825859 14.999990
vertex 33.825848 22.722263 14.999990
vertex 34.423111 21.280344 14.999990
endloop
endfacet
facet normal -0.000004 0.000000 -1.000000
outer loop
vertex 34.423111 21.280344 14.999990
vertex 34.423111 19.719624 14.999990
vertex 33.825848 18.277704 14.999990
endloop
endfacet
facet normal -0.000002 0.000000 -1.000000
outer loop
vertex 33.825848 18.277704 14.999990
vertex 32.722252 17.174109 14.999990
vertex 31.280331 16.576845 14.999990
endloop
endfacet
facet normal 0.000000 0.000000 -1.000000
outer loop
vertex 31.280331 16.576845 14.999990
vertex 29.719614 16.576845 14.999990
vertex 28.277695 17.174107 14.999990
endloop
endfacet
facet normal 0.000000 0.000000 -1.000000
outer loop
vertex 28.277695 17.174107 14.999990
vertex 27.174099 18.277704 14.999990
vertex 26.576836 19.719624 14.999990
endloop
endfacet
facet normal 0.000004 0.000000 -1.000000
outer loop
vertex 26.576836 19.719624 14.999990
vertex 26.576836 21.280346 14.999990
vertex 27.174099 22.722263 14.999990
endloop
endfacet
facet normal 0.000002 0.000000 -1.000000
outer loop
vertex 27.174099 22.722263 14.999990
vertex 28.277695 23.825857 14.999990
vertex 29.719614 24.423120 14.999990
endloop
endfacet
facet normal 0.000000 0.000000 -1.000000
outer loop
vertex 29.719614 24.423120 14.999990
vertex 32.722252 23.825859 14.999990
vertex 34.423111 21.280344 14.999990
endloop
endfacet
facet normal -0.000001 0.000000 -1.000000
outer loop
vertex 34.423111 21.280344 14.999990
vertex 33.825848 18.277704 14.999990
vertex 31.280331 16.576845 14.999990
endloop
endfacet
facet normal 0.000000 0.000000 -1.000000
outer loop
vertex 31.280331 16.576845 14.999990
vertex 28.277695 17.174107 14.999990
vertex 26.576836 19.719624 14.999990
endloop
endfacet
facet normal 0.000000 0.000000 -1.000000
outer loop
vertex 26.576836 19.719624 14.999990
vertex 27.174099 22.722263 14.999990
vertex 29.719614 24.423120 14.999990
endloop
endfacet
facet normal 0.000000 0.000000 -1.000000
outer loop
vertex 29.719614 24.423120 14.999990
vertex 34.423111 21.280344 14.999990
vertex 31.280331 16.576845 14.999990
endloop
endfacet
facet normal -0.000000 0.000000 -1.000000
outer loop
vertex 31.280331 16.576845 14.999990
vertex 26.576836 19.719624 14.999990
vertex 29.719614 24.423120 14.999990
endloop
endfacet
facet normal 0.290282 -0.956941 0.000000
outer loop
vertex 29.719614 24.423120 14.999990
vertex 28.969240 24.195499 14.999990
vertex 28.969240 24.195499 0.000000
endloop
endfacet
facet normal 0.290283 -0.956941 0.000000
outer loop
vertex 29.719614 24.423120 14.999990
vertex 28.969240 24.195499 0.000000
vertex 29.719614 24.423120 0.000000
endloop
endfacet
facet normal 0.098016 -0.995185 0.000000
outer loop
vertex 30.499973 24.499979 14.999990
vertex 29.719614 24.423120 14.999990
vertex 29.719614 24.423120 0.000000
endloop
endfacet
facet normal 0.098017 -0.995185 0.000000
outer loop
vertex 30.499973 24.499979 14.999990
vertex 29.719614 24.423120 0.000000
vertex 30.499973 24.499979 0.000000
endloop
endfacet
facet normal 0.000000 1.000000 0.000000
outer loop
vertex 40.499954 15.499988 0.000000
vertex 30.499973 15.499988 0.000000
vertex 30.499973 15.499988 3.999997
endloop
endfacet
facet normal 0.000000 1.000000 0.000000
outer loop
vertex 40.499954 15.499988 0.000000
vertex 30.499973 15.499988 3.999997
vertex 40.499954 15.499988 3.999997
endloop
endfacet
facet normal 1.000000 0.000000 0.000000
outer loop
vertex 30.499973 24.499979 3.999997
vertex 30.499973 24.499979 0.000000
vertex 30.499975 25.499979 0.000000
endloop
endfacet
facet normal 1.000000 -0.000004 0.000000
outer loop
vertex 30.499973 24.499979 3.999997
vertex 30.499975 25.499979 0.000000
vertex 30.499975 25.499979 3.999997
endloop
endfacet
facet normal 0.000000 -1.000000 0.000000
outer loop
vertex 30.499975 -15.499988 3.999997
vertex 30.499975 -15.499988 0.000000
vertex 40.499977 -15.499988 0.000000
endloop
endfacet
facet normal 0.000000 -1.000000 0.000000
outer loop
vertex 30.499975 -15.499988 3.999997
vertex 40.499977 -15.499988 0.000000
vertex 40.499977 -15.499988 3.999997
endloop
endfacet
facet normal 1.000000 -0.000004 0.000000
outer loop
vertex 30.499973 -25.499981 0.000000
vertex 30.499975 -24.499983 0.000000
vertex 30.499975 -24.499983 3.999997
endloop
endfacet
facet normal 1.000000 0.000000 0.000000
outer loop
vertex 30.499973 -25.499981 0.000000
vertex 30.499975 -24.499983 3.999997
vertex 30.499973 -25.499981 3.999997
endloop
endfacet
facet normal 0.000000 0.000000 -1.000000
outer loop
vertex 31.280334 -16.576843 3.999997
vertex 30.499975 -16.499987 3.999997
vertex 30.499975 -15.499988 3.999997
endloop
endfacet
facet normal 0.000000 0.000000 -1.000000
outer loop
vertex 40.499989 -25.499979 3.999997
vertex 30.499973 -25.499981 3.999997
vertex 30.499975 -24.499983 3.999997
endloop
endfacet
facet normal 0.000000 0.000000 -1.000000
outer loop
vertex 40.499989 -25.499979 3.999997
vertex 30.499975 -24.499983 3.999997
vertex 31.280331 -24.423119 3.999997
endloop
endfacet
facet normal 0.000000 0.000000 -1.000000
outer loop
vertex 31.280334 -16.576843 3.999997
vertex 30.499975 -15.499988 3.999997
vertex 40.499977 -15.499988 3.999997
endloop
endfacet
facet normal 0.000000 0.000000 -1.000000
outer loop
vertex 32.030704 -16.804468 3.999997
vertex 31.280334 -16.576843 3.999997
vertex 40.499977 -15.499988 3.999997
endloop
endfacet
facet normal 0.000000 0.000000 -1.000000
outer loop
vertex 40.499989 -25.499979 3.999997
vertex 31.280331 -24.423119 3.999997
vertex 32.030704 -24.195499 3.999997
endloop
endfacet
facet normal -0.000000 0.000000 -1.000000
outer loop
vertex 40.499989 -25.499979 3.999997
vertex 32.030704 -24.195499 3.999997
vertex 32.722252 -23.825855 3.999997
endloop
endfacet
facet normal 0.000000 0.000000 -1.000000
outer loop
vertex 32.722252 -17.174110 3.999997
vertex 32.030704 -16.804468 3.999997
vertex 40.499977 -15.499988 3.999997
endloop
endfacet
facet normal 0.000000 0.000000 -1.000000
outer loop
vertex 33.328400 -17.671558 3.999997
vertex 32.722252 -17.174110 3.999997
vertex 40.499977 -15.499988 3.999997
endloop
endfacet
facet normal 0.000000 0.000000 -1.000000
outer loop
vertex 40.499989 -25.499979 3.999997
vertex 32.722252 -23.825855 3.999997
vertex 33.328400 -23.328405 3.999997
endloop
endfacet
facet normal 0.000000 0.000000 -1.000000
outer loop
vertex 40.499989 -25.499979 3.999997
vertex 33.328400 -23.328405 3.999997
vertex 33.825848 -22.722267 3.999997
endloop
endfacet
facet normal 0.000000 0.000000 -1.000000
outer loop
vertex 33.328400 -17.671558 3.999997
vertex 40.499977 -15.499988 3.999997
vertex 40.499989 -25.499979 3.999997
endloop
endfacet
facet normal 0.000000 0.000000 -1.000000
outer loop
vertex 33.825851 -18.277702 3.999997
vertex 33.328400 -17.671558 3.999997
vertex 40.499989 -25.499979 3.999997
endloop
endfacet
facet normal 0.000000 0.000000 -1.000000
outer loop
vertex 40.499989 -25.499979 3.999997
vertex 33.825848 -22.722267 3.999997
vertex 34.195492 -22.030716 3.999997
endloop
endfacet
facet normal -0.000000 0.000000 -1.000000
outer loop
vertex 40.499989 -25.499979 3.999997
vertex 34.195492 -22.030716 3.999997
vertex 34.423111 -21.280342 3.999997
endloop
endfacet
facet normal 0.000000 0.000000 -1.000000
outer loop
vertex 34.195488 -18.969250 3.999997
vertex 33.825851 -18.277702 3.999997
vertex 40.499989 -25.499979 3.999997
endloop
endfacet
facet normal -0.000001 0.000000 -1.000000
outer loop
vertex 34.423111 -19.719622 3.999997
vertex 34.195488 -18.969250 3.999997
vertex 40.499989 -25.499979 3.999997
endloop
endfacet
facet normal 0.000000 0.000000 -1.000000
outer loop
vertex 40.499989 -25.499979 3.999997
vertex 34.423111 -21.280342 3.999997
vertex 34.499969 -20.499985 3.999997
endloop
endfacet
facet normal 0.000000 0.000000 -1.000000
outer loop
vertex 34.499969 -20.499985 3.999997
vertex 34.423111 -19.719622 3.999997
vertex 40.499989 -25.499979 3.999997
endloop
endfacet
facet normal -0.098014 -0.995185 0.000000
outer loop
vertex 30.499975 -16.499987 14.999990
vertex 30.499975 -16.499987 3.999997
vertex 31.280334 -16.576843 3.999997
endloop
endfacet
facet normal -0.098015 -0.995185 0.000000
outer loop
vertex 30.499975 -16.499987 14.999990
vertex 31.280334 -16.576843 3.999997
vertex 31.280334 -16.576843 14.999990
endloop
endfacet
facet normal -0.290289 -0.956939 0.000000
outer loop
vertex 31.280334 -16.576843 3.999997
vertex 32.030704 -16.804468 3.999997
vertex 32.030704 -16.804468 14.999990
endloop
endfacet
facet normal -0.290287 -0.956940 0.000000
outer loop
vertex 31.280334 -16.576843 3.999997
vertex 32.030704 -16.804468 14.999990
vertex 31.280334 -16.576843 14.999990
endloop
endfacet
facet normal -0.471400 -0.881919 0.000000
outer loop
vertex 32.030704 -16.804468 3.999997
vertex 32.722252 -17.174110 3.999997
vertex 32.722252 -17.174110 14.999990
endloop
endfacet
facet normal -0.471397 -0.881921 0.000000
outer loop
vertex 32.030704 -16.804468 3.999997
vertex 32.722252 -17.174110 14.999990
vertex 32.030704 -16.804468 14.999990
endloop
endfacet
facet normal -0.634387 -0.773015 0.000000
outer loop
vertex 32.722252 -17.174110 3.999997
vertex 33.328400 -17.671558 3.999997
vertex 33.328400 -17.671558 14.999990
endloop
endfacet
facet normal -0.634391 -0.773013 0.000000
outer loop
vertex 32.722252 -17.174110 3.999997
vertex 33.328400 -17.671558 14.999990
vertex 32.722252 -17.174110 14.999990
endloop
endfacet
facet normal -0.773008 -0.634396 0.000000
outer loop
vertex 33.328400 -17.671558 3.999997
vertex 33.825851 -18.277702 3.999997
vertex 33.825851 -18.277702 14.999990
endloop
endfacet
facet normal -0.773011 -0.634392 0.000000
outer loop
vertex 33.328400 -17.671558 3.999997
vertex 33.825851 -18.277702 14.999990
vertex 33.328400 -17.671558 14.999990
endloop
endfacet
facet normal -0.881921 -0.471397 0.000000
outer loop
vertex 33.825851 -18.277702 3.999997
vertex 34.195488 -18.969250 3.999997
vertex 34.195488 -18.969250 14.999990
endloop
endfacet
facet normal -0.881924 -0.471392 0.000000
outer loop
vertex 33.825851 -18.277702 3.999997
vertex 34.195488 -18.969250 14.999990
vertex 33.825851 -18.277702 14.999990
endloop
endfacet
facet normal -0.956941 -0.290284 0.000000
outer loop
vertex 34.195488 -18.969250 3.999997
vertex 34.423111 -19.719622 3.999997
vertex 34.423111 -19.719622 14.999990
endloop
endfacet
facet normal -0.956941 -0.290284 0.000000
outer loop
vertex 34.195488 -18.969250 3.999997
vertex 34.423111 -19.719622 14.999990
vertex 34.195488 -18.969250 14.999990
endloop
endfacet
facet normal -0.995185 -0.098011 0.000000
outer loop
vertex 34.423111 -19.719622 3.999997
vertex 34.499969 -20.499985 3.999997
vertex 34.499969 -20.499985 14.999990
endloop
endfacet
facet normal -0.995185 -0.098018 0.000000
outer loop
vertex 34.423111 -19.719622 3.999997
vertex 34.499969 -20.499985 14.999990
vertex 34.423111 -19.719622 14.999990
endloop
endfacet
facet normal -0.995185 0.098019 0.000000
outer loop
vertex 34.499969 -20.499985 3.999997
vertex 34.423111 -21.280342 3.999997
vertex 34.423111 -21.280342 14.999990
endloop
endfacet
facet normal -0.995185 0.098012 0.000000
outer loop
vertex 34.499969 -20.499985 3.999997
vertex 34.423111 -21.280342 14.999990
vertex 34.499969 -20.499985 14.999990
endloop
endfacet
facet normal -0.956941 0.290284 0.000000
outer loop
vertex 34.423111 -21.280342 3.999997
vertex 34.195492 -22.030716 3.999997
vertex 34.195492 -22.030716 14.999990
endloop
endfacet
facet normal -0.956943 0.290277 0.000000
outer loop
vertex 34.423111 -21.280342 3.999997
vertex 34.195492 -22.030716 14.999990
vertex 34.423111 -21.280342 14.999990
endloop
endfacet
facet normal -0.881922 0.471395 0.000000
outer loop
vertex 34.195492 -22.030716 3.999997
vertex 33.825848 -22.722267 3.999997
vertex 33.825848 -22.722267 14.999990
endloop
endfacet
facet normal -0.881919 0.471401 0.000000
outer loop
vertex 34.195492 -22.030716 3.999997
vertex 33.825848 -22.722267 14.999990
vertex 34.195492 -22.030716 14.999990
endloop
endfacet
facet normal -0.773008 0.634396 0.000000
outer loop
vertex 33.825848 -22.722267 3.999997
vertex 33.328400 -23.328405 3.999997
vertex 33.328400 -23.328405 14.999990
endloop
endfacet
facet normal -0.773008 0.634396 0.000000
outer loop
vertex 33.825848 -22.722267 3.999997
vertex 33.328400 -23.328405 14.999990
vertex 33.825848 -22.722267 14.999990
endloop
endfacet
facet normal -0.634392 0.773011 0.000000
outer loop
vertex 33.328400 -23.328405 3.999997
vertex 32.722252 -23.825855 3.999997
vertex 32.722252 -23.825855 14.999990
endloop
endfacet
facet normal -0.634389 0.773014 0.000000
outer loop
vertex 33.328400 -23.328405 3.999997
vertex 32.722252 -23.825855 14.999990
vertex 33.328400 -23.328405 14.999990
endloop
endfacet
facet normal -0.471399 0.881920 0.000000
outer loop
vertex 32.722252 -23.825855 3.999997
vertex 32.030704 -24.195499 3.999997
vertex 32.030704 -24.195499 14.999990
endloop
endfacet
facet normal -0.471402 0.881918 0.000000
outer loop
vertex 32.722252 -23.825855 3.999997
vertex 32.030704 -24.195499 14.999990
vertex 32.722252 -23.825855 14.999990
endloop
endfacet
facet normal -0.290280 0.956942 0.000000
outer loop
vertex 32.030704 -24.195499 3.999997
vertex 31.280331 -24.423119 3.999997
vertex 31.280331 -24.423119 14.999990
endloop
endfacet
facet normal -0.290280 0.956942 0.000000
outer loop
vertex 32.030704 -24.195499 3.999997
vertex 31.280331 -24.423119 14.999990
vertex 32.030704 -24.195499 14.999990
endloop
endfacet
facet normal -0.098024 0.995184 0.000000
outer loop
vertex 31.280331 -24.423119 3.999997
vertex 30.499975 -24.499983 3.999997
vertex 30.499975 -24.499983 14.999990
endloop
endfacet
facet normal -0.098024 0.995184 0.000000
outer loop
vertex 31.280331 -24.423119 3.999997
vertex 30.499975 -24.499983 14.999990
vertex 31.280331 -24.423119 14.999990
endloop
endfacet
facet normal 0.098022 0.995184 0.000000
outer loop
vertex 29.719616 -24.423120 0.000000
vertex 29.719616 -24.423120 14.999990
vertex 30.499975 -24.499983 14.999990
endloop
endfacet
facet normal 0.098021 0.995184 0.000000
outer loop
vertex 30.499975 -24.499983 3.999997
vertex 30.499975 -24.499983 0.000000
vertex 29.719616 -24.423120 0.000000
endloop
endfacet
facet normal 0.098022 0.995184 0.000000
outer loop
vertex 30.499975 -24.499983 14.999990
vertex 30.499975 -24.499983 3.999997
vertex 29.719616 -24.423120 0.000000
endloop
endfacet
facet normal 0.290281 0.956941 0.000000
outer loop
vertex 29.719616 -24.423120 14.999990
vertex 29.719616 -24.423120 0.000000
vertex 28.969242 -24.195501 0.000000
endloop
endfacet
facet normal 0.290279 0.956942 0.000000
outer loop
vertex 29.719616 -24.423120 14.999990
vertex 28.969242 -24.195501 0.000000
vertex 28.969242 -24.195501 14.999990
endloop
endfacet
facet normal 0.471396 0.881922 0.000000
outer loop
vertex 28.969242 -24.195501 14.999990
vertex 28.969242 -24.195501 0.000000
vertex 28.277693 -23.825859 0.000000
endloop
endfacet
facet normal 0.471400 0.881919 0.000000
outer loop
vertex 28.969242 -24.195501 14.999990
vertex 28.277693 -23.825859 0.000000
vertex 28.277693 -23.825859 14.999990
endloop
endfacet
facet normal 0.634393 0.773011 0.000000
outer loop
vertex 28.277693 -23.825859 14.999990
vertex 28.277693 -23.825859 0.000000
vertex 27.671549 -23.328409 0.000000
endloop
endfacet
facet normal 0.634393 0.773011 0.000000
outer loop
vertex 28.277693 -23.825859 14.999990
vertex 27.671549 -23.328409 0.000000
vertex 27.671549 -23.328409 14.999990
endloop
endfacet
facet normal 0.773013 0.634391 0.000000
outer loop
vertex 27.671549 -23.328409 14.999990
vertex 27.671549 -23.328409 0.000000
vertex 27.174099 -22.722261 0.000000
endloop
endfacet
facet normal 0.773013 0.634391 0.000000
outer loop
vertex 27.671549 -23.328409 14.999990
vertex 27.174099 -22.722261 0.000000
vertex 27.174099 -22.722261 14.999990
endloop
endfacet
facet normal 0.881923 0.471393 0.000000
outer loop
vertex 27.174099 -22.722261 14.999990
vertex 27.174099 -22.722261 0.000000
vertex 26.804461 -22.030712 0.000000
endloop
endfacet
facet normal 0.881921 0.471397 0.000000
outer loop
vertex 27.174099 -22.722261 14.999990
vertex 26.804461 -22.030712 0.000000
vertex 26.804461 -22.030712 14.999990
endloop
endfacet
facet normal 0.956940 0.290286 0.000000
outer loop
vertex 26.804461 -22.030712 14.999990
vertex 26.804461 -22.030712 0.000000
vertex 26.576836 -21.280338 0.000000
endloop
endfacet
facet normal 0.956940 0.290286 0.000000
outer loop
vertex 26.804461 -22.030712 14.999990
vertex 26.576836 -21.280338 0.000000
vertex 26.576836 -21.280338 14.999990
endloop
endfacet
facet normal 0.995185 0.098019 0.000000
outer loop
vertex 26.576836 -21.280338 14.999990
vertex 26.576836 -21.280338 0.000000
vertex 26.499977 -20.499981 0.000000
endloop
endfacet
facet normal 0.995185 0.098013 0.000000
outer loop
vertex 26.576836 -21.280338 14.999990
vertex 26.499977 -20.499981 0.000000
vertex 26.499977 -20.499981 14.999990
endloop
endfacet
facet normal 0.995185 -0.098013 0.000000
outer loop
vertex 26.499977 -20.499981 14.999990
vertex 26.499977 -20.499981 0.000000
vertex 26.576836 -19.719624 0.000000
endloop
endfacet
facet normal 0.995185 -0.098019 0.000000
outer loop
vertex 26.499977 -20.499981 14.999990
vertex 26.576836 -19.719624 0.000000
vertex 26.576836 -19.719624 14.999990
endloop
endfacet
facet normal 0.956940 -0.290286 0.000000
outer loop
vertex 26.576836 -19.719624 14.999990
vertex 26.576836 -19.719624 0.000000
vertex 26.804459 -18.969250 0.000000
endloop
endfacet
facet normal 0.956941 -0.290281 0.000000
outer loop
vertex 26.576836 -19.719624 14.999990
vertex 26.804459 -18.969250 0.000000
vertex 26.804459 -18.969250 14.999990
endloop
endfacet
facet normal 0.881922 -0.471395 0.000000
outer loop
vertex 26.804459 -18.969250 14.999990
vertex 26.804459 -18.969250 0.000000
vertex 27.174097 -18.277704 0.000000
endloop
endfacet
facet normal 0.881920 -0.471399 0.000000
outer loop
vertex 26.804459 -18.969250 14.999990
vertex 27.174097 -18.277704 0.000000
vertex 27.174097 -18.277704 14.999990
endloop
endfacet
facet normal 0.773009 -0.634395 0.000000
outer loop
vertex 27.174097 -18.277704 14.999990
vertex 27.174097 -18.277704 0.000000
vertex 27.671549 -17.671558 0.000000
endloop
endfacet
facet normal 0.773012 -0.634392 0.000000
outer loop
vertex 27.174097 -18.277704 14.999990
vertex 27.671549 -17.671558 0.000000
vertex 27.671549 -17.671558 14.999990
endloop
endfacet
facet normal 0.634393 -0.773011 0.000000
outer loop
vertex 28.277693 -17.174109 14.999990
vertex 27.671549 -17.671558 14.999990
vertex 27.671549 -17.671558 0.000000
endloop
endfacet
facet normal 0.634393 -0.773011 0.000000
outer loop
vertex 28.277693 -17.174109 14.999990
vertex 27.671549 -17.671558 0.000000
vertex 28.277693 -17.174109 0.000000
endloop
endfacet
facet normal 0.471402 -0.881918 0.000000
outer loop
vertex 28.969242 -16.804464 14.999990
vertex 28.277693 -17.174109 14.999990
vertex 28.277693 -17.174109 0.000000
endloop
endfacet
facet normal 0.471398 -0.881921 0.000000
outer loop
vertex 28.969242 -16.804464 14.999990
vertex 28.277693 -17.174109 0.000000
vertex 28.969242 -16.804464 0.000000
endloop
endfacet
facet normal 0.000000 0.000000 -1.000000
outer loop
vertex 29.719612 -16.576845 14.999990
vertex 30.499975 -16.499987 14.999990
vertex 31.280334 -16.576843 14.999990
endloop
endfacet
facet normal 0.000008 0.000000 -1.000000
outer loop
vertex 31.280334 -16.576843 14.999990
vertex 32.030704 -16.804468 14.999990
vertex 32.722252 -17.174110 14.999990
endloop
endfacet
facet normal -0.000016 0.000000 -1.000000
outer loop
vertex 32.722252 -17.174110 14.999990
vertex 33.328400 -17.671558 14.999990
vertex 33.825851 -18.277702 14.999990
endloop
endfacet
facet normal 0.000000 0.000000 -1.000000
outer loop
vertex 33.825851 -18.277702 14.999990
vertex 34.195488 -18.969250 14.999990
vertex 34.423111 -19.719622 14.999990
endloop
endfacet
facet normal 0.000000 0.000000 -1.000000
outer loop
vertex 34.423111 -19.719622 14.999990
vertex 34.499969 -20.499985 14.999990
vertex 34.423111 -21.280342 14.999990
endloop
endfacet
facet normal 0.000000 0.000000 -1.000000
outer loop
vertex 34.423111 -21.280342 14.999990
vertex 34.195492 -22.030716 14.999990
vertex 33.825848 -22.722267 14.999990
endloop
endfacet
facet normal -0.000008 0.000000 -1.000000
outer loop
vertex 33.825848 -22.722267 14.999990
vertex 33.328400 -23.328405 14.999990
vertex 32.722252 -23.825855 14.999990
endloop
endfacet
facet normal 0.000008 0.000000 -1.000000
outer loop
vertex 32.722252 -23.825855 14.999990
vertex 32.030704 -24.195499 14.999990
vertex 31.280331 -24.423119 14.999990
endloop
endfacet
facet normal 0.000000 0.000000 -1.000000
outer loop
vertex 31.280331 -24.423119 14.999990
vertex 30.499975 -24.499983 14.999990
vertex 29.719616 -24.423120 14.999990
endloop
endfacet
facet normal -0.000008 0.000000 -1.000000
outer loop
vertex 29.719616 -24.423120 14.999990
vertex 28.969242 -24.195501 14.999990
vertex 28.277693 -23.825859 14.999990
endloop
endfacet
facet normal 0.000016 0.000000 -1.000000
outer loop
vertex 28.277693 -23.825859 14.999990
vertex 27.671549 -23.328409 14.999990
vertex 27.174099 -22.722261 14.999990
endloop
endfacet
facet normal 0.000000 0.000000 -1.000000
outer loop
vertex 27.174099 -22.722261 14.999990
vertex 26.804461 -22.030712 14.999990
vertex 26.576836 -21.280338 14.999990
endloop
endfacet
facet normal 0.000000 0.000000 -1.000000
outer loop
vertex 26.576836 -21.280338 14.999990
vertex 26.499977 -20.499981 14.999990
vertex 26.576836 -19.719624 14.999990
endloop
endfacet
facet normal 0.000000 0.000000 -1.000000
outer loop
vertex 26.576836 -19.719624 14.999990
vertex 26.804459 -18.969250 14.999990
vertex 27.174097 -18.277704 14.999990
endloop
endfacet
facet normal 0.000008 0.000000 -1.000000
outer loop
vertex 27.174097 -18.277704 14.999990
vertex 27.671549 -17.671558 14.999990
vertex 28.277693 -17.174109 14.999990
endloop
endfacet
facet normal -0.000008 0.000000 -1.000000
outer loop
vertex 28.277693 -17.174109 14.999990
vertex 28.969242 -16.804464 14.999990
vertex 29.719612 -16.576845 14.999990
endloop
endfacet
facet normal 0.000000 0.000000 -1.000000
outer loop
vertex 29.719612 -16.576845 14.999990
vertex 31.280334 -16.576843 14.999990
vertex 32.722252 -17.174110 14.999990
endloop
endfacet
facet normal 0.000004 0.000000 -1.000000
outer loop
vertex 32.722252 -17.174110 14.999990
vertex 33.825851 -18.277702 14.999990
vertex 34.423111 -19.719622 14.999990
endloop
endfacet
facet normal 0.000000 0.000000 -1.000000
outer loop
vertex 34.423111 -19.719622 14.999990
vertex 34.423111 -21.280342 14.999990
vertex 33.825848 -22.722267 14.999990
endloop
endfacet
facet normal -0.000002 0.000000 -1.000000
outer loop
vertex 33.825848 -22.722267 14.999990
vertex 32.722252 -23.825855 14.999990
vertex 31.280331 -24.423119 14.999990
endloop
endfacet
facet normal 0.000000 0.000000 -1.000000
outer loop
vertex 31.280331 -24.423119 14.999990
vertex 29.719616 -24.423120 14.999990
vertex 28.277693 -23.825859 14.999990
endloop
endfacet
facet normal 0.000000 0.000000 -1.000000
outer loop
vertex 28.277693 -23.825859 14.999990
vertex 27.174099 -22.722261 14.999990
vertex 26.576836 -21.280338 14.999990
endloop
endfacet
facet normal 0.000000 0.000000 -1.000000
outer loop
vertex 26.576836 -21.280338 14.999990
vertex 26.576836 -19.719624 14.999990
vertex 27.174097 -18.277704 14.999990
endloop
endfacet
facet normal 0.000002 0.000000 -1.000000
outer loop
vertex 27.174097 -18.277704 14.999990
vertex 28.277693 -17.174109 14.999990
vertex 29.719612 -16.576845 14.999990
endloop
endfacet
facet normal 0.000000 0.000000 -1.000000
outer loop
vertex 29.719612 -16.576845 14.999990
vertex 32.722252 -17.174110 14.999990
vertex 34.423111 -19.719622 14.999990
endloop
endfacet
facet normal -0.000001 0.000000 -1.000000
outer loop
vertex 34.423111 -19.719622 14.999990
vertex 33.825848 -22.722267 14.999990
vertex 31.280331 -24.423119 14.999990
endloop
endfacet
facet normal 0.000000 0.000000 -1.000000
outer loop
vertex 31.280331 -24.423119 14.999990
vertex 28.277693 -23.825859 14.999990
vertex 26.576836 -21.280338 14.999990
endloop
endfacet
facet normal -0.000001 0.000000 -1.000000
outer loop
vertex 26.576836 -21.280338 14.999990
vertex 27.174097 -18.277704 14.999990
vertex 29.719612 -16.576845 14.999990
endloop
endfacet
facet normal 0.000000 0.000000 -1.000000
outer loop
vertex 29.719612 -16.576845 14.999990
vertex 34.423111 -19.719622 14.999990
vertex 31.280331 -24.423119 14.999990
endloop
endfacet
facet normal 0.000000 0.000000 -1.000000
outer loop
vertex 31.280331 -24.423119 14.999990
vertex 26.576836 -21.280338 14.999990
vertex 29.719612 -16.576845 14.999990
endloop
endfacet
facet normal 0.290281 -0.956941 0.000000
outer loop
vertex 29.719612 -16.576845 14.999990
vertex 28.969242 -16.804464 14.999990
vertex 28.969242 -16.804464 0.000000
endloop
endfacet
facet normal 0.290281 -0.956941 0.000000
outer loop
vertex 29.719612 -16.576845 14.999990
vertex 28.969242 -16.804464 0.000000
vertex 29.719612 -16.576845 0.000000
endloop
endfacet
facet normal 0.098016 -0.995185 0.000000
outer loop
vertex 30.499975 -16.499987 14.999990
vertex 29.719612 -16.576845 14.999990
vertex 29.719612 -16.576845 0.000000
endloop
endfacet
facet normal 0.098017 -0.995185 0.000000
outer loop
vertex 30.499975 -16.499987 14.999990
vertex 29.719612 -16.576845 0.000000
vertex 30.499975 -16.499987 0.000000
endloop
endfacet
facet normal -0.000000 1.000000 0.000000
outer loop
vertex 40.499989 -25.499979 0.000000
vertex 30.499973 -25.499981 0.000000
vertex 30.499973 -25.499981 3.999997
endloop
endfacet
facet normal -0.000000 1.000000 0.000000
outer loop
vertex 40.499989 -25.499979 0.000000
vertex 30.499973 -25.499981 3.999997
vertex 40.499989 -25.499979 3.999997
endloop
endfacet
facet normal 1.000000 0.000000 0.000000
outer loop
vertex 30.499975 -16.499987 3.999997
vertex 30.499975 -16.499987 0.000000
vertex 30.499975 -15.499988 0.000000
endloop
endfacet
facet normal 1.000000 0.000000 0.000000
outer loop
vertex 30.499975 -16.499987 3.999997
vertex 30.499975 -15.499988 0.000000
vertex 30.499975 -15.499988 3.999997
endloop
endfacet
facet normal 0.000000 0.000000 0.000000
outer loop
vertex -16.499950 -46.499969 0.000000
vertex -20.499947 -46.499969 0.000000
vertex -24.499945 -46.499973 0.000000
endloop
endfacet
facet normal 0.000000 0.000000 -1.000000
outer loop
vertex -24.499949 -40.499985 0.000000
vertex -24.499950 -38.499985 0.000000
vertex -16.499956 -38.499981 0.000000
endloop
endfacet
facet normal 0.000000 0.000000 -1.000000
outer loop
vertex -16.499950 -46.499969 0.000000
vertex -24.499945 -46.499973 0.000000
vertex -24.499949 -40.499985 0.000000
endloop
endfacet
facet normal 0.000000 0.000000 -1.000000
outer loop
vertex -24.499949 -40.499985 0.000000
vertex -16.499956 -38.499981 0.000000
vertex -16.499954 -40.499981 0.000000
endloop
endfacet
facet normal 0.000000 0.000000 -1.000000
outer loop
vertex -24.499949 -40.499985 0.000000
vertex -16.499954 -40.499981 0.000000
vertex -16.499950 -46.499969 0.000000
endloop
endfacet
facet normal -0.000000 0.000000 1.000000
outer loop
vertex 40.500000 -40.499931 19.999987
vertex 7.500006 -7.499994 19.999987
vertex 0.000000 -15.000000 19.999987
endloop
endfacet
facet normal 0.000000 0.000000 1.000000
outer loop
vertex -15.000000 0.000000 19.999987
vertex -7.500006 7.499994 19.999987
vertex -40.500000 40.499931 19.999987
endloop
endfacet
facet normal 0.000000 0.000000 1.000000
outer loop
vertex -40.499931 -40.500000 19.999987
vertex 40.500000 -40.499931 19.999987
vertex 0.000000 -15.000000 19.999987
endloop
endfacet
facet normal 0.000000 0.000000 1.000000
outer loop
vertex -15.000000 0.000000 19.999987
vertex -40.500000 40.499931 19.999987
vertex -40.499931 -40.500000 19.999987
endloop
endfacet
facet normal 0.000000 0.000000 1.000000
outer loop
vertex -40.499931 -40.500000 19.999987
vertex 0.000000 -15.000000 19.999987
vertex -15.000000 0.000000 19.999987
endloop
endfacet
facet normal 0.000000 0.000000 1.000000
outer loop
vertex 15.000000 0.000000 19.999987
vertex 7.500006 -7.499994 19.999987
vertex 40.500000 -40.499931 19.999987
endloop
endfacet
facet normal 0.000000 0.000000 1.000000
outer loop
vertex -40.500000 40.499931 19.999987
vertex -7.500006 7.499994 19.999987
vertex 0.000000 15.000000 19.999987
endloop
endfacet
facet normal 0.000000 0.000000 1.000000
outer loop
vertex 15.000000 0.000000 19.999987
vertex 40.500000 -40.499931 19.999987
vertex 40.499931 40.500000 19.999987
endloop
endfacet
facet normal 0.000000 0.000000 1.000000
outer loop
vertex 40.499931 40.500000 19.999987
vertex -40.500000 40.499931 19.999987
vertex 0.000000 15.000000 19.999987
endloop
endfacet
facet normal 0.000000 0.000000 1.000000
outer loop
vertex 40.499931 40.500000 19.999987
vertex 0.000000 15.000000 19.999987
vertex 15.000000 0.000000 19.999987
endloop
endfacet
facet normal 0.000000 0.000000 1.000000
outer loop
vertex -15.000000 0.000000 18.000000
vertex 0.000000 -15.000000 18.000000
vertex 15.000000 0.000000 18.000000
endloop
endfacet
facet normal 0.000000 0.000000 1.000000
outer loop
vertex -15.000000 0.000000 18.000000
vertex 15.000000 0.000000 18.000000
vertex 0.000000 15.000000 18.000000
endloop
endfacet
facet normal -0.707106 -0.707107 0.000000
outer loop
vertex 0.000000 15.000000 19.999987
vertex 0.000000 15.000000 18.000000
vertex 15.000000 0.000000 18.000000
endloop
endfacet
facet normal -0.707107 -0.707107 0.000000
outer loop
vertex 0.000000 15.000000 19.999987
vertex 15.000000 0.000000 18.000000
vertex 15.000000 0.000000 19.999987
endloop
endfacet
facet normal 0.707106 0.707107 0.000000
outer loop
vertex 0.000000 -15.000000 18.000000
vertex -15.000000 0.000000 18.000000
vertex -15.000000 0.000000 19.999987
endloop
endfacet
facet normal 0.707107 0.707107 0.000000
outer loop
vertex 0.000000 -15.000000 18.000000
vertex -15.000000 0.000000 19.999987
vertex 0.000000 -15.000000 19.999987
endloop
endfacet
facet normal 0.707107 -0.707107 0.000000
outer loop
vertex -7.500006 7.499994 19.999987
vertex -15.000000 0.000000 19.999987
vertex -15.000000 0.000000 18.000000
endloop
endfacet
facet normal 0.707106 -0.707107 0.000000
outer loop
vertex -15.000000 0.000000 18.000000
vertex 0.000000 15.000000 18.000000
vertex 0.000000 15.000000 19.999987
endloop
endfacet
facet normal 0.707108 -0.707105 0.000000
outer loop
vertex -15.000000 0.000000 18.000000
vertex 0.000000 15.000000 19.999987
vertex -7.500006 7.499994 19.999987
endloop
endfacet
facet normal -0.707106 0.707107 0.000000
outer loop
vertex 15.000000 0.000000 19.999987
vertex 15.000000 0.000000 18.000000
vertex 0.000000 -15.000000 18.000000
endloop
endfacet
facet normal -0.707107 0.707106 0.000000
outer loop
vertex 0.000000 -15.000000 18.000000
vertex 0.000000 -15.000000 19.999987
vertex 7.500006 -7.499994 19.999987
endloop
endfacet
facet normal -0.707107 0.707106 0.000000
outer loop
vertex 0.000000 -15.000000 18.000000
vertex 7.500006 -7.499994 19.999987
vertex 15.000000 0.000000 19.999987
endloop
endfacet
endsolid Exported from Blender-3.0.1
