# .PCD v0.7 - Point Cloud Data file format
VERSION 0.7
FIELDS x y z
SIZE 4 4 4
TYPE F F F
COUNT 1 1 1
WIDTH 10659
HEIGHT 1
VIEWPOINT 0 0 0 1 0 0 0
POINTS 10659
DATA ascii
-0.0014195879 -0.024521459 -0.0050555635
-0.0006683346 -0.024574155 -0.0050301924
0.0003563168 -0.024463158 -0.0051131882
0.0014960408 -0.024518602 -0.0050204983
0.0022026999 -0.024271004 -0.0050596474
-0.002342876 -0.023568157 -0.0050299182
-0.0012460491 -0.023579722 -0.0050675799
-0.00059124717 -0.023587322 -0.0050835251
0.00039231079 -0.023784721 -0.0050292714
0.0015520244 -0.023639053 -0.0050272495
0.0028428957 -0.023213364 -0.0050217942
-0.0030040843 -0.02211554 -0.0050551677
-0.0025798511 -0.02247218 -0.0050435537
-0.0013373593 -0.022415606 -0.0050466731
-0.00067434082 -0.02256416 -0.0050658137
0.00023285176 -0.02250435 -0.0050818557
0.001450796 -0.022571368 -0.0050438829
0.0025424627 -0.022510659 -0.0050772862
0.0031830226 -0.022017471 -0.0050110384
-0.003175776 -0.021414148 -0.005077811
-0.0026049535 -0.021610612 -0.0050652623
-0.0013861447 -0.021578962 -0.0050664614
-0.00054315652 -0.021452138 -0.0050731776
0.00053052639 -0.021439832 -0.00502716
0.0015728585 -0.021564554 -0.0050480156
0.0023836698 -0.021285469 -0.0050715031
0.0036083423 -0.02118204 -0.005064521
-0.0036375031 -0.020419255 -0.005083221
-0.0026610114 -0.020535232 -0.0050778049
-0.0014235097 -0.02050803 -0.0050772196
-0.00053941511 -0.020428237 -0.0050841547
0.00064588978 -0.020486176 -0.005037888
0.0015530041 -0.020511333 -0.0050725704
0.0023564533 -0.020498089 -0.0050571663
0.0035840075 -0.020379132 -0.0050531588
-0.0040042209 -0.01995354 -0.0050312923
-0.0035905316 -0.019343838 -0.0051117018
-0.0027202286 -0.019482836 -0.0050983559
-0.001500776 -0.019499527 -0.0051034875
-0.0005051255 -0.019524487 -0.0050841826
0.00052997482 -0.019394316 -0.0050673317
0.0014395127 -0.019401042 -0.0050722952
0.0024393841 -0.01948612 -0.0050552026
0.0034495075 -0.019486712 -0.0050496687
0.0041126534 -0.019889489 -0.0051895222
-0.01725073 -0.01818385 -0.0051533896
-0.016491624 -0.018472867 -0.0051278151
-0.015530766 -0.018405262 -0.0051267059
-0.014595365 -0.01824428 -0.0051451582
-0.013520772 -0.018107761 -0.0051054792
-0.0040721036 -0.018393777 -0.0050501809
-0.0036589419 -0.018446017 -0.005088571
-0.0027081273 -0.018467316 -0.0050946646
-0.0014922669 -0.018402187 -0.0051175873
-0.00040674402 -0.018482927 -0.0050932262
0.00059688569 -0.018420724 -0.005076379
0.0014709454 -0.018583592 -0.005081451
0.0025121039 -0.018380191 -0.0050813523
0.0034450891 -0.018446296 -0.0050489549
0.0043351008 -0.018992575 -0.0050055832
0.015915863 -0.018287221 -0.0050756736
-0.018218411 -0.0174527 -0.0050828629
-0.017422728 -0.017477451 -0.0051730862
-0.016497169 -0.01752037 -0.00513958
-0.015531204 -0.017510001 -0.0051362594
-0.014423493 -0.017485896 -0.005124364
-0.013503024 -0.017441023 -0.0051332954
-0.012544708 -0.017451525 -0.0051341616
-0.011661636 -0.017271597 -0.005159358
-0.0033440725 -0.017506473 -0.0050835009
-0.0026379658 -0.017361576 -0.0050747283
-0.0015262462 -0.017341388 -0.0051168571
-0.00047238424 -0.017429991 -0.0051304209
0.00085183978 -0.017508682 -0.0050869277
0.0013918427 -0.017513672 -0.0051140999
0.0024883815 -0.017489249 -0.0050938842
0.0034748544 -0.017494785 -0.0050773728
0.012479086 -0.017153589 -0.0050393832
0.013935015 -0.017698731 -0.0050174585
0.01458123 -0.017325727 -0.0050478149
0.015528321 -0.017562317 -0.0050714468
0.016501848 -0.017898146 -0.005025072
0.017847348 -0.017236501 -0.0050243996
-0.018215185 -0.016478674 -0.0051847012
-0.017419344 -0.016504666 -0.0051717777
-0.016442347 -0.016463721 -0.0051634177
-0.015511832 -0.016487317 -0.0051581897
-0.014500404 -0.016512597 -0.0051472164
-0.013505841 -0.016494824 -0.005123069
-0.012527316 -0.016462788 -0.005138827
-0.011555298 -0.016520919 -0.0051514506
-0.010542706 -0.016358865 -0.0051488965
-0.0099480525 -0.016196365 -0.0050939093
-0.0032011913 -0.016353799 -0.0051413504
-0.0026139044 -0.016458694 -0.0050996584
-0.0015062457 -0.016428169 -0.0050871181
-0.00050455012 -0.016532682 -0.0050825006
0.00069111877 -0.01650174 -0.0050905966
0.0013822371 -0.016445871 -0.0051198066
0.0024626851 -0.016519556 -0.0051264511
0.0033198681 -0.016544443 -0.0051062149
0.010736768 -0.016081315 -0.0050108396
0.011337112 -0.016452607 -0.0050657596
0.012454569 -0.0164144 -0.0050455155
0.013505399 -0.016651766 -0.0050306846
0.014748198 -0.016419843 -0.0050726938
0.015642885 -0.016458439 -0.0050735157
0.016863676 -0.016467351 -0.0050373911
0.017538521 -0.016509917 -0.0050029987
0.018453181 -0.016492404 -0.0050516487
-0.018192062 -0.015508228 -0.0051719313
-0.017444128 -0.01551803 -0.005175232
-0.016397741 -0.015394896 -0.0051668645
-0.015537734 -0.015467877 -0.0051609506
-0.014464143 -0.015506123 -0.0051521794
-0.01347151 -0.015465788 -0.0051502436
-0.012489719 -0.015522064 -0.0051369527
-0.01153437 -0.015460215 -0.0051502911
-0.010604518 -0.015482216 -0.0051371655
-0.0096996799 -0.015353766 -0.0051116371
-0.0032399441 -0.015324077 -0.005103698
-0.0025857671 -0.015513641 -0.0051160958
-0.0015299444 -0.015401719 -0.0050914348
-0.00045206817 -0.015542103 -0.0050847651
0.00050628808 -0.015423241 -0.0050643305
0.00144904 -0.015512195 -0.0050973319
0.002496518 -0.015442944 -0.0051289387
0.0033697593 -0.015555312 -0.00510262
0.010526282 -0.01557334 -0.0050865561
0.011536625 -0.015627177 -0.0050358605
0.012573647 -0.015283753 -0.0050393441
0.01338726 -0.015615644 -0.005041454
0.014618493 -0.015575613 -0.0050455513
0.015604749 -0.015368441 -0.0050590201
0.016860329 -0.015094572 -0.0050480664
0.01839935 -0.015695594 -0.0050509609
-0.018112285 -0.014532928 -0.0051207799
-0.01742027 -0.014532194 -0.0052124984
-0.01645809 -0.014482435 -0.0051802555
-0.015502658 -0.014466541 -0.0051976736
-0.014487943 -0.01452248 -0.0051855841
-0.013433081 -0.014501845 -0.0051469244
-0.012434323 -0.014572355 -0.0051662861
-0.011526763 -0.014464979 -0.0051482785
-0.010589222 -0.014427771 -0.0051313424
-0.0095210345 -0.014478141 -0.0051460797
-0.0088440217 -0.014088857 -0.0051237517
-0.0031829001 -0.014405461 -0.0050498275
-0.0024922078 -0.014463167 -0.0051078051
-0.0014510207 -0.014519667 -0.0051249829
-0.00045447453 -0.014480224 -0.0051033376
0.00043987297 -0.014435389 -0.0050940542
0.0014124655 -0.014440125 -0.0050879158
0.0024768719 -0.014602712 -0.0051049646
0.003131991 -0.014306906 -0.005093297
0.0096846623 -0.014272246 -0.0050632334
0.010556214 -0.014728153 -0.0050998423
0.011494692 -0.014400573 -0.0050816103
0.012471565 -0.014531757 -0.0050682202
0.013382168 -0.014365834 -0.0050398447
0.014598784 -0.01470648 -0.0050603249
0.015517917 -0.014520582 -0.0050913086
0.016643852 -0.014505521 -0.0050242334
0.017172916 -0.014796269 -0.0050287507
0.018276377 -0.01463032 -0.005065884
-0.017397502 -0.013526341 -0.0051900735
-0.01643474 -0.013500154 -0.0051894472
-0.01552418 -0.013492663 -0.0051870854
-0.014452131 -0.013560094 -0.0051878253
-0.013499997 -0.013500032 -0.0051685199
-0.012478602 -0.013562087 -0.0051692356
-0.011554153 -0.013442337 -0.0051828483
-0.010549276 -0.013500524 -0.0051574497
-0.0094708214 -0.013517579 -0.0051497379
-0.008537869 -0.013441199 -0.0051234872
-0.0045165722 -0.013132171 -0.0050904206
-0.0034865374 -0.013345771 -0.0051020072
-0.0025381846 -0.01355542 -0.0051375004
-0.0014908746 -0.013478754 -0.0051363339
-0.00049538974 -0.013550126 -0.0051314938
0.00052817806 -0.013562319 -0.0051050582
0.0014752032 -0.013448462 -0.0051086531
0.0024825609 -0.013557239 -0.0050975285
0.0033186106 -0.01337593 -0.005082224
0.0046881787 -0.013107051 -0.0050672279
0.0053088106 -0.013008365 -0.0050013517
0.0087159583 -0.013176013 -0.0050894204
0.0094625596 -0.013657504 -0.0050594448
0.010435435 -0.013652282 -0.0051092207
0.011656365 -0.013430975 -0.0050888155
0.012568898 -0.013663263 -0.0050870706
0.013474736 -0.013439623 -0.0050830133
0.014640151 -0.013409508 -0.0050703138
0.0154069 -0.013596221 -0.0050776843
0.016581243 -0.013432381 -0.0050330809
0.017959313 -0.01332834 -0.0051354025
0.018040547 -0.013563527 -0.0050105597
-0.01723149 -0.012634117 -0.0051448722
-0.016482443 -0.012442063 -0.0051709143
-0.015544849 -0.01250065 -0.0051968372
-0.014563371 -0.012510799 -0.0052011511
-0.013481557 -0.012449627 -0.0051868139
-0.012514266 -0.012598271 -0.005177909
-0.011520037 -0.012501746 -0.0051814071
-0.010578692 -0.012548549 -0.005181984
-0.009527781 -0.012544818 -0.0051611699
-0.0084561119 -0.012509806 -0.0051334421
-0.0076887007 -0.012285057 -0.0051029138
-0.0064255414 -0.012208889 -0.0051192739
-0.0054998863 -0.01236931 -0.0051242858
-0.0045224293 -0.012529265 -0.00516881
-0.0034985389 -0.012495618 -0.0051405178
-0.0024496843 -0.012510059 -0.005153724
-0.0014438825 -0.012397003 -0.0051439176
-0.00046548131 -0.012570073 -0.0051337681
0.00058735593 -0.012523806 -0.0051138927
0.0015224824 -0.012506638 -0.0051140664
0.0025402762 -0.012525255 -0.0051080426
0.0036107569 -0.012548979 -0.0050887493
0.004447985 -0.012625054 -0.0050714971
0.0054713199 -0.012379099 -0.0050747418
0.0063589597 -0.0122531 -0.0051234365
0.0084525729 -0.012423185 -0.0051419088
0.0092977267 -0.012611979 -0.0050865267
0.010455543 -0.012484099 -0.0051299105
0.011554182 -0.01247701 -0.0050913459
0.012488447 -0.012533499 -0.0051020444
0.013543002 -0.012381621 -0.0050899223
0.014850831 -0.012450079 -0.0050646798
0.015340006 -0.012607151 -0.0050886907
0.016674822 -0.012476041 -0.0050375084
-0.017121965 -0.011902896 -0.0051594707
-0.016392954 -0.011565647 -0.0051849922
-0.015573421 -0.011470309 -0.0051992708
-0.014544845 -0.011431322 -0.0051933411
-0.013519282 -0.011457286 -0.005179957
-0.012533357 -0.011517513 -0.0051787528
-0.011559656 -0.011550778 -0.0051839179
-0.010532893 -0.011490139 -0.0051853694
-0.0095178364 -0.011498297 -0.0051826066
-0.0085202744 -0.011472136 -0.0051544686
-0.0074634701 -0.011500771 -0.0051760497
-0.0064667794 -0.011511778 -0.0051368685
-0.0055101765 -0.011435497 -0.0051519959
-0.0045386637 -0.011475211 -0.0051509016
-0.0034857963 -0.011469514 -0.0051380349
-0.0025041888 -0.011478875 -0.0051736487
-0.0014817921 -0.011429782 -0.0051580281
-0.00042688003 -0.011553632 -0.0051335008
0.00057000364 -0.011444476 -0.0051465658
0.0015475092 -0.011476258 -0.0051270276
0.0025087572 -0.011468641 -0.0051221456
0.0035160419 -0.011531287 -0.0051142471
0.004435386 -0.011587419 -0.0050935741
0.0055366536 -0.011582163 -0.0050984416
0.0065113921 -0.011417142 -0.0050868676
0.0075875656 -0.011340592 -0.0050756922
0.0084483298 -0.011439141 -0.0051142545
0.0094219595 -0.011572657 -0.005100165
0.010452365 -0.011392061 -0.0051469761
0.011569401 -0.01142673 -0.0051099816
0.01239645 -0.01141931 -0.005123544
0.013538904 -0.011661527 -0.0050789486
0.01473164 -0.011352153 -0.0050856718
0.015381799 -0.011566646 -0.0051093004
0.016619025 -0.011533442 -0.0050631948
0.017006392 -0.01171492 -0.0050235032
-0.0161725 -0.010765254 -0.0052018352
-0.015424902 -0.010639221 -0.0052250018
-0.014552481 -0.010451229 -0.0052136127
-0.01355601 -0.010473811 -0.005200021
-0.012543106 -0.010471068 -0.0051974556
-0.011543746 -0.010526903 -0.005201559
-0.010539575 -0.010505371 -0.0052017267
-0.0095556127 -0.010458548 -0.0051866909
-0.0085305236 -0.010465588 -0.005160287
-0.0074932114 -0.010528589 -0.0051940945
-0.006486638 -0.010534874 -0.0051621413
-0.0055734273 -0.010484232 -0.0051755193
-0.0045282026 -0.010524246 -0.0051441463
-0.0035052327 -0.010502658 -0.0051169931
-0.0024538052 -0.010436758 -0.0051513356
-0.0013589222 -0.010580715 -0.0051588444
-0.00044469093 -0.010499783 -0.0051515852
0.00057664426 -0.010568889 -0.0051706852
0.0015065685 -0.010504752 -0.0051247329
0.0024993725 -0.010451184 -0.0051564034
0.0035128437 -0.010560567 -0.0051272805
0.004489583 -0.010470425 -0.0051005264
0.0055864677 -0.010603871 -0.0051369546
0.006489695 -0.01043346 -0.0051073944
0.0074697332 -0.010500293 -0.0050711897
0.0084657902 -0.010474985 -0.0050731376
0.0093978727 -0.010413066 -0.0050867093
0.010452014 -0.010514805 -0.0051283287
0.011381753 -0.010474567 -0.0051238779
0.012404922 -0.010358243 -0.0051458874
0.01336279 -0.010680574 -0.0051229219
0.014406059 -0.010454877 -0.005097752
0.015438308 -0.010538504 -0.0051167053
0.016404405 -0.010493579 -0.005047502
-0.015068792 -0.00983564 -0.005113496
-0.014341807 -0.009709008 -0.0051959753
-0.01354406 -0.0095367739 -0.005196841
-0.012527033 -0.0094595551 -0.0052056708
-0.011521028 -0.0095422342 -0.0052020214
-0.010543584 -0.0094821574 -0.0051771742
-0.0095039727 -0.0095131407 -0.0052030799
-0.0085220151 -0.009517774 -0.0051956861
-0.0075107864 -0.0095140571 -0.0051733465
-0.0064974958 -0.0095205875 -0.0051488699
-0.0055231033 -0.0094785346 -0.0051942919
-0.0044923141 -0.0095382528 -0.0051687686
-0.0035164664 -0.0094769187 -0.0051160557
-0.0023724372 -0.0094513455 -0.005160836
-0.0015168748 -0.0095371399 -0.0051495978
-0.00048840384 -0.0094591435 -0.0051582055
0.00050882099 -0.0096119046 -0.0051665241
0.0016078625 -0.009522425 -0.0051563415
0.0025144008 -0.0095732138 -0.0051384522
0.0034935651 -0.0094828466 -0.0051474916
0.0045348331 -0.0094679864 -0.0051204083
0.0055116275 -0.0095556313 -0.0051182457
0.0064386958 -0.0095133753 -0.0051235477
0.0074959821 -0.0094987797 -0.0051003015
0.0084877126 -0.0095403185 -0.0051113814
0.0094916532 -0.009401192 -0.0051142615
0.010339169 -0.0095604202 -0.0050972626
0.011371298 -0.0093956338 -0.0050629275
0.012489138 -0.0094181933 -0.0051288861
0.013519756 -0.0093381293 -0.0051323287
0.01451409 -0.0095628286 -0.0051303594
0.015208682 -0.0097854445 -0.0052113691
-0.013277839 -0.0087573007 -0.0052288529
-0.012496715 -0.0086187879 -0.0052127326
-0.011503173 -0.0085275741 -0.0052155396
-0.010528787 -0.0085321944 -0.0052015856
-0.00948181 -0.0085180141 -0.0052135652
-0.0084926328 -0.0085441759 -0.0051814271
-0.007505992 -0.0084722498 -0.0052003004
-0.0064350497 -0.0085000657 -0.0051625664
-0.0055691097 -0.0084777242 -0.0051759477
-0.0045689382 -0.0085332664 -0.0051757419
-0.0034584142 -0.0085126245 -0.0051281978
-0.0024548857 -0.0084595075 -0.0051946999
-0.0014735159 -0.0084347511 -0.0051553729
-0.00056010089 -0.0084921001 -0.0051719733
0.00051259116 -0.0085057309 -0.0051581347
0.0015618338 -0.0085852211 -0.0051416708
0.0024456454 -0.008462551 -0.0051491084
0.0035046164 -0.0085131414 -0.0051685483
0.0045924443 -0.0084068412 -0.0051427712
0.0054278895 -0.0085749328 -0.0051613562
0.0063412432 -0.0084862448 -0.0051483437
0.0074948505 -0.0085620387 -0.0051055127
0.0083434647 -0.00856099 -0.0051252008
0.0094810417 -0.0084675634 -0.0051298067
0.010425757 -0.008524878 -0.0051279091
0.011447331 -0.0084456112 -0.0050816154
0.012364288 -0.0084991213 -0.0051035159
0.01346538 -0.0087451618 -0.0050044828
-0.01132337 -0.0074987677 -0.0051866467
-0.010486553 -0.0074998327 -0.0051835184
-0.0094962567 -0.007462733 -0.0052240221
-0.0084943827 -0.0075872652 -0.0051884353
-0.0075328969 -0.007503082 -0.0052119051
-0.0064279968 -0.0074852635 -0.0052180253
-0.0055391868 -0.0075088423 -0.0052107112
-0.0045400569 -0.0075655752 -0.0052033225
-0.0034899337 -0.0075444072 -0.0051352787
-0.0024347056 -0.0075054211 -0.0052007153
-0.0014940879 -0.0074448395 -0.0051559461
-0.0004647591 -0.0075660292 -0.0051708701
0.00050295173 -0.0074553667 -0.0051294719
0.0015241835 -0.0075030341 -0.0051591331
0.0024462002 -0.0074684336 -0.0051468639
0.0035670451 -0.0074791322 -0.0051824944
0.0046169301 -0.0075433925 -0.0051845154
0.0055856365 -0.0074156262 -0.0051461561
0.006505806 -0.0074972105 -0.0051698252
0.0075451978 -0.0075080614 -0.0051077302
0.0084256819 -0.007525417 -0.0051300279
0.0095116049 -0.0075427005 -0.0051245587
0.010523548 -0.0075499783 -0.0051369839
0.011468225 -0.0077244034 -0.0051003988
0.012113943 -0.0076966458 -0.0051371995
-0.012273688 -0.0063734255 -0.005149683
-0.011519345 -0.0064852373 -0.0052307136
-0.010513386 -0.0064934567 -0.0052082529
-0.0094566867 -0.0064454945 -0.005207472
-0.008492426 -0.0065182634 -0.0051891916
-0.0075166114 -0.0065218741 -0.0052059013
-0.0064946967 -0.00645199 -0.0051913653
-0.0055328924 -0.0065353434 -0.0052014263
-0.0044707218 -0.0064967321 -0.0052129584
-0.0033991735 -0.0065040938 -0.0051517878
-0.0023782349 -0.0064768703 -0.0051968065
-0.0014448325 -0.0065303729 -0.0051718582
-0.00048881501 -0.0065697306 -0.0051689157
0.00053603528 -0.0064316075 -0.0051445668
0.0015221027 -0.0065331054 -0.0051435763
0.0024266462 -0.0063379877 -0.0051590041
0.0034370122 -0.0065310015 -0.0051542469
0.0044880649 -0.0065540634 -0.0051640524
0.0056182146 -0.0064250058 -0.0051765568
0.0065007317 -0.0065336498 -0.0051714368
0.0076697292 -0.0064481553 -0.0051259445
0.0084188189 -0.0065028425 -0.0051355097
0.0095288474 -0.0065189372 -0.0051403092
0.010499086 -0.0065725562 -0.0051253489
0.011529162 -0.0066058282 -0.0051218327
0.012351813 -0.0064714048 -0.0050997464
-0.012338228 -0.0054008411 -0.0051728184
-0.01151977 -0.0054854676 -0.0052485806
-0.010559812 -0.0055386107 -0.0052219876
-0.0095162177 -0.0054703481 -0.0052195312
-0.0084471405 -0.0054330276 -0.0052032103
-0.0074957688 -0.0054192776 -0.0052111074
-0.0064510098 -0.0055156834 -0.0051602102
-0.0055398839 -0.0054917652 -0.0052033928
-0.0044865855 -0.0054946565 -0.0052030054
-0.0035100009 -0.0054395022 -0.0051640533
-0.0024196981 -0.0054226862 -0.0052081258
-0.0014773875 -0.0054592853 -0.0052030762
-0.00056031859 -0.0055106282 -0.005199003
0.00051815959 -0.0054749036 -0.0051822159
0.0015394707 -0.0055309837 -0.0051757749
0.0024412016 -0.0053736991 -0.0051563047
0.0034551767 -0.0054995967 -0.0051778522
0.0044619376 -0.0055754073 -0.005114805
0.0054690428 -0.0054677008 -0.0051448056
0.0065253512 -0.0055215578 -0.0051812651
0.0075643915 -0.0055594081 -0.005143614
0.0084804734 -0.005554622 -0.0051646559
0.009525409 -0.005457601 -0.0051518721
0.010449491 -0.0055253934 -0.0051571024
0.011503043 -0.0054738824 -0.0051298821
0.012390167 -0.0056065209 -0.0051491773
0.013074559 -0.0052013071 -0.0050738459
-0.020182263 -0.0040744441 -0.0052104569
-0.019350313 -0.0041311947 -0.0052350215
-0.018506676 -0.0041817008 -0.0052514449
-0.017676709 -0.0040851915 -0.0052826884
-0.013174044 -0.0042052716 -0.0053184633
-0.012531854 -0.0044744425 -0.0051910831
-0.011539632 -0.0044790423 -0.0052487585
-0.010503164 -0.0045063375 -0.0052060406
-0.0095091471 -0.0044938675 -0.0052414793
-0.0085106213 -0.0044901343 -0.0052259322
-0.0075196428 -0.0044660517 -0.0051987297
-0.0064465515 -0.0044780127 -0.0052184598
-0.005489775 -0.0045113424 -0.0052058334
-0.0044759708 -0.0044960622 -0.0052180444
-0.0034162609 -0.004490531 -0.0051768282
-0.0024024025 -0.0044291061 -0.0052261287
-0.0015166615 -0.0044602579 -0.0052099098
-0.00052085472 -0.0044780169 -0.005169339
0.00047725567 -0.0045701317 -0.0051950146
0.001607584 -0.0045098853 -0.0051814308
0.0024856552 -0.0044217966 -0.0051639839
0.0034471494 -0.0045301137 -0.0051836162
0.0044386727 -0.0044957455 -0.0051481291
0.0054301671 -0.0044786874 -0.0051521058
0.0064743939 -0.0045168288 -0.0051587233
0.0074186209 -0.0045706523 -0.0051392727
0.0084446697 -0.004570961 -0.0051651518
0.0095221074 -0.0044491072 -0.0051896586
0.010460042 -0.004546483 -0.0051507452
0.011438799 -0.004508175 -0.0051422818
0.01251139 -0.0046137786 -0.0051548565
0.013183933 -0.0042279009 -0.0051498404
0.019171674 -0.0040498814 -0.0050793388
-0.023046305 -0.0030005542 -0.0052256067
-0.022300206 -0.0032255182 -0.0053066975
-0.021479614 -0.0034227476 -0.0052951374
-0.020501204 -0.0035692996 -0.005286918
-0.019499006 -0.0035022774 -0.0053054327
-0.018482821 -0.0035189658 -0.0052990355
-0.017531751 -0.0035420887 -0.0052752886
-0.016495315 -0.0035731297 -0.0052542486
-0.015519906 -0.0033982941 -0.0052321339
-0.014517302 -0.0032670209 -0.0052508186
-0.013385779 -0.0033008964 -0.0052717542
-0.012518017 -0.0034995985 -0.0052785939
-0.011540964 -0.0034600496 -0.0052765543
-0.010499784 -0.0035290902 -0.0052256249
-0.0094788605 -0.0035121778 -0.0052587846
-0.0084977737 -0.003544037 -0.0052410602
-0.0075681964 -0.0034542195 -0.0052445042
-0.0064521618 -0.0034323931 -0.0052106651
-0.0054698954 -0.00352113 -0.0052110045
-0.0044686338 -0.0035414014 -0.0052237455
-0.0033850367 -0.0034766933 -0.0051619178
-0.0024487902 -0.0034884575 -0.0052268002
-0.0017012436 -0.0037983139 -0.0051776618
0.0016611972 -0.0039589424 -0.0050637508
0.0024455555 -0.0036463959 -0.0052182549
0.0034199706 -0.0035136372 -0.0051892358
0.004445828 -0.0035149902 -0.0051786704
0.005488479 -0.0034811436 -0.0051799426
0.0064926646 -0.0034385307 -0.0051594945
0.0074492297 -0.0035501323 -0.0051383032
0.0084679797 -0.0034787776 -0.0051762848
0.0095484853 -0.0035463464 -0.0051712813
0.010469373 -0.0035025449 -0.0051580798
0.011396346 -0.0035156286 -0.0052005099
0.012457049 -0.0034603972 -0.0051587941
0.013319686 -0.003343629 -0.0051764888
0.014741464 -0.0031747073 -0.0051619182
0.015373597 -0.0032095094 -0.0051751425
0.016646789 -0.0032768794 -0.0051748999
0.017518798 -0.0034267046 -0.0050996868
0.018607173 -0.0035525858 -0.0051019522
0.019461114 -0.0035258024 -0.0051198914
0.020488363 -0.0035593291 -0.0050883885
0.021364756 -0.0031973065 -0.0050638285
0.022139663 -0.0030979989 -0.0051391595
-0.024272738 -0.0021388547 -0.0053449427
-0.023423349 -0.002472209 -0.0052995696
-0.022492541 -0.0025188553 -0.005333181
-0.021503443 -0.0024977762 -0.0053372239
-0.020518189 -0.002525287 -0.0053451476
-0.019510394 -0.0025158329 -0.0053179283
-0.018494507 -0.0025313157 -0.0053034648
-0.017515946 -0.0024903268 -0.005301855
-0.016478529 -0.0025199181 -0.0052866926
-0.015517456 -0.002485483 -0.0052834707
-0.014550479 -0.0024342919 -0.0052818293
-0.013534289 -0.0024455539 -0.0052756001
-0.012527696 -0.0024851717 -0.005258943
-0.011493045 -0.0024512943 -0.0052720839
-0.01049633 -0.0025093877 -0.005249762
-0.009509718 -0.0025203144 -0.0052591101
-0.0085353972 -0.002545797 -0.0052659111
-0.0075273626 -0.0024530878 -0.005208612
-0.006460146 -0.0025315788 -0.0052311309
-0.0054958994 -0.0024907689 -0.0051996727
-0.0044826958 -0.0024640181 -0.0052226572
-0.0035027962 -0.0024262965 -0.0051606223
-0.0028050095 -0.0027452691 -0.0052651349
0.0035932111 -0.0026582645 -0.0052384483
0.004432715 -0.0024890811 -0.0051758261
0.0054993993 -0.0025543019 -0.0051871096
0.0065042037 -0.0025125991 -0.0051473053
0.0073977886 -0.0024536077 -0.0051742694
0.008463663 -0.0024952104 -0.0051840143
0.0095428051 -0.0025225552 -0.005154599
0.010384344 -0.0024604232 -0.0051505594
0.011490327 -0.0024170948 -0.0051842267
0.012532847 -0.0023958343 -0.0051576542
0.013480103 -0.002472904 -0.005164783
0.014403792 -0.0024725797 -0.0051701078
0.015529315 -0.0025946349 -0.0051246891
0.016550554 -0.0024149104 -0.0051272367
0.017407879 -0.0024615729 -0.0051302253
0.018514354 -0.0024680591 -0.0051281177
0.019410066 -0.0025369332 -0.0051091653
0.020444626 -0.0026477308 -0.00509862
0.021523297 -0.0024885742 -0.005109542
0.022516239 -0.0023753324 -0.005117869
0.023648005 -0.0024266741 -0.0050733872
0.024032302 -0.002286966 -0.0051089497
-0.02513255 -0.00138163 -0.0052092695
-0.024505923 -0.0014760732 -0.0053416137
-0.023526512 -0.0015130745 -0.0053507043
-0.022513248 -0.0015169042 -0.0053369561
-0.021514162 -0.0014976312 -0.0053459858
-0.020505264 -0.0015390239 -0.0053441571
-0.019524645 -0.0015268745 -0.0053188303
-0.018479915 -0.0015056166 -0.005326414
-0.017472664 -0.0015571995 -0.0053009437
-0.016406234 -0.0015029279 -0.0052806633
-0.01548726 -0.001501095 -0.0052911378
-0.014541068 -0.0014873256 -0.0052712541
-0.013490662 -0.0015463299 -0.0052775
-0.012486263 -0.00148888 -0.0052536884
-0.011551634 -0.0015185132 -0.0052712234
-0.010517702 -0.0014827546 -0.0052279052
-0.0095203565 -0.0014802171 -0.0052844039
-0.0085685709 -0.0014383311 -0.0052677891
-0.0075318976 -0.0014971439 -0.0052324398
-0.006441927 -0.0015082373 -0.0052519464
-0.0054797954 -0.0015034623 -0.0052208486
-0.0045107566 -0.0014258126 -0.0052445172
-0.0037361453 -0.0014838818 -0.0051438855
0.0038509737 -0.0015861522 -0.005194447
0.004370586 -0.0015676472 -0.0052137198
0.0055884016 -0.0015391745 -0.0051750345
0.0064457436 -0.0015591814 -0.0051576067
0.0074935774 -0.0014570458 -0.0051730745
0.0084567284 -0.0014352989 -0.0051574223
0.009529368 -0.0015317549 -0.0051445146
0.010429868 -0.0014911887 -0.005094748
0.011529721 -0.0015373168 -0.0051610735
0.012626297 -0.0013671938 -0.0051481808
0.013646059 -0.0013876861 -0.005184975
0.014462033 -0.0014370644 -0.0051895431
0.015419352 -0.0015203184 -0.0051408783
0.016423037 -0.0014114373 -0.0051589147
0.017509619 -0.0014345753 -0.0051471037
0.01850643 -0.0014952761 -0.005173787
0.019353468 -0.0014968513 -0.0051442059
0.020418128 -0.0017134428 -0.0050960835
0.021484137 -0.0014676603 -0.0051245131
0.02251469 -0.0015618192 -0.0051096827
0.023653233 -0.001354344 -0.0051002842
0.024538301 -0.0013294944 -0.0051448955
0.0251981 -0.0011089032 -0.0050728945
-0.025136117 -0.00047459704 -0.0052578049
-0.0245269 -0.00043254235 -0.0053676981
-0.023497807 -0.00048738881 -0.0053890143
-0.022512153 -0.00050692452 -0.0053663468
-0.021582088 -0.0004994155 -0.0053641973
-0.020539753 -0.00051987881 -0.0053696008
-0.019498056 -0.00049469009 -0.0053430721
-0.01844459 -0.00046649398 -0.0053393804
-0.017525971 -0.00054238614 -0.0053392141
-0.016452473 -0.00051013677 -0.0053166109
-0.015509242 -0.00051724428 -0.0053025922
-0.014580457 -0.00053435337 -0.0052933414
-0.01352585 -0.00047998631 -0.0052956808
-0.01251313 -0.0004754136 -0.0052694487
-0.01153796 -0.00047705742 -0.0052651721
-0.010476029 -0.00048733607 -0.0052571613
-0.0094785141 -0.00044642817 -0.0053033568
-0.0085393256 -0.00043332475 -0.0052456399
-0.0075221923 -0.00044991856 -0.0052588778
-0.0064496533 -0.00046762798 -0.0052526826
-0.0055061821 -0.00043531595 -0.0052274121
-0.0044577601 -0.00042230391 -0.0052546337
-0.0038435168 -0.00048955169 -0.0051979949
0.0044176104 -0.00050503132 -0.0052076299
0.0055225464 -0.00056798203 -0.0051956801
0.0064469259 -0.0004445315 -0.0051843566
0.0073860995 -0.00050827308 -0.0052041924
0.0084746005 -0.00042430614 -0.0051940768
0.0094891666 -0.00047230098 -0.0051722475
0.010517578 -0.00054630463 -0.005122263
0.011499966 -0.0004986439 -0.0051933383
0.012619289 -0.00054062862 -0.0051720929
0.013600346 -0.00045219852 -0.0051823137
0.014538609 -0.00050746312 -0.0051771724
0.015695263 -0.00042716163 -0.0051313997
0.016511738 -0.00046837033 -0.0052125985
0.017529277 -0.00037760244 -0.0051734676
0.018477377 -0.0006068137 -0.0051462553
0.019442581 -0.00039571265 -0.0051582991
0.020446755 -0.00056470576 -0.0051222877
0.021443328 -0.00039165202 -0.0051174406
0.022431513 -0.00057633728 -0.0051456015
0.02357965 -0.00050601002 -0.0051143039
0.024535147 -0.00040928167 -0.0051261899
0.02515916 -0.00038860101 -0.0050936774
-0.02516656 0.00046887936 -0.0052450025
-0.024493055 0.00049808656 -0.0053508785
-0.023506284 0.00053794676 -0.0054208273
-0.022478465 0.0005059847 -0.0053731534
-0.021545529 0.00048769484 -0.0053611817
-0.020492665 0.00048810276 -0.0053534238
-0.019487763 0.0005085817 -0.0053625382
-0.018470632 0.00056075538 -0.0053523541
-0.017503697 0.00050681556 -0.0053267749
-0.016412467 0.0004835994 -0.0053239227
-0.015464494 0.00052399357 -0.0053188722
-0.014567006 0.00048697199 -0.0053238031
-0.013544236 0.00049303845 -0.0053058937
-0.012527386 0.00049916859 -0.0052920473
-0.011547264 0.00055229146 -0.005289875
-0.010489133 0.00045586936 -0.005242249
-0.0095339157 0.00048438119 -0.0053319805
-0.0085026398 0.0004805685 -0.0052905655
-0.0074605253 0.00046306735 -0.005256521
-0.006455611 0.00049502047 -0.0052927365
-0.0054545333 0.00050132052 -0.005237875
-0.0044957451 0.00050720456 -0.0052689142
-0.0038530638 0.00053269917 -0.0051719402
0.0043532583 0.00045108047 -0.0052326666
0.005483509 0.00050160411 -0.0052044182
0.006445067 0.00054928521 -0.0052180397
0.007380004 0.00044852629 -0.0052227331
0.0084844269 0.00044345352 -0.0051898868
0.0095263058 0.00047381103 -0.0051955543
0.010487369 0.00053059688 -0.0051608603
0.011500145 0.00053075247 -0.0051688813
0.01258125 0.00042051967 -0.0051450972
0.013588336 0.00048991991 -0.0051750829
0.014515966 0.00049454177 -0.0051784711
0.015698049 0.00048561321 -0.0051353876
0.016608922 0.00055972178 -0.0051767081
0.017414944 0.00062236568 -0.0051995898
0.018344136 0.00044766322 -0.0051735146
0.01937349 0.00055564998 -0.0051918882
0.020424489 0.00060727785 -0.0051139039
0.021401316 0.00050346524 -0.0051735546
0.022447202 0.00046742536 -0.0051205861
0.023614585 0.00046164554 -0.0051238844
0.024594596 0.00046448456 -0.0050838948
0.025117621 0.00062979886 -0.0051314635
-0.025088985 0.0011977451 -0.0052764844
-0.024411507 0.001350034 -0.0053304425
-0.023504667 0.0015274282 -0.0053640297
-0.022483207 0.0015342756 -0.0053931354
-0.021546068 0.0014960124 -0.005360099
-0.020550875 0.0014855036 -0.0053903814
-0.01952971 0.0014850342 -0.0053383904
-0.018495433 0.0015529206 -0.0053750332
-0.01751372 0.0015227607 -0.0053541237
-0.016435441 0.0014994561 -0.0053482498
-0.015493788 0.0015204817 -0.0053098081
-0.014567935 0.0014883333 -0.0053205686
-0.013530643 0.0014742023 -0.0053052334
-0.012523241 0.0014946157 -0.0053150686
-0.01154894 0.0015258625 -0.0052801203
-0.010492261 0.0014850057 -0.0052672308
-0.009514031 0.0014766698 -0.0053096139
-0.0085266931 0.0014496568 -0.0052546095
-0.007565266 0.001467254 -0.0052549634
-0.0064766216 0.0015188907 -0.0052537052
-0.0054840101 0.0015007632 -0.0052496898
-0.0045253136 0.0014469675 -0.0052718241
-0.003564267 0.0015640004 -0.0052160113
0.0038665649 0.0015491783 -0.0052253176
0.0043873456 0.0014838108 -0.0052171298
0.0055329059 0.0015305645 -0.005209187
0.0064561572 0.0014698845 -0.0051916428
0.0073945341 0.0014865802 -0.0052010273
0.0084999595 0.001413509 -0.005207581
0.0095087066 0.0014466306 -0.0051832092
0.010492179 0.0015773218 -0.0051725446
0.011554534 0.0015058439 -0.0051830863
0.012570543 0.0014646974 -0.0051968661
0.013530212 0.0014402593 -0.0051759798
0.014490413 0.0015148687 -0.0051887608
0.015643712 0.0015283645 -0.0051328382
0.016424069 0.0016593358 -0.0051672887
0.017405055 0.0014157216 -0.0051655276
0.018453049 0.0015437893 -0.0051636472
0.019431397 0.0014739549 -0.0051948754
0.020513467 0.0016168727 -0.0051390473
0.021609241 0.0015621497 -0.0051630582
0.022518752 0.0014718985 -0.0051517705
0.023553982 0.0014096522 -0.0051270472
0.024433469 0.0014958289 -0.0051076086
0.025146151 0.0011676282 -0.0051028784
-0.023343684 0.0021733406 -0.0052869897
-0.022438135 0.0025167458 -0.0053660641
-0.021512406 0.002542591 -0.005340958
-0.020529823 0.0025230914 -0.0053786808
-0.019540347 0.0025333669 -0.0053638066
-0.018455643 0.0025285566 -0.0053758039
-0.017472258 0.0025168743 -0.0053320909
-0.016388303 0.0025408727 -0.005368426
-0.015414425 0.0025219603 -0.0053298506
-0.014550785 0.0025782334 -0.0053236331
-0.013510259 0.0024832957 -0.0053345743
-0.012488218 0.0025389064 -0.0052985768
-0.011542553 0.0025587236 -0.0053078528
-0.0105006 0.0025508034 -0.0052847588
-0.0095215999 0.0025574998 -0.0052871457
-0.0085401759 0.0024712172 -0.0052706925
-0.0075525013 0.0025787083 -0.0052584484
-0.0064830254 0.0025609869 -0.0052670641
-0.005506041 0.0025607836 -0.0052411011
-0.0045080096 0.0025343257 -0.0052941265
-0.0034370192 0.0025059429 -0.0052144541
-0.0024873104 0.0027398467 -0.0051770527
0.0028166957 0.0028464969 -0.0052212011
0.0035340253 0.0025825067 -0.0051937783
0.0044712476 0.0025404051 -0.0052075051
0.0055168839 0.0025763768 -0.0052139563
0.006476908 0.0024925135 -0.0051638782
0.0074370387 0.0024749585 -0.0052184728
0.0083968146 0.002461991 -0.0052202702
0.0094746184 0.0025304346 -0.0051813172
0.01047413 0.002544137 -0.0051937331
0.011519461 0.0025434224 -0.0052125501
0.0125844 0.0024855041 -0.0051573487
0.013548915 0.0024512666 -0.0051851682
0.014497602 0.0024544697 -0.0051599513
0.015583947 0.0025462226 -0.0051425649
0.016485043 0.002570709 -0.0051569697
0.017413037 0.002444447 -0.0051638554
0.018541219 0.0025908083 -0.0051988335
0.019298378 0.0024820231 -0.0051609394
0.020514602 0.0026139349 -0.0052097458
0.021559935 0.0024664397 -0.005164152
0.022455525 0.002529128 -0.0051622209
0.02358678 0.0023203709 -0.0051435973
-0.021325059 0.0031455634 -0.0052803182
-0.020498807 0.0033095204 -0.0053309919
-0.019491946 0.0034469159 -0.0053290161
-0.018509245 0.0034696874 -0.0053581088
-0.017500907 0.0033805363 -0.0053553558
-0.01654068 0.0032439895 -0.0053211725
-0.015501375 0.0031067124 -0.0052941279
-0.014859628 0.0030223574 -0.0052998937
-0.013190609 0.0034690932 -0.0052993139
-0.012501992 0.0035159132 -0.0052974746
-0.011565128 0.0035307524 -0.0053254473
-0.010530802 0.0035177472 -0.0053077247
-0.0095032891 0.0035354621 -0.0053222072
-0.0085369498 0.0034936513 -0.005310847
-0.0075045638 0.0034782314 -0.0052674399
-0.0065029366 0.0034968385 -0.0052729733
-0.0054974542 0.0035530613 -0.0052648732
-0.0045131519 0.0035048113 -0.0052957535
-0.0034103093 0.0035336989 -0.0052747582
-0.0024154307 0.0034758248 -0.005270449
-0.0015494494 0.0036220693 -0.0052717268
-0.00057268713 0.0038301256 -0.0052233599
0.00055234449 0.0038469592 -0.0051815491
0.0015613678 0.0038372607 -0.0052612266
0.0024355401 0.0035544387 -0.0052187927
0.0034744565 0.0035193095 -0.0052142004
0.0044163992 0.0035091252 -0.0052259397
0.005520294 0.0035447048 -0.005217874
0.0065130121 0.0034793343 -0.005189681
0.0074199829 0.0035256196 -0.0051880041
0.0083955983 0.0035195088 -0.0052062962
0.0094748382 0.0035562499 -0.0052299192
0.010482837 0.0035236939 -0.0051861936
0.01146489 0.0034833062 -0.0052192952
0.012572278 0.0035426284 -0.0051651802
0.013401315 0.0034321838 -0.0052025062
0.015653528 0.0031428903 -0.0051175291
0.016555043 0.003257605 -0.0051969211
0.017639326 0.0033795035 -0.0051491638
0.018571349 0.0034773888 -0.0051768431
0.01942433 0.0035728156 -0.0051827212
0.020476004 0.003352761 -0.00515506
0.021402437 0.003287927 -0.005111089
0.02207699 0.0031679142 -0.0050802901
-0.013078365 0.0041627726 -0.0052149743
-0.012530628 0.0044559622 -0.0052579138
-0.011560366 0.0045150882 -0.0053557595
-0.010517227 0.0044884705 -0.0053144996
-0.0095354225 0.00451029 -0.0053379037
-0.0085526202 0.0045839828 -0.0053332779
-0.0075890305 0.0044738278 -0.005295441
-0.006495845 0.0044791955 -0.0052972268
-0.0054336539 0.0045024045 -0.005238235
-0.0045014126 0.0045262813 -0.0052906456
-0.0034342518 0.0045569693 -0.0052538454
-0.0024124503 0.004502133 -0.0052595958
-0.0015883786 0.0045708884 -0.0052613183
-0.00050067785 0.0045666252 -0.0052356739
0.0005773466 0.0044915513 -0.0052645952
0.0015474894 0.0045444914 -0.0052788719
0.0024607668 0.0044745458 -0.0051984456
0.0034250589 0.0045764945 -0.0052090124
0.0044208327 0.004479303 -0.0052332599
0.005444705 0.0044986946 -0.0052307933
0.0064655798 0.0044654454 -0.0051937979
0.0074529718 0.0045409179 -0.0052072825
0.0084466515 0.0045357225 -0.0052160542
0.0094967345 0.0045001213 -0.0052179638
0.010513542 0.0044596144 -0.0051841708
0.011441569 0.0045587053 -0.0052196709
0.012583233 0.0044648764 -0.0052038627
0.013188067 0.0043302584 -0.0052074022
-0.012323556 0.0055020563 -0.0053242277
-0.011567584 0.0055038463 -0.0053340164
-0.010497826 0.0055006109 -0.0053395494
-0.0095339017 0.0054871193 -0.0053217183
-0.0085140876 0.0055019716 -0.0053386996
-0.0075441496 0.0054752706 -0.0053012813
-0.0064747166 0.0054784655 -0.0053085056
-0.0054646381 0.0054813419 -0.0052609243
-0.0045028543 0.0055292589 -0.0052926787
-0.0034365882 0.005532797 -0.0052891532
-0.0024126545 0.0054476503 -0.0052718385
-0.0015105174 0.005505851 -0.0052782679
-0.00052784616 0.0054756948 -0.0052324035
0.00051546574 0.0055196211 -0.0052766646
0.0015435892 0.0054737339 -0.0052992976
0.0025268362 0.0054767318 -0.0052314294
0.0034692893 0.0054691783 -0.0052465457
0.0044562025 0.0054335725 -0.0052393959
0.0055343285 0.0054549538 -0.0052118525
0.0065203663 0.0054580038 -0.0052025463
0.0075668106 0.0054573347 -0.0051988428
0.0084576188 0.0054871845 -0.0052471748
0.0095093185 0.0055330335 -0.0052143116
0.010549623 0.0054572942 -0.0051762573
0.011557349 0.0055165743 -0.0052047563
0.012517197 0.0055725635 -0.0051848064
-0.012168432 0.0063742562 -0.0053336667
-0.011494251 0.0064950949 -0.0053546587
-0.010550483 0.0065066162 -0.0053450302
-0.0095063103 0.0065080924 -0.0053314967
-0.0085390918 0.0064725862 -0.00532457
-0.0075473669 0.0064906422 -0.0053116349
-0.0064996947 0.0065155411 -0.0053137969
-0.0054275412 0.0065165665 -0.0052705137
-0.0044913506 0.0064949221 -0.0052876826
-0.0034617605 0.0064796051 -0.0052628121
-0.0024379638 0.0064670602 -0.0052728374
-0.0015149533 0.0064600818 -0.0052348329
-0.00053026492 0.0065062465 -0.0052482192
0.00050567684 0.0065305657 -0.0052808542
0.0015130285 0.0065182731 -0.0052977963
0.0025313429 0.0064526075 -0.0051896805
0.0034411214 0.0064517013 -0.0052562836
0.0045144507 0.0064906739 -0.0052593863
0.0055348617 0.0065255365 -0.0052151037
0.006526818 0.006491994 -0.0052113771
0.0075380625 0.0065054349 -0.0052207154
0.0084963907 0.0064648292 -0.0051827817
0.0094491523 0.0066114063 -0.005237171
0.010569824 0.0064188763 -0.0051961769
0.011477057 0.0066080266 -0.0052076094
0.012249981 0.0064167879 -0.0051880823
-0.012256184 0.0078074886 -0.0053130849
-0.011538219 0.0075639132 -0.0053048423
-0.010527655 0.0075501995 -0.0053584799
-0.0095468825 0.0074848928 -0.005338863
-0.0085189287 0.0075403014 -0.0053456253
-0.0075662499 0.0074563301 -0.0053410069
-0.0064854803 0.0075354981 -0.0053425394
-0.0054153902 0.0075704232 -0.0052986038
-0.0045281509 0.007522542 -0.0053047473
-0.0034366713 0.0074987169 -0.0052728988
-0.0024711727 0.0075467606 -0.0053065722
-0.0015137485 0.0074807731 -0.0052680592
-0.00050917192 0.0075564459 -0.0052273883
0.00051717937 0.0075312522 -0.0052552051
0.0015120165 0.0075666928 -0.0052671498
0.0025276954 0.007484444 -0.0052251793
0.0034840212 0.0074974555 -0.0052486393
0.0044768853 0.0075453827 -0.0052657607
0.0055288165 0.0075889286 -0.0052199839
0.0065258378 0.0075316001 -0.0052318289
0.0074763414 0.0075332173 -0.0052312296
0.0084816413 0.0075204847 -0.0052213287
0.0094823875 0.0075227795 -0.0052039912
0.01047733 0.0075261369 -0.0051964703
0.011445709 0.0075239134 -0.0051792604
0.012432837 0.0078236554 -0.0051651206
-0.014179456 0.0088886181 -0.0052116788
-0.013396711 0.0086417394 -0.0053460817
-0.012524019 0.0084718028 -0.005368623
-0.01154091 0.0085032526 -0.0053601484
-0.010523667 0.0085742045 -0.0053661107
-0.0095572257 0.0084897643 -0.0053475997
-0.0085228933 0.0085503804 -0.005324557
-0.0075961989 0.008505566 -0.0053574904
-0.0065375441 0.0084875841 -0.0053512733
-0.0054415283 0.0085203061 -0.0053200629
-0.0044919839 0.0085173631 -0.0053388434
-0.0034851695 0.0085482821 -0.0053097415
-0.0025169987 0.0085147899 -0.0053112786
-0.0015491989 0.008569058 -0.0052619353
-0.00054427324 0.0085380515 -0.0052753808
0.0004994779 0.0085664447 -0.0052984538
0.0015431456 0.0085171489 -0.0052715577
0.0024854655 0.0085479571 -0.0052197226
0.0034533683 0.0085580721 -0.0052702422
0.0044280151 0.0085065542 -0.0052781263
0.0054862406 0.0085440567 -0.0052680699
0.0065129367 0.0085758297 -0.0052447468
0.0075238911 0.0084867654 -0.0052336943
0.0084834052 0.0085629551 -0.0052512363
0.0095138587 0.0085091572 -0.0052166078
0.010515358 0.0086157853 -0.0051988722
0.011492475 0.0085361628 -0.0052180472
0.01248612 0.0085041374 -0.0051859128
0.013539745 0.0086810738 -0.0052628987
0.01417845 0.0088226097 -0.0051544346
-0.015445472 0.009786428 -0.0053553963
-0.014523398 0.0095569016 -0.0053658616
-0.013535128 0.0094999243 -0.0053875293
-0.012538488 0.0094909249 -0.0053560887
-0.011528205 0.0095310602 -0.0053487178
-0.010562215 0.0095417518 -0.0053818799
-0.0095144855 0.0094998525 -0.0053217979
-0.0084939012 0.0095459083 -0.0053350013
-0.0075222645 0.00954301 -0.0053092367
-0.0065258448 0.0094950385 -0.0053276853
-0.0054912255 0.0094869798 -0.0053135441
-0.0044685849 0.0095458049 -0.0053436537
-0.003473195 0.0095526893 -0.0053475536
-0.0024926667 0.009536 -0.0052968636
-0.0015404419 0.0095379613 -0.0052924524
-0.00053212815 0.0095374444 -0.0052825678
0.00049363013 0.0094918637 -0.0053018648
0.0015084075 0.0094552198 -0.0053133108
0.002499237 0.0095371949 -0.0052250884
0.0034861066 0.0095336763 -0.0052555441
0.0045085601 0.0095300702 -0.0052686064
0.0055018519 0.0094951633 -0.0052482309
0.0064962036 0.0095295282 -0.0052388995
0.0074925302 0.0094748987 -0.0052638012
0.0085455775 0.0094961533 -0.0052304924
0.0095238648 0.0095764752 -0.0052538249
0.010535194 0.0094890492 -0.0052099782
0.011538927 0.0094957473 -0.0052339425
0.012533455 0.0094891004 -0.0051871655
0.013519394 0.0094896723 -0.0052288556
0.014430072 0.0095362291 -0.0051611052
0.0152036 0.0097810151 -0.0052053514
-0.016354136 0.010570126 -0.0053862603
-0.015487944 0.010474972 -0.0054346607
-0.01452827 0.010507355 -0.0054214252
-0.013513531 0.010505459 -0.0054312241
-0.012503465 0.010478992 -0.0053784642
-0.011549805 0.010522297 -0.005382746
-0.01050032 0.010522204 -0.005390753
-0.0095016267 0.010519588 -0.0053347792
-0.0085244663 0.010486709 -0.0053877034
-0.0075811585 0.010560194 -0.0053162724
-0.0065433276 0.01055908 -0.0053490233
-0.0054918635 0.010537161 -0.0053166589
-0.0045172726 0.010541617 -0.0053335391
-0.0034380292 0.010493704 -0.0053639505
-0.0024996311 0.010523375 -0.0053078341
-0.0015550232 0.010492045 -0.0053002331
-0.00052775478 0.010538573 -0.0052665924
0.00055459142 0.010506422 -0.0053090667
0.0015190685 0.010479503 -0.005287027
0.0025050009 0.010551216 -0.0052229199
0.0035109299 0.010522101 -0.0052606161
0.0044652494 0.010560509 -0.0052583376
0.0054709595 0.010554201 -0.0052382825
0.0064813369 0.010566162 -0.0052425191
0.0074811489 0.010549808 -0.0052674795
0.0085324496 0.010535266 -0.0052806539
0.009486204 0.01054262 -0.0052452129
0.010484231 0.010543453 -0.0052373572
0.011535726 0.010464591 -0.0052323639
0.012509813 0.01048315 -0.0052135405
0.01352919 0.01047301 -0.0052328166
0.014540753 0.010508626 -0.0052017951
0.015502553 0.010478855 -0.0052356571
0.016396347 0.010555239 -0.0051763789
-0.017125931 0.011671297 -0.0054087136
-0.016485097 0.011481638 -0.0054223798
-0.015500118 0.011501051 -0.0054306844
-0.014497056 0.01148127 -0.0054320646
-0.013519858 0.011472141 -0.0054330458
-0.01250743 0.011481362 -0.0054201637
-0.011514049 0.011481444 -0.0053770817
-0.010500452 0.011503108 -0.0054032216
-0.0095253959 0.011525054 -0.0053498149
-0.0085190823 0.011462564 -0.0053633619
-0.0075025908 0.011525043 -0.0053007398
-0.0064876606 0.011464192 -0.0053340355
-0.0054516662 0.011548919 -0.0053223809
-0.0045109 0.011468191 -0.005323261
-0.0034869569 0.011527587 -0.0053068008
-0.0024775707 0.011501385 -0.0053414549
-0.0015296947 0.011451974 -0.0053388127
-0.00049631554 0.011500518 -0.0053048339
0.00050994306 0.011520718 -0.0053400663
0.0015408995 0.011512523 -0.0053444868
0.0025370168 0.011488047 -0.005238554
0.0035601933 0.011462471 -0.0052962098
0.0044848104 0.011557057 -0.0052980012
0.0054437579 0.011446149 -0.0052546589
0.006471144 0.011516171 -0.0052349954
0.0075168889 0.011405016 -0.0052636955
0.0084867673 0.011478707 -0.0052847755
0.0095592225 0.011489739 -0.0052704108
0.010441176 0.011509334 -0.0052485415
0.011527357 0.011474953 -0.0052507124
0.012486028 0.01139421 -0.0052592643
0.013483995 0.011390992 -0.0052406206
0.01447067 0.011451696 -0.0052457722
0.015537778 0.011495662 -0.0052091586
0.016452419 0.011443684 -0.0051693534
0.017249867 0.011609458 -0.0051368997
-0.017457696 0.012552035 -0.0053578378
-0.016561329 0.012483581 -0.0054682256
-0.015477501 0.012528663 -0.0054264097
-0.014483855 0.012494685 -0.0054155858
-0.013480711 0.012503474 -0.0054372554
-0.012507642 0.012504046 -0.0054130899
-0.011486503 0.012552485 -0.0054053231
-0.010444281 0.012523232 -0.0053948876
-0.0095036589 0.012566951 -0.0053848163
-0.0085012577 0.012505738 -0.0053613745
-0.0078730034 0.012267993 -0.0053293128
-0.0064076683 0.012097479 -0.0052223816
-0.0055023893 0.012245748 -0.0052878391
-0.0045145997 0.012460086 -0.0053131273
-0.003497917 0.012542782 -0.0053405464
-0.0025072575 0.01246697 -0.0052763545
-0.0015545962 0.012521637 -0.0053217472
-0.00049645448 0.012450138 -0.0053312425
0.00051306025 0.012535428 -0.0053316597
0.0015497764 0.012526136 -0.0053594895
0.0025165337 0.012478789 -0.0052511697
0.003516539 0.012471704 -0.0052934126
0.0044714338 0.012504106 -0.0052670357
0.0054914635 0.012268045 -0.005272564
0.0063676401 0.012151656 -0.0052055325
0.007441794 0.012053515 -0.0050643701
0.0086422907 0.01239787 -0.0052674147
0.0095096556 0.012480368 -0.0052348613
0.010496149 0.012553043 -0.0052386378
0.01150311 0.012488117 -0.0052181943
0.012467866 0.012456422 -0.0052365959
0.013508983 0.012485385 -0.0052259192
0.014473374 0.012455844 -0.0052563534
0.015524107 0.012520758 -0.0051926137
0.016446402 0.012443497 -0.0052002175
0.017459471 0.012525038 -0.0052069044
-0.018127201 0.013600445 -0.0053872648
-0.017522549 0.013544993 -0.005444671
-0.016542887 0.013508738 -0.0054846643
-0.015482674 0.013602952 -0.0054367664
-0.014490792 0.013525303 -0.0054529631
-0.013538291 0.013488041 -0.0054275827
-0.012509558 0.013557757 -0.0054286993
-0.01150119 0.013576991 -0.0054108072
-0.010535126 0.013553387 -0.0054042493
-0.0094986213 0.01357417 -0.005381281
-0.008712871 0.013407486 -0.0053533446
-0.0032957387 0.013154444 -0.0053033181
-0.0024924185 0.013464934 -0.0053087492
-0.0015238839 0.013541657 -0.0053298119
-0.00047105332 0.013465405 -0.0052971556
0.00056784682 0.013483636 -0.0053076064
0.0015185409 0.013518839 -0.0053501097
0.002522795 0.013497194 -0.0052761305
0.0033323783 0.013382896 -0.0053179241
0.0040821028 0.013051059 -0.0052098855
0.0088502066 0.013228021 -0.00525943
0.0095161526 0.013508742 -0.0052331202
0.010516284 0.013523929 -0.0052390168
0.011521272 0.013466232 -0.0052395314
0.012533357 0.013538732 -0.0052393312
0.013530673 0.013484934 -0.0052234991
0.014494042 0.013517973 -0.0052317753
0.015590522 0.013496109 -0.0052077956
0.016522657 0.013398608 -0.0051928405
0.017512532 0.01345083 -0.0052633546
0.018174548 0.013539277 -0.0051745861
-0.018268954 0.014549832 -0.0054128706
-0.017456679 0.014475092 -0.0054610628
-0.016514219 0.014514728 -0.0054605533
-0.015438824 0.014554805 -0.0054975352
-0.014534558 0.014538515 -0.0054139588
-0.013504612 0.014471929 -0.0054556523
-0.012445655 0.014571577 -0.0054131793
-0.011494377 0.014508869 -0.005450597
-0.010526531 0.014484059 -0.0054210951
-0.0096101724 0.014493998 -0.0054020062
-0.0089475866 0.01417841 -0.0052279681
-0.0031670742 0.014607059 -0.0053554019
-0.0024900064 0.014551078 -0.00531385
-0.0015213434 0.014544686 -0.0053224973
-0.00043674812 0.01449619 -0.0053106453
0.00058844365 0.014449991 -0.0053230217
0.0015607617 0.014503688 -0.00535157
0.0025505694 0.014542077 -0.005270218
0.0032685134 0.014641553 -0.0053318022
0.0088522527 0.0140693 -0.0052417535
0.0097658318 0.01447598 -0.0053189937
0.010543494 0.014471333 -0.0051950174
0.011479493 0.014508042 -0.0052510351
0.012513789 0.014559067 -0.0052359044
0.013524091 0.014531458 -0.0052507869
0.014498974 0.014502589 -0.0052659088
0.01557932 0.014585187 -0.0052447016
0.016529635 0.014442566 -0.0052366867
0.017505193 0.014463647 -0.0052320315
0.018251967 0.014506679 -0.005162105
-0.018391017 0.015515718 -0.0054232818
-0.017560253 0.015495435 -0.0055288509
-0.016574506 0.015484571 -0.0054818843
-0.015554666 0.015531437 -0.005487049
-0.01454524 0.015470923 -0.0054631233
-0.013532992 0.015447779 -0.0054534571
-0.012444281 0.015477896 -0.0054475442
-0.011503843 0.015425575 -0.0054270108
-0.010515081 0.015509318 -0.0054032244
-0.0097688334 0.015239242 -0.0053478112
-0.0032461071 0.015562832 -0.0053810063
-0.0024444696 0.015519263 -0.0053450731
-0.001520971 0.015468924 -0.0053419378
-0.00046119737 0.015436224 -0.0053337738
0.00050719007 0.015449908 -0.0053302231
0.0015262209 0.015459836 -0.0052961949
0.0025146406 0.015490542 -0.0052751661
0.003456739 0.015545433 -0.0052867699
0.0097524878 0.015255104 -0.0052221618
0.010550553 0.015393376 -0.0052347868
0.011488647 0.015495501 -0.0052683055
0.012509973 0.01550362 -0.0052274088
0.013488931 0.015452486 -0.0052233911
0.014481848 0.015496872 -0.0052802009
0.015550885 0.015521527 -0.0052360268
0.016505033 0.015536406 -0.0052402071
0.017509317 0.015400565 -0.005249681
0.018294701 0.015419303 -0.005249917
-0.019003142 0.016298726 -0.0051468941
-0.018361339 0.01646838 -0.0054186671
-0.017454004 0.016481508 -0.0054956144
-0.016566159 0.016490847 -0.005522185
-0.015517964 0.016522733 -0.0054981159
-0.014564556 0.01646083 -0.0054620095
-0.013542792 0.016468707 -0.0054580462
-0.012473735 0.016471917 -0.0054092491
-0.011503391 0.016438706 -0.0054176357
-0.010722889 0.016249318 -0.0052856323
-0.0033410718 0.016542392 -0.0053884895
-0.0024811749 0.016523151 -0.0053683305
-0.001577325 0.016499912 -0.0053267954
-0.00047284205 0.016457643 -0.0053186705
0.0005619399 0.016511634 -0.0053283153
0.0015452458 0.016456848 -0.0053282208
0.0025075807 0.01652512 -0.0052917935
0.0034890501 0.016497092 -0.005296207
0.010638813 0.016143871 -0.0051565659
0.011516171 0.016412728 -0.0052195229
0.012540733 0.016509786 -0.0052475077
0.013553067 0.016477145 -0.005231509
0.014529067 0.016468316 -0.0052388497
0.015515999 0.016462544 -0.0052232207
0.016469475 0.0165515 -0.0052649239
0.017494045 0.016417772 -0.0052563981
0.018405808 0.016460462 -0.0052222731
-0.018188123 0.017131347 -0.0053045377
-0.017469503 0.017428331 -0.0054146345
-0.016565079 0.017508009 -0.0055144234
-0.015504525 0.017507747 -0.0054882374
-0.014535676 0.017566001 -0.0054539642
-0.013546464 0.017449161 -0.0054118717
-0.012633019 0.017253431 -0.0053547109
-0.011890944 0.017020572 -0.0054306844
-0.0041734003 0.017733857 -0.0052469834
-0.0034383277 0.017522383 -0.0053921356
-0.0024375061 0.017527552 -0.005363896
-0.0015009664 0.017551368 -0.0053373193
-0.0004723965 0.017453691 -0.0053740628
0.00058509654 0.017423904 -0.0053541753
0.0015525434 0.017501431 -0.0053338613
0.0025366961 0.0175256 -0.0053296089
0.0035568697 0.017520119 -0.0052961241
0.0041629979 0.017720338 -0.0052917139
0.011854136 0.017067939 -0.0054891733
0.01262114 0.017269732 -0.0052362815
0.013547813 0.017472198 -0.0052295825
0.014529846 0.017514993 -0.0052707191
0.015517573 0.017445553 -0.0052160597
0.016509024 0.017498653 -0.0052376972
0.017526139 0.017445276 -0.0052162269
0.018119672 0.017173791 -0.0052768439
-0.017115578 0.018228265 -0.0052092052
-0.016528876 0.018200183 -0.005400287
-0.01560838 0.018149776 -0.0054040109
-0.014773362 0.018065715 -0.0053569605
-0.0041548121 0.018591458 -0.0051569478
-0.0034740551 0.018512582 -0.0053815921
-0.0024183807 0.01850589 -0.0053945906
-0.0014994666 0.018560518 -0.0053796116
-0.00046785644 0.018468168 -0.0053633577
0.00054253009 0.018449148 -0.0053544166
0.001526386 0.01851156 -0.0053530838
0.0024943065 0.018526867 -0.0053052907
0.0035591559 0.018516503 -0.0053267968
0.0041817464 0.018658215 -0.0053075878
0.014515389 0.018101549 -0.0052921907
0.015448863 0.018175611 -0.0051747118
0.016552929 0.018304827 -0.0052404413
0.017256042 0.018179735 -0.0052249134
-0.0041584694 0.019460162 -0.0052144453
-0.0034619791 0.01954723 -0.0053797998
-0.0024399527 0.019453734 -0.0053781932
-0.0015454021 0.019470224 -0.005345074
-0.00049637712 0.019477315 -0.0053953333
0.00050633185 0.019463129 -0.0053520193
0.0015024707 0.019507214 -0.0053852382
0.002484672 0.019459972 -0.0053561404
0.0035429522 0.019498698 -0.0053518694
0.0041521802 0.019440474 -0.0052119745
-0.0040433481 0.02010062 -0.0052680615
-0.0034294466 0.020514354 -0.0053523313
-0.0024644942 0.020468164 -0.0053792144
-0.0014819332 0.020452514 -0.0053631687
-0.00043454685 0.020506822 -0.0053748274
0.0005312601 0.020494435 -0.0053853518
0.001504192 0.020438896 -0.0053649521
0.0024947992 0.020481672 -0.0053484798
0.0035054612 0.020518247 -0.0053553982
0.0040070903 0.02010184 -0.0053076055
-0.0033154625 0.021438338 -0.0053801783
-0.0024630167 0.021555126 -0.0054054279
-0.0014966716 0.021486783 -0.005365788
-0.0004669464 0.021549679 -0.0054203202
0.00053460972 0.021507397 -0.0053563486
0.0015284023 0.021509873 -0.0053696311
0.0025302209 0.02151919 -0.0053136912
0.0033177389 0.021468107 -0.0053476924
-0.0031600147 0.022413671 -0.0053716805
-0.0024490019 0.022505024 -0.0053581866
-0.0014797737 0.022493387 -0.0053584334
-0.00047400233 0.022551401 -0.005417469
0.00049616612 0.022497503 -0.0053726439
0.0014707163 0.022484701 -0.0053721075
0.0024794852 0.022534229 -0.0053663505
0.0030990555 0.022394506 -0.0053318986
-0.0023298759 0.023412934 -0.005338442
-0.0015232621 0.023502193 -0.0053802663
-0.00049089186 0.02351073 -0.0054482855
0.00055483764 0.023445824 -0.0053957254
0.0015179222 0.023465037 -0.005351346
0.0023009048 0.023473866 -0.0054001547
-0.0021180278 0.024240684 -0.0055384925
-0.0014219913 0.024454454 -0.0053577712
-0.00045595012 0.024515899 -0.0053965403
0.00059397711 0.024490841 -0.0053629274
0.0014725679 0.024350533 -0.005341881
0.0021472101 0.024118263 -0.0053658457
-0.0012868765 -0.025089081 -0.0044387481
-0.0004808857 -0.025130147 -0.0043790573
0.00049461459 -0.025125567 -0.0043797665
0.0013531533 -0.02509756 -0.0043851328
-0.0021570858 -0.024242021 -0.004444777
-0.0014765621 -0.024508318 -0.0045203478
-0.00045980007 -0.024477124 -0.0046311701
0.0005187575 -0.024451356 -0.0045964858
0.0015674253 -0.024532955 -0.0045469562
0.002262007 -0.024357334 -0.0044403775
-0.0023572075 -0.023421308 -0.004475527
-0.0015555021 -0.023528604 -0.0046072863
-0.00051915477 -0.023495641 -0.0046491167
0.00055185601 -0.023502925 -0.0045861774
0.001536562 -0.023513438 -0.0046308162
0.0024895824 -0.023495082 -0.0044796048
0.0030579485 -0.023221223 -0.0043383427
-0.0031941182 -0.022316953 -0.0044250018
-0.0025707853 -0.022457153 -0.0045439117
-0.0015328974 -0.022525569 -0.0046362439
-0.00048722915 -0.022506583 -0.0046492033
0.00053061405 -0.022575123 -0.0045794211
0.0015180402 -0.022514921 -0.0046277875
0.002534064 -0.022518774 -0.0045514219
0.0032646684 -0.022397315 -0.0045443447
-0.0033788609 -0.021455532 -0.0045017228
-0.002545726 -0.021511173 -0.0046009491
-0.0015360878 -0.021481862 -0.0046300087
-0.00047989411 -0.02150714 -0.0046614497
0.00053830747 -0.021541972 -0.0046045478
0.0015357712 -0.021511437 -0.0046406174
0.0025219521 -0.021508811 -0.0046252883
0.0035002129 -0.021434655 -0.0045267921
0.0040565352 -0.021076918 -0.0044256542
-0.0040299492 -0.020190977 -0.0046599777
-0.0034200398 -0.020525275 -0.0045013051
-0.0025245689 -0.020495187 -0.0046857572
-0.0015257263 -0.020466376 -0.0046720584
-0.00050444854 -0.020514134 -0.0046613133
0.00052931171 -0.020490156 -0.0046083294
0.001458419 -0.020540314 -0.0046355966
0.0025033096 -0.020489821 -0.0046131951
0.0035288425 -0.020489288 -0.0045696702
0.0041443049 -0.020413252 -0.0044395812
-0.0041317437 -0.019310998 -0.0045018778
-0.0034993496 -0.019508006 -0.0045555141
-0.0024732852 -0.019497892 -0.0046794331
-0.0014874584 -0.019492336 -0.0046616755
-0.00049656985 -0.019523742 -0.0046731597
0.00051876321 -0.019498575 -0.0046277107
0.0014958432 -0.019524405 -0.0046657273
0.0025259168 -0.019501131 -0.0046095387
0.0035588469 -0.019485911 -0.0045959232
0.0042405818 -0.019423857 -0.004482998
-0.017345577 -0.018214982 -0.0044694175
-0.016521173 -0.018585434 -0.0045275199
-0.015489905 -0.018597156 -0.0045232149
-0.014548577 -0.01842124 -0.004521396
-0.013627332 -0.018186765 -0.0044833417
-0.012911707 -0.018052716 -0.0044911467
-0.0041685482 -0.018685354 -0.0043711741
-0.0034712381 -0.01852987 -0.0045465906
-0.0025097972 -0.018470485 -0.0047126184
-0.0014899005 -0.018534468 -0.0046842806
-0.00051009236 -0.018481573 -0.0047059474
0.00050757721 -0.018481372 -0.0046421112
0.001452621 -0.018478962 -0.0046479148
0.0024863102 -0.018528206 -0.0046443255
0.0035318797 -0.018463157 -0.0046052453
0.0042290217 -0.018432751 -0.0045258477
0.013752176 -0.01807096 -0.0043416708
0.014500211 -0.018210452 -0.0044184392
0.015527621 -0.018356083 -0.0044169859
0.01654272 -0.018447306 -0.0044232826
0.017340558 -0.018255455 -0.0043603578
-0.018313009 -0.017241688 -0.0045243688
-0.017618172 -0.017576078 -0.0046139546
-0.016467053 -0.017492058 -0.0047922307
-0.015468364 -0.017581476 -0.004769743
-0.01446832 -0.017483719 -0.0047341553
-0.013354773 -0.017556652 -0.0047134017
-0.01249395 -0.01760208 -0.0045363018
-0.011583809 -0.017253224 -0.0045011942
-0.010933747 -0.017041577 -0.0045776614
-0.0040714177 -0.017899746 -0.0047046011
-0.003370635 -0.01753637 -0.0045398218
-0.0024760088 -0.017478893 -0.0046775141
-0.0014540097 -0.01753292 -0.004677814
-0.00050199189 -0.017503023 -0.0047247037
0.00050025946 -0.017480981 -0.0046768948
0.001507244 -0.017457074 -0.0046569421
0.0024977955 -0.017523155 -0.0046533537
0.0035170687 -0.017457686 -0.0046211598
0.004139029 -0.017507069 -0.0044055511
0.011697191 -0.017180474 -0.0043685036
0.012520235 -0.017377831 -0.0044277995
0.013490808 -0.017535148 -0.0044988338
0.014506262 -0.017469121 -0.0045553627
0.01546353 -0.017494122 -0.0045112208
0.016513649 -0.017456289 -0.0045153783
0.017561179 -0.017518651 -0.0044531617
0.018305723 -0.017273465 -0.0043840567
-0.018362198 -0.016507046 -0.004495102
-0.017591976 -0.016561883 -0.0047066892
-0.016465643 -0.016537366 -0.004763111
-0.015480135 -0.016518559 -0.0047737961
-0.014475748 -0.01649881 -0.0047320975
-0.01342919 -0.01651698 -0.0047444673
-0.012382586 -0.016495757 -0.0047463565
-0.011396934 -0.016592126 -0.0046867062
-0.010579027 -0.016505944 -0.0045478628
-0.0098961648 -0.01615151 -0.0044311117
-0.0033300561 -0.016582871 -0.0045655109
-0.002493337 -0.016427236 -0.0046551283
-0.0014641564 -0.016503572 -0.0046525677
-0.00051137293 -0.016550217 -0.0046805092
0.00054030883 -0.016525108 -0.0046796873
0.0014656283 -0.01651174 -0.0046961256
0.0024959168 -0.016459502 -0.004662402
0.0035212885 -0.016511183 -0.0046048784
0.0040664235 -0.016683202 -0.0044326517
0.010678361 -0.016332276 -0.0044383616
0.011494708 -0.016536405 -0.0044838251
0.012491952 -0.016554873 -0.0045840042
0.013563746 -0.016495893 -0.0045524752
0.014521749 -0.016446594 -0.004572846
0.015503789 -0.016519718 -0.0045418381
0.016503833 -0.016488157 -0.0044968044
0.01756545 -0.016518686 -0.0045069796
0.018545019 -0.016543159 -0.0044359858
-0.018280854 -0.015567135 -0.0045122397
-0.01760882 -0.015452344 -0.0046206573
-0.016522633 -0.015562585 -0.0048043486
-0.015519699 -0.015462801 -0.0047963974
-0.014472892 -0.015512613 -0.0047545792
-0.013453743 -0.015622916 -0.0047576725
-0.012440174 -0.015502769 -0.004745
-0.011455448 -0.015518625 -0.0047298563
-0.010470714 -0.015544248 -0.0046949303
-0.0096393153 -0.015466248 -0.0045955442
-0.0032953557 -0.015526623 -0.0045602983
-0.0025528788 -0.015489914 -0.0045645232
-0.0014687072 -0.015478592 -0.0046630572
-0.00050821161 -0.015501818 -0.0046897759
0.00050133636 -0.015490247 -0.0046907407
0.0014801985 -0.015491543 -0.0046869242
0.002476071 -0.0154912 -0.0046594916
0.0034567711 -0.015578421 -0.0045389305
0.0096110022 -0.015376756 -0.0042803767
0.010524692 -0.015480499 -0.0045089354
0.011526036 -0.01549373 -0.0045799259
0.012529269 -0.015525916 -0.0045714616
0.013562725 -0.015536549 -0.004613135
0.014560484 -0.015506678 -0.0045664492
0.0155116 -0.015530494 -0.0045615467
0.016528612 -0.015503977 -0.0045567313
0.017528079 -0.015521354 -0.0045379554
0.018411769 -0.01555734 -0.0044349642
-0.018172346 -0.014527532 -0.0044173249
-0.017647443 -0.014506291 -0.004551888
-0.016465819 -0.014497583 -0.0048391661
-0.01546702 -0.014560755 -0.0047804532
-0.014477614 -0.014509793 -0.0047560669
-0.013511702 -0.014581437 -0.0047866497
-0.012472223 -0.014512414 -0.0047806758
-0.011459704 -0.014506564 -0.0047708894
-0.010470091 -0.014515432 -0.0047776229
-0.0095042856 -0.014514896 -0.0046034977
-0.0087369047 -0.01433917 -0.0044953572
-0.0032462217 -0.014584283 -0.004347235
-0.0024607182 -0.014545212 -0.0045812521
-0.0015073181 -0.01450423 -0.0047168182
-0.00052687601 -0.014493322 -0.0046837954
0.00052587956 -0.014458332 -0.0046865391
0.001446742 -0.01447807 -0.0046575726
0.0025118175 -0.014501072 -0.0046381229
0.0033831003 -0.014579091 -0.0045555751
0.0088795936 -0.014347266 -0.0041954853
0.0096312417 -0.014490133 -0.0044827415
0.010540775 -0.014488068 -0.0045771548
0.011497148 -0.014474169 -0.0046235337
0.012527149 -0.014468376 -0.0045818482
0.013537965 -0.014532461 -0.0045599067
0.014473387 -0.014486128 -0.0045704921
0.015466668 -0.014522823 -0.0045440723
0.016489884 -0.014444456 -0.004551006
0.017545102 -0.014483117 -0.0045469911
0.018283416 -0.014521956 -0.0044438364
-0.018119715 -0.013709013 -0.0047386102
-0.017517984 -0.01347473 -0.0044922945
-0.016501086 -0.013430868 -0.0048569357
-0.015520774 -0.013531948 -0.0048148357
-0.014427247 -0.013514815 -0.0047650603
-0.013462051 -0.013603546 -0.0048138206
-0.012501043 -0.013500697 -0.0047776257
-0.011490974 -0.013461431 -0.0047493195
-0.010412082 -0.013477921 -0.0047554816
-0.0094710579 -0.013566811 -0.0046968712
-0.0084492732 -0.013489488 -0.0045421263
-0.0078885881 -0.013145192 -0.0043677809
-0.0050629135 -0.013093495 -0.0045792218
-0.0043599391 -0.013174043 -0.0044822376
-0.0034308487 -0.013371178 -0.0045955675
-0.0025012055 -0.013517597 -0.0046219868
-0.0015129785 -0.013511715 -0.0046994383
-0.00050570519 -0.013527974 -0.0046917005
0.00048219351 -0.013542795 -0.0046949554
0.0014836211 -0.013480563 -0.0046658344
0.0025156669 -0.013517847 -0.0046352944
0.0034964932 -0.013424559 -0.0045067766
0.0044784676 -0.013204485 -0.0044615841
0.005178777 -0.013055514 -0.0044253194
0.0086322408 -0.013262677 -0.0045204135
0.0094157448 -0.013563625 -0.004589051
0.010516071 -0.013459922 -0.0046346127
0.011535545 -0.0135104 -0.0046060178
0.012525494 -0.013455544 -0.0046063564
0.013534508 -0.013469013 -0.0045886775
0.014496212 -0.013504456 -0.0045972252
0.015455949 -0.013498394 -0.0045450106
0.016468646 -0.013450141 -0.0045515769
0.017480334 -0.013469261 -0.0045052334
0.018237287 -0.013643486 -0.0044119
-0.017272448 -0.012575618 -0.004467119
-0.016640037 -0.012432303 -0.004620438
-0.015516856 -0.012507536 -0.0047949338
-0.014396084 -0.012519604 -0.0047710706
-0.013457795 -0.012512602 -0.0047932551
-0.012512859 -0.012532915 -0.0047918516
-0.011528008 -0.012492661 -0.0047805412
-0.010489637 -0.012498634 -0.00479361
-0.0095599694 -0.012537696 -0.0047306325
-0.0084913131 -0.012509147 -0.0046976749
-0.0076121027 -0.012398795 -0.0044995039
-0.0064049144 -0.012305445 -0.0044817454
-0.0055157342 -0.012524213 -0.004559624
-0.0045941649 -0.012614074 -0.0046595605
-0.0034961472 -0.012506692 -0.0047645504
-0.0024589093 -0.01255934 -0.0047133025
-0.0014768625 -0.012472759 -0.004724782
-0.00049733376 -0.012534952 -0.004695728
0.00053046737 -0.012542471 -0.0047427975
0.0015019312 -0.012518487 -0.0046722665
0.0024888813 -0.012520472 -0.0046704016
0.003545532 -0.01247549 -0.0046743406
0.0045131799 -0.012514674 -0.0046294895
0.0055289441 -0.012542769 -0.004514412
0.0064177038 -0.012333159 -0.0045098825
0.0073211561 -0.01219009 -0.0045846058
0.0085827736 -0.01242022 -0.0046138051
0.009515238 -0.012507632 -0.0046462645
0.010545991 -0.012508134 -0.0046236287
0.011569004 -0.012506548 -0.0046532787
0.012567775 -0.012483749 -0.0046026185
0.013523697 -0.01252649 -0.004627768
0.014460919 -0.012508207 -0.0045976052
0.015503258 -0.012486547 -0.0045853606
0.016493596 -0.012520391 -0.0045435987
0.017429395 -0.01253091 -0.0044451957
-0.017180908 -0.01185843 -0.004709457
-0.016533973 -0.011480113 -0.0045048608
-0.015659165 -0.011433381 -0.0048020007
-0.014480559 -0.011509214 -0.0047657574
-0.013459325 -0.011462429 -0.0048325895
-0.012516587 -0.011540311 -0.004779804
-0.011545995 -0.011465406 -0.0047860323
-0.010449306 -0.011432293 -0.0048168018
-0.0095262583 -0.01146407 -0.004752473
-0.008503898 -0.011485026 -0.0048110578
-0.0074744686 -0.011566504 -0.0046654749
-0.0066091157 -0.011573582 -0.004724748
-0.0055556684 -0.011450955 -0.0047306642
-0.0045066383 -0.011469178 -0.0047467239
-0.0034912913 -0.0114579 -0.0047457521
-0.0024211972 -0.011540205 -0.0047427043
-0.0015279994 -0.011456581 -0.0047418005
-0.00048870611 -0.01148189 -0.0047223317
0.00053626328 -0.011470365 -0.0047381022
0.0014204896 -0.011494081 -0.0047203698
0.0024940029 -0.011481015 -0.0046904609
0.003530096 -0.011457305 -0.0047001163
0.0044948296 -0.011523506 -0.0046535726
0.0054978966 -0.011430535 -0.0046634134
0.0064395396 -0.011450767 -0.0046746698
0.0074779368 -0.011531992 -0.0045876913
0.0085171824 -0.011541549 -0.0046461383
0.0095304148 -0.011471456 -0.0046902611
0.010512742 -0.011486231 -0.0046335449
0.011550893 -0.011513866 -0.0046570972
0.012567633 -0.011504113 -0.0046318937
0.013487611 -0.011523932 -0.0046095061
0.014461429 -0.011520066 -0.0046220589
0.015500423 -0.011468611 -0.0046311538
0.016550666 -0.01150662 -0.0045276834
0.01725197 -0.011634652 -0.0044371653
-0.016191173 -0.010728493 -0.0045898408
-0.015475426 -0.010506888 -0.0045680995
-0.014547743 -0.010408666 -0.0046855872
-0.013417714 -0.010452058 -0.0047845524
-0.012488128 -0.010500086 -0.0047945101
-0.011555261 -0.010430396 -0.0047783009
-0.010450022 -0.010409282 -0.0047897478
-0.0095082866 -0.010470746 -0.0047495752
-0.0085010352 -0.010456101 -0.0047831708
-0.0075123082 -0.010482738 -0.0047719646
-0.0065649869 -0.01046683 -0.0047601615
-0.0055977735 -0.010519831 -0.0047291783
-0.004450541 -0.01054676 -0.0047503198
-0.0034955121 -0.010449513 -0.004730904
-0.0024765674 -0.010570337 -0.0047433442
-0.0015330678 -0.010514778 -0.0047394023
-0.00050477998 -0.010491136 -0.0047264476
0.00054753182 -0.010478349 -0.0047455514
0.0014418162 -0.010501398 -0.0047052577
0.0024814538 -0.010491998 -0.0047265748
0.0035381806 -0.010503456 -0.0047072722
0.0044796281 -0.010518745 -0.004683861
0.0054617454 -0.010519949 -0.0046704048
0.0064649475 -0.010522837 -0.0046827379
0.0074829124 -0.010497562 -0.0046408391
0.0085598156 -0.0105928 -0.0046337293
0.0095239375 -0.01047544 -0.0046524485
0.010550234 -0.010484761 -0.0046274201
0.011484048 -0.010514056 -0.0046773599
0.012513717 -0.010487991 -0.0046465634
0.013522136 -0.010471752 -0.004615407
0.014478395 -0.01049087 -0.0046233903
0.015526833 -0.010474368 -0.0045513939
0.016380185 -0.010637331 -0.0044199531
-0.015104094 -0.0098033287 -0.0045762877
-0.014399378 -0.0097002713 -0.0045631975
-0.013518214 -0.0093449121 -0.0046071615
-0.012565514 -0.0096134171 -0.004813198
-0.011573688 -0.0094388695 -0.0047523198
-0.010444756 -0.0095422985 -0.0047882823
-0.0095078042 -0.0094531002 -0.0047529498
-0.0085159 -0.0094896695 -0.0048064082
-0.0075135855 -0.0094964216 -0.0047674216
-0.0065134438 -0.0094923172 -0.0047768471
-0.0055417856 -0.0095400363 -0.0047593522
-0.0044964775 -0.0094975168 -0.0047709481
-0.0034762647 -0.0095214983 -0.0047268802
-0.0025165516 -0.0095308786 -0.004755198
-0.0015484449 -0.0095364926 -0.0047378861
-0.00047565118 -0.0095221149 -0.0047378056
0.00054376642 -0.0095639527 -0.004766122
0.0014816339 -0.0095184194 -0.004705728
0.0024625557 -0.0094700214 -0.0047238269
0.0035131613 -0.0094719324 -0.0047219233
0.0044612275 -0.0094648069 -0.0046830438
0.0054819365 -0.0095369862 -0.0047044521
0.0064696437 -0.0094948765 -0.0047143945
0.0074660536 -0.0095087048 -0.0046385475
0.0085450681 -0.0095010484 -0.0046502887
0.0095638167 -0.0094921738 -0.0046467679
0.010544014 -0.0095001617 -0.0046240375
0.011514335 -0.0094675114 -0.0046423748
0.012519413 -0.0095037213 -0.004658273
0.013523909 -0.00946029 -0.0046435064
0.014500725 -0.0095235426 -0.0044941581
0.015311287 -0.0098216273 -0.0044680373
-0.013320247 -0.0088139111 -0.0044602863
-0.012476835 -0.0085272482 -0.0045420523
-0.011623319 -0.0083734244 -0.0047181821
-0.01046057 -0.0085065495 -0.0047904579
-0.0094987759 -0.0085616726 -0.0048027565
-0.0085205007 -0.00848353 -0.0048056683
-0.0075202477 -0.0084941573 -0.0047780625
-0.0064537507 -0.0085359141 -0.0048016999
-0.0054914053 -0.008518639 -0.0047607259
-0.0044810451 -0.0084798504 -0.0047744163
-0.0034630701 -0.0085215038 -0.0047680107
-0.0024961862 -0.0084856618 -0.0047590388
-0.0015261443 -0.0084954174 -0.0047243857
-0.00046371942 -0.0085323146 -0.0047309832
0.00055952894 -0.0085437847 -0.0047547664
0.0015107354 -0.0084912181 -0.004721499
0.0025129966 -0.008442577 -0.0047473791
0.0035394793 -0.0085064471 -0.0047503416
0.0044678166 -0.0085214116 -0.0047207042
0.0054792864 -0.0085111018 -0.0046888031
0.0064900788 -0.0084915822 -0.004715451
0.0074081174 -0.0085308198 -0.004672674
0.0084999828 -0.0084589832 -0.0046923421
0.009552842 -0.0085133156 -0.0046732146
0.010555016 -0.008573465 -0.0046343277
0.011512448 -0.0085148849 -0.0046658362
0.012547824 -0.0084888088 -0.0045661894
0.013457199 -0.0087068137 -0.0045335582
0.014193074 -0.008971977 -0.0044959201
-0.012107462 -0.0075258818 -0.0046194112
-0.0115585 -0.007546064 -0.004491101
-0.010512884 -0.007489 -0.0047989758
-0.0094706351 -0.0075502056 -0.0047958936
-0.008578035 -0.0074647567 -0.0047932612
-0.0075384122 -0.007492343 -0.0048148627
-0.0064858464 -0.0074956324 -0.0047955005
-0.0055098841 -0.0075310925 -0.0047680549
-0.0045328955 -0.0075056604 -0.0047712536
-0.0034886312 -0.0075033242 -0.0047599282
-0.0024733699 -0.0074908636 -0.0047551449
-0.0015517164 -0.0074895392 -0.0047488138
-0.00045398407 -0.0074765468 -0.0047298092
0.00055098144 -0.0074890405 -0.0047336719
0.0015050058 -0.0074799843 -0.0047387318
0.0025201994 -0.0074954829 -0.0047316984
0.0035340269 -0.0075255632 -0.0047509219
0.0044570812 -0.0075542228 -0.0047188099
0.0054792622 -0.0075003845 -0.0047139265
0.0064513925 -0.0075029433 -0.0047335918
0.0074381907 -0.0075187101 -0.0046819197
0.0085191187 -0.0074434103 -0.0047004926
0.0095594879 -0.0075260904 -0.0046852729
0.010577668 -0.007520353 -0.0046532466
0.011501888 -0.0075395401 -0.0045776004
0.012200544 -0.0075619738 -0.0046126028
-0.012300249 -0.0063396804 -0.0045016338
-0.011659654 -0.0065636947 -0.0046307473
-0.010497218 -0.0065278504 -0.0047927438
-0.0094510159 -0.0065140566 -0.0047728023
-0.0085193925 -0.0064394656 -0.0047937138
-0.0075542233 -0.0064217444 -0.0047835354
-0.0064474861 -0.0064677624 -0.0048200963
-0.0054541528 -0.0065344111 -0.0047788932
-0.0044672606 -0.0065240543 -0.0047788965
-0.0034903521 -0.0065321997 -0.0048131868
-0.0024925526 -0.0063951714 -0.0047598626
-0.0015268859 -0.0064646835 -0.0047739292
-0.00045806292 -0.0064691058 -0.0047845147
0.0005965879 -0.0064554513 -0.0047294181
0.0015145123 -0.0065274453 -0.0047534467
0.0025019334 -0.0064825155 -0.0047535305
0.0035496522 -0.006476854 -0.0047665783
0.0044518393 -0.0065024421 -0.0047233826
0.0055135507 -0.0065063117 -0.0047372077
0.0064703538 -0.0065047415 -0.0047450326
0.0075090714 -0.0065339943 -0.0046997792
0.0085480362 -0.0064602885 -0.0047101895
0.0095605822 -0.0064788759 -0.0047126058
0.010508964 -0.0064917193 -0.0046760421
0.011500535 -0.0064813439 -0.0046577677
0.012390004 -0.0064352336 -0.0044681239
-0.013001756 -0.0053258338 -0.004571476
-0.012414305 -0.0055057276 -0.0045019118
-0.011572304 -0.0055699507 -0.0047793356
-0.010502591 -0.0054857326 -0.0048151836
-0.0093792379 -0.0055682007 -0.0047783097
-0.0084505863 -0.0053940439 -0.0048000677
-0.007529655 -0.0054623634 -0.0048073046
-0.0065060412 -0.0054691248 -0.0047954284
-0.0055025606 -0.0055756811 -0.0047886078
-0.0044946549 -0.0055237077 -0.0047852965
-0.0035279309 -0.0055389521 -0.0047913073
-0.0025228877 -0.0053705447 -0.0047789016
-0.0014972547 -0.005472214 -0.0047458052
-0.0004502699 -0.0054467092 -0.0047808401
0.00060641835 -0.0055191764 -0.0047584744
0.0015220236 -0.0054970216 -0.004727602
0.0025023217 -0.0054437979 -0.0047643925
0.0035639512 -0.005393011 -0.0047428259
0.0044902815 -0.0054279314 -0.0046989485
0.0054824725 -0.0055074915 -0.0047511165
0.0064869169 -0.0055098287 -0.0047528744
0.0074717402 -0.0055019367 -0.0047224653
0.0085306233 -0.0054831905 -0.004723439
0.0095513165 -0.0054369476 -0.0047326852
0.010548724 -0.0055148676 -0.0046809441
0.011519221 -0.0054732566 -0.0046778498
0.012543117 -0.0055412273 -0.0045507909
0.013057968 -0.0053302562 -0.0046192138
-0.020219211 -0.0040586069 -0.0045356047
-0.019528244 -0.004127929 -0.0045273369
-0.018534917 -0.0041790344 -0.0045100967
-0.017623518 -0.0040826402 -0.0045324503
-0.01697576 -0.00400723 -0.0046821116
-0.013138655 -0.0044200546 -0.0045146374
-0.012596146 -0.0045863735 -0.0045826342
-0.011466395 -0.0045745843 -0.0048171715
-0.010469205 -0.0044600395 -0.0048025334
-0.0094119618 -0.0045414651 -0.0047816304
-0.0084367692 -0.00447333 -0.0047876053
-0.0075353119 -0.0044797696 -0.0048075877
-0.0064729182 -0.0044799205 -0.004801448
-0.0054907557 -0.0045066564 -0.0048022238
-0.0045117172 -0.0044983169 -0.0047932789
-0.0035500266 -0.004512033 -0.0047967043
-0.0025181083 -0.0044237953 -0.0047729751
-0.0015088689 -0.0044423579 -0.0047729923
-0.00037971445 -0.004372973 -0.0046999552
0.00060434034 -0.0043752603 -0.0046099555
0.0014717984 -0.0043638987 -0.0046381662
0.0024690051 -0.0044430308 -0.0047422843
0.0035340209 -0.0044393232 -0.0047681876
0.0044975705 -0.0044558798 -0.0047245398
0.0054558418 -0.0045462288 -0.0047206748
0.0064407284 -0.0044950298 -0.004726164
0.0074764597 -0.0044512558 -0.0047102249
0.0084881056 -0.0044404669 -0.0046905214
0.009499724 -0.0044647497 -0.0047500883
0.010541747 -0.004510636 -0.0047069928
0.011452935 -0.0044754804 -0.0047078831
0.012572755 -0.0045682266 -0.0046307086
0.013261165 -0.0044279806 -0.0045221145
0.018657824 -0.0040358193 -0.0044450499
0.019495348 -0.0040322747 -0.004391796
-0.023085169 -0.0030237595 -0.0045924522
-0.022368103 -0.0032164382 -0.004482233
-0.02150766 -0.0035373201 -0.0045051137
-0.020544078 -0.0038190626 -0.0045303716
-0.019595686 -0.0036165328 -0.0048131025
-0.018448731 -0.0034575411 -0.0048270226
-0.017458072 -0.0037078413 -0.0046019549
-0.016496005 -0.0037343674 -0.0045172758
-0.015520001 -0.0035131734 -0.0046210638
-0.0145454 -0.0033708757 -0.0045557381
-0.013482204 -0.0033327325 -0.0045817499
-0.012587138 -0.0036236725 -0.0046552205
-0.011490382 -0.0035024497 -0.0048497939
-0.01053358 -0.0034946706 -0.0047950982
-0.0094036404 -0.0034740106 -0.0047883275
-0.0084406491 -0.0035180766 -0.0047784992
-0.0075817183 -0.0034441839 -0.0048097828
-0.0065464447 -0.0035637226 -0.0047871834
-0.0054765451 -0.0034695098 -0.0047693034
-0.0044597788 -0.0034782437 -0.0047851247
-0.0035840201 -0.0035246077 -0.0047904951
-0.0024759246 -0.0034143978 -0.0046703424
-0.0015820817 -0.0036635641 -0.0045218398
-0.00084688282 -0.0039364826 -0.0044040126
0.0017538959 -0.0039052027 -0.0043782638
0.0025901552 -0.0035665974 -0.0045781978
0.0034914068 -0.0033898184 -0.0047118645
0.0045073209 -0.0034485962 -0.004744248
0.0054917866 -0.0034748095 -0.0047343359
0.0064475224 -0.0035146598 -0.0047603291
0.0075008306 -0.0034351072 -0.004712896
0.0085401712 -0.0034628173 -0.0046920227
0.0095082177 -0.0034618252 -0.0047518718
0.01057151 -0.0034920825 -0.0047289319
0.011513046 -0.0035068772 -0.0047103236
0.01258782 -0.0034835902 -0.0046613803
0.013478649 -0.0034264419 -0.004528176
0.014471356 -0.0031274098 -0.0044287471
0.015597385 -0.0033090592 -0.0045438339
0.016578931 -0.0034502596 -0.0045041847
0.01754423 -0.0036096454 -0.0045215851
0.018452901 -0.0035929063 -0.0045663915
0.0195441 -0.0035360437 -0.0045906012
0.02044405 -0.003597189 -0.0045102173
0.021383289 -0.0034203855 -0.0044591976
0.022329688 -0.0031541581 -0.0044091516
-0.024281664 -0.0021604786 -0.0045041218
-0.023475301 -0.0025652859 -0.0045153298
-0.022721851 -0.0026992895 -0.0047379434
-0.021412058 -0.0024932483 -0.0048636929
-0.020585414 -0.0025598188 -0.0048642261
-0.019442879 -0.0024942555 -0.0048442814
-0.018488405 -0.0023739294 -0.0048466916
-0.017518014 -0.0024779842 -0.0048548528
-0.016453059 -0.0025451521 -0.0048499415
-0.015472263 -0.0023960432 -0.0048105819
-0.014475958 -0.0024228955 -0.0048182528
-0.013521935 -0.0024013193 -0.004838957
-0.012575382 -0.0024920327 -0.0048331185
-0.011514997 -0.0024981278 -0.0048767026
-0.01054872 -0.0025392792 -0.0048450348
-0.0094414139 -0.0025465731 -0.0048003057
-0.0084847733 -0.0024999497 -0.0048232041
-0.0076444438 -0.0024534087 -0.0048073535
-0.0065422058 -0.0025311089 -0.00479982
-0.0054717055 -0.0025338309 -0.0047991239
-0.0045194663 -0.0024559444 -0.0048292736
-0.0034905532 -0.0024614397 -0.0046756119
-0.0027520938 -0.0026923863 -0.0045958487
0.0036112547 -0.0025649676 -0.0046201618
0.0045198798 -0.0024672565 -0.0047484529
0.0054777274 -0.0024729606 -0.0047398531
0.0064622848 -0.0025289666 -0.0047554714
0.0074935071 -0.0024942353 -0.0047229873
0.0084719481 -0.0025522029 -0.0047205193
0.0095554003 -0.0025371662 -0.004731114
0.010563654 -0.0025380068 -0.0047452757
0.011502902 -0.0025170471 -0.00472295
0.012540023 -0.0024781658 -0.0047256327
0.013556274 -0.0025754031 -0.004711743
0.014516772 -0.0025105702 -0.0046639987
0.015505769 -0.0024936034 -0.0047032167
0.016538454 -0.0024961 -0.0046655466
0.01745804 -0.0025060384 -0.0046764407
0.01848788 -0.0025702678 -0.004638833
0.019493589 -0.002518154 -0.0046252296
0.020511961 -0.0024957648 -0.0046269679
0.021499163 -0.0025168199 -0.0046308567
0.02255097 -0.0025512245 -0.0045445506
0.02346402 -0.0024117986 -0.0044626989
0.024232937 -0.0021354728 -0.0043370873
-0.025117572 -0.0014367867 -0.0044692135
-0.024619462 -0.0016029521 -0.0045596641
-0.023435563 -0.0015342697 -0.0047345515
-0.022541774 -0.0014582721 -0.0048673502
-0.021496616 -0.001430096 -0.0048966575
-0.020565245 -0.0016084301 -0.0048701698
-0.019552944 -0.0014491162 -0.0048826123
-0.018322257 -0.0014091814 -0.0048499824
-0.017579053 -0.0014676682 -0.0048402082
-0.016414914 -0.001463715 -0.0048411652
-0.015521891 -0.0015101385 -0.0048187319
-0.01459329 -0.00144036 -0.0048410222
-0.01354391 -0.0014987375 -0.0048067346
-0.012573711 -0.0014447349 -0.0048192241
-0.011488761 -0.0014196869 -0.0048396685
-0.010589127 -0.0015355273 -0.0048299958
-0.0094641196 -0.001521869 -0.0048216241
-0.008547686 -0.0015014291 -0.0048512071
-0.0075797592 -0.0014744202 -0.0048245289
-0.0066291206 -0.0014631834 -0.0048352969
-0.005497118 -0.0015055803 -0.0047875168
-0.0045121526 -0.0015525334 -0.0048043425
-0.0035439373 -0.0015367859 -0.0045686639
0.0038945717 -0.00188614 -0.0045951479
0.0043792389 -0.0014173983 -0.0046418793
0.0054520257 -0.0014819996 -0.0047582034
0.0064231521 -0.0014781256 -0.004785262
0.007535886 -0.0015284057 -0.0047490359
0.0084563829 -0.0015488685 -0.0047196988
0.0095021958 -0.0014963739 -0.0047515635
0.010612278 -0.0014976815 -0.0047313897
0.011514989 -0.0014717124 -0.0047263061
0.012542968 -0.0015312377 -0.0047403281
0.013531131 -0.0015649236 -0.0047125448
0.014509694 -0.0015132501 -0.004709756
0.015475745 -0.0015003893 -0.0047091604
0.016536167 -0.0014339173 -0.0047245962
0.017509582 -0.0014583123 -0.0046879146
0.018474862 -0.0015369679 -0.0046782992
0.01948056 -0.0014994674 -0.0046565956
0.02054535 -0.0014945029 -0.0046616569
0.021511666 -0.0014646508 -0.0046488908
0.022533363 -0.0014659937 -0.0046431073
0.023547919 -0.0015224789 -0.0046282322
0.024542794 -0.0015134256 -0.0045373952
0.025160037 -0.0012954895 -0.004460407
-0.025113527 -0.00046035246 -0.0044178115
-0.024736613 -0.00055809825 -0.0045878203
-0.023389759 -0.00052568124 -0.0048330887
-0.022350322 -0.00045730831 -0.004819999
-0.021496598 -0.00034208756 -0.0049264636
-0.020582961 -0.00058677321 -0.0048783636
-0.019567618 -0.00042140373 -0.0048815538
-0.018431751 -0.00050522306 -0.0048648985
-0.017447578 -0.00046176565 -0.0048700934
-0.016448203 -0.0005526403 -0.0048644026
-0.015338727 -0.00046137592 -0.0048259296
-0.014539677 -0.00060253701 -0.004884359
-0.013543697 -0.00048806015 -0.0048124343
-0.012515645 -0.00050163904 -0.0048420918
-0.01161174 -0.00049393764 -0.0048156907
-0.010566343 -0.00051584048 -0.0048103519
-0.009529084 -0.00052578264 -0.0048322217
-0.0085213166 -0.00048008008 -0.0048474823
-0.0077191582 -0.00046621694 -0.0048514553
-0.0065815491 -0.00044475586 -0.0048333216
-0.0055108867 -0.00048362726 -0.0048060068
-0.0044507398 -0.00059037638 -0.0048693474
-0.0037490013 -0.00049879029 -0.0046481285
0.0044751461 -0.00044729197 -0.0046367575
0.005424459 -0.00045429598 -0.0047715004
0.0064118369 -0.00049319485 -0.0047559114
0.0074994648 -0.00048951211 -0.0047573317
0.0084880525 -0.00052324118 -0.0047445712
0.0095211295 -0.00047215883 -0.004762331
0.010575694 -0.0004381896 -0.0047215801
0.011499194 -0.00048946828 -0.0047090836
0.012561657 -0.00052083132 -0.0047288942
0.013551243 -0.00056176947 -0.0047268309
0.014500054 -0.00053116796 -0.004706678
0.015486105 -0.00052379991 -0.0046954239
0.016512323 -0.00048048058 -0.0047186199
0.017453087 -0.00051136693 -0.0047081029
0.018505977 -0.00050167501 -0.0046731667
0.019477377 -0.0005279131 -0.0046486459
0.020536305 -0.00051309454 -0.0046574469
0.021526013 -0.00044092353 -0.0046427045
0.022543948 -0.00046855133 -0.0046388544
0.023520738 -0.00049994193 -0.0046271328
0.024552196 -0.00050814176 -0.0045520505
0.025165064 -0.00047934859 -0.0044861212
-0.025133615 0.00048325295 -0.0043342109
-0.024738977 0.00049087754 -0.0045630303
-0.02367294 0.00045972705 -0.0048063612
-0.022558752 0.00051047059 -0.0048773289
-0.021469809 0.00050002115 -0.0048852288
-0.020487977 0.00053668889 -0.0048873373
-0.019537274 0.00044634717 -0.0048900899
-0.018326497 0.00053717889 -0.0048918221
-0.01745691 0.00043563562 -0.0048662629
-0.016338214 0.00049840583 -0.004852334
-0.015309243 0.00048351078 -0.0048593418
-0.014880446 0.00049445539 -0.0048572505
-0.0135981 0.00047245112 -0.004818297
-0.012837061 0.00043596767 -0.0048552831
-0.011723221 0.00045117718 -0.0048366552
-0.010658555 0.00051199656 -0.0048007281
-0.0096299537 0.0004697087 -0.004846978
-0.0085590882 0.00047679766 -0.0048435023
-0.0076385578 0.00047416775 -0.004817321
-0.0066261282 0.00048676634 -0.004853182
-0.0054909796 0.00057932438 -0.0048145526
-0.0045739692 0.00046836233 -0.0048473738
-0.003702872 0.00048060773 -0.0046017384
0.0044070533 0.00057905982 -0.0046287808
0.0054031298 0.00052231329 -0.0047933753
0.006387996 0.00048555757 -0.004778862
0.0075273956 0.00053988118 -0.0047651054
0.0085276905 0.00050577678 -0.0047368957
0.0095460163 0.00047423318 -0.0047662598
0.010574226 0.00049350638 -0.0047426051
0.011488389 0.00048444216 -0.0047165565
0.012534911 0.00049552333 -0.0047199484
0.01354733 0.00048326899 -0.0047177928
0.014513037 0.00046918241 -0.0047000702
0.015515251 0.00049483118 -0.0047168415
0.01647906 0.00049323187 -0.0047297678
0.017475832 0.00046354593 -0.0047338745
0.018530872 0.00048469845 -0.0047216774
0.019551445 0.00051443238 -0.0046723248
0.020507067 0.00050987245 -0.0046807933
0.021488566 0.00048891758 -0.0046553514
0.022522746 0.00047688483 -0.0046515055
0.023525415 0.0004504899 -0.0046478538
0.024513165 0.00050467293 -0.004599697
0.025193833 0.00047507539 -0.0045215902
-0.025103584 0.0011112238 -0.0042230478
-0.024457142 0.0013987559 -0.0044919481
-0.023680538 0.0017204374 -0.0045771068
-0.022422437 0.001361032 -0.0048721344
-0.021487296 0.0015662152 -0.0048748129
-0.020543154 0.0015419184 -0.0048776921
-0.019536456 0.0014927235 -0.0048914701
-0.01847396 0.0014317366 -0.0049092937
-0.017500715 0.0013574198 -0.0048742848
-0.016455734 0.0014667226 -0.0048768441
-0.015363483 0.0014936493 -0.0048222374
-0.014587466 0.0014384122 -0.0049072038
-0.013502375 0.0015098532 -0.004830651
-0.012687001 0.0014759473 -0.004841344
-0.011647209 0.001460576 -0.004855209
-0.01064318 0.0015689473 -0.0047981902
-0.0095206164 0.0014882797 -0.0048320289
-0.0085469875 0.00148367 -0.0048311874
-0.0076502282 0.0013824838 -0.0048525441
-0.0066209277 0.0014227786 -0.0048321802
-0.0054772208 0.0015048154 -0.0048387679
-0.0045212274 0.0015046318 -0.0048763496
-0.0035319191 0.0014481065 -0.0045791753
-0.002965363 0.0019406854 -0.0045332541
0.0038923342 0.0016346067 -0.0046189316
0.0044250311 0.0014310111 -0.0046932041
0.0053943689 0.0014264836 -0.0047885999
0.0064255623 0.0014938983 -0.0047792154
0.0075444146 0.0015050814 -0.0047740457
0.0085182851 0.001541864 -0.0047625285
0.009520011 0.0014995313 -0.0047855666
0.010616672 0.0014635471 -0.0047602579
0.011538849 0.0014707065 -0.004729474
0.012569307 0.0015193975 -0.0047450061
0.013563452 0.0014944564 -0.0047471691
0.014484428 0.0014960389 -0.0047146096
0.015475463 0.0014660102 -0.0047048074
0.016507694 0.0015105521 -0.0047418512
0.017493 0.0015043926 -0.0047159987
0.018481594 0.0015020414 -0.0047034137
0.01947986 0.0015898318 -0.0047022561
0.020567929 0.0015031518 -0.0047038994
0.021554301 0.0014649996 -0.0046727899
0.022547722 0.0014862943 -0.0046730782
0.023534771 0.0015126974 -0.0046507954
0.024486341 0.0015269311 -0.004472903
0.025178352 0.0012009819 -0.0044696634
-0.024028722 0.002011915 -0.0040382519
-0.023367511 0.0022338585 -0.004467342
-0.022542719 0.0025523496 -0.0045185476
-0.021684011 0.0028115963 -0.0044509671
-0.020457137 0.0025312949 -0.004862221
-0.019535841 0.0023923055 -0.0048946906
-0.018409718 0.002440358 -0.004875822
-0.017573787 0.0023627703 -0.0048859762
-0.016453007 0.0024964262 -0.0048862169
-0.015448012 0.0025559957 -0.0048199282
-0.014572631 0.0027480093 -0.0046589756
-0.013555511 0.0026904584 -0.0045772926
-0.012668378 0.0024282453 -0.0048425961
-0.011547943 0.0024021214 -0.0048663402
-0.010526909 0.0025553263 -0.0048344182
-0.0095395129 0.0024960616 -0.0048437538
-0.0085537033 0.0024926343 -0.0048527834
-0.0076776496 0.0024627182 -0.004834068
-0.0066443607 0.0024558881 -0.0048613651
-0.0054940931 0.0025471451 -0.0048429058
-0.0045701656 0.0024492806 -0.0048794728
-0.0035833938 0.0024288993 -0.004696067
-0.0025394328 0.0026100499 -0.0045535383
0.002883045 0.0029082417 -0.0044101505
0.003486522 0.0025067702 -0.0046598548
0.0045221527 0.0024396488 -0.004807157
0.0053897882 0.0024776633 -0.0048079072
0.006403035 0.0025539345 -0.0048131053
0.007534876 0.002536136 -0.0047739493
0.008503031 0.002513397 -0.0047786566
0.0095617725 0.0025013124 -0.004801542
0.010582913 0.002494629 -0.0047943164
0.011514708 0.0025067118 -0.0047535454
0.012560975 0.0025541622 -0.0047850674
0.013549928 0.0025848597 -0.0046475381
0.014531611 0.0025827405 -0.0046289111
0.015471079 0.0024918057 -0.0047306521
0.016530892 0.0024653291 -0.0047512096
0.017487416 0.0024993138 -0.004722496
0.018508054 0.0025013236 -0.0047258539
0.019473197 0.0025116743 -0.0047106864
0.020483766 0.002493294 -0.0047067292
0.021511413 0.0024780324 -0.0046732095
0.022546269 0.0026039055 -0.0045638545
0.023474719 0.00234325 -0.0044375542
0.024186706 0.002094249 -0.0043839463
-0.022123197 0.003000122 -0.0046407008
-0.021389723 0.0031512985 -0.0044931299
-0.020517206 0.003408331 -0.0044890512
-0.01950842 0.0036050451 -0.004526333
-0.018485842 0.003651195 -0.0045139678
-0.017547371 0.0035196519 -0.0045456304
-0.016496319 0.0033396631 -0.0045845695
-0.015535864 0.0031447243 -0.0044808346
-0.01483201 0.003042581 -0.0044476269
-0.013262331 0.0034086837 -0.0045289304
-0.012653225 0.0033836786 -0.0047106813
-0.011453412 0.0035103282 -0.0048647542
-0.010478224 0.0035623857 -0.0048661581
-0.0094293924 0.0035573898 -0.0048274463
-0.0085746692 0.0035438228 -0.0048425053
-0.0075830128 0.0035859041 -0.0048190816
-0.0065498366 0.0034986872 -0.0048377784
-0.0055114483 0.0034888606 -0.0048367139
-0.0045750379 0.0034859532 -0.0048306049
-0.0035672346 0.0034959505 -0.0048307036
-0.002622132 0.0035299361 -0.0048478493
-0.0015727368 0.003474551 -0.0046518776
-0.00047499954 0.0037269164 -0.0045765191
0.00060934509 0.0038323055 -0.0045598545
0.0015407627 0.0037014242 -0.0045936881
0.0025166497 0.0034477455 -0.004699951
0.003597456 0.0034669151 -0.0048102071
0.0045468309 0.0033870386 -0.004771553
0.0054140836 0.0034787757 -0.0048084329
0.0064580254 0.0035503905 -0.0047727586
0.0075387806 0.0035312294 -0.0047687888
0.0084997714 0.0035286683 -0.0047718785
0.0095138317 0.0035039729 -0.0047979676
0.01059278 0.0034438213 -0.0048112515
0.011510975 0.0035149821 -0.004729412
0.012591748 0.0034886394 -0.0047579971
0.013330108 0.0034342848 -0.0045444118
0.014660716 0.0031152661 -0.004277451
0.015572314 0.0031759664 -0.0044463105
0.016530702 0.0033123053 -0.0045321016
0.017516013 0.003478572 -0.0045542708
0.018503258 0.0036149304 -0.0045553241
0.019489622 0.0035851884 -0.0045773466
0.020459104 0.0035106381 -0.0045181895
0.021454258 0.0032849221 -0.0045520617
0.022282332 0.0030710821 -0.0044042617
-0.013074122 0.0043272674 -0.0043752687
-0.012553074 0.0045505166 -0.0045154472
-0.011467319 0.0043712985 -0.0048873075
-0.010472341 0.0045072888 -0.004870506
-0.0093359863 0.0044701947 -0.0048581986
-0.0084121805 0.0045898701 -0.0048674718
-0.0075739021 0.0046341796 -0.0048553073
-0.0064734658 0.0045490614 -0.0048599388
-0.0055308477 0.0044699754 -0.0048540919
-0.0045774346 0.0045109065 -0.0048301974
-0.0036373988 0.0044660331 -0.0048269727
-0.0025647082 0.004542612 -0.0048411209
-0.0015725646 0.0044942037 -0.0048434213
-0.00054358394 0.0044518607 -0.0048471391
0.00040344402 0.0044961944 -0.0048341085
0.0014924414 0.0045415726 -0.0048324172
0.002546344 0.0044864393 -0.004829613
0.0036283873 0.0044439374 -0.004804499
0.0045407549 0.0045136721 -0.0048080762
0.0054785041 0.0044996496 -0.004824732
0.0064371098 0.0045241434 -0.0048039602
0.007559916 0.0044634119 -0.0047783591
0.0085445503 0.0044866977 -0.0047686165
0.0095407767 0.0044479929 -0.0048154891
0.010565147 0.0044613769 -0.0047838353
0.011527564 0.0044774162 -0.0047730962
0.012609378 0.0044830162 -0.0046682726
0.013190403 0.0043059057 -0.0044902349
-0.013050318 0.0050880704 -0.0045866431
-0.012388667 0.0053960495 -0.0045424672
-0.011552433 0.0055076252 -0.0048359483
-0.010495688 0.0055114245 -0.0048964
-0.0093861856 0.0054457616 -0.0048887422
-0.0085435351 0.0054864599 -0.0048536723
-0.0074565285 0.0054788212 -0.0048638256
-0.006435114 0.0054069171 -0.0048482534
-0.0055654445 0.0053545577 -0.0048479452
-0.0045751324 0.00549701 -0.004850619
-0.0035842168 0.0055138716 -0.004837417
-0.0025756485 0.005521785 -0.0048564062
-0.0015380996 0.0054770214 -0.0048229215
-0.00050840614 0.0054726684 -0.0048373695
0.00045198269 0.0054542138 -0.0048491997
0.0014544723 0.0055286693 -0.0048475373
0.0025303403 0.0055108238 -0.0048159738
0.0036326714 0.0054406556 -0.0048378552
0.0045521189 0.0054589454 -0.0047929366
0.005506516 0.005531712 -0.0048150923
0.0064507294 0.0055276984 -0.0047998959
0.0075253206 0.0055189799 -0.0047939164
0.0085526798 0.0054620681 -0.0047862846
0.0095496597 0.0054697152 -0.004810662
0.010603764 0.0055454872 -0.0048105917
0.011483354 0.0054962169 -0.004777858
0.012491486 0.0054999972 -0.0045894831
0.013035351 0.0051921755 -0.0047673113
-0.012128867 0.0063328245 -0.0044629443
-0.011618617 0.0065973732 -0.0046314448
-0.010459824 0.0064699342 -0.0048855534
-0.0094735362 0.0064904001 -0.0049095727
-0.0084774951 0.0065516327 -0.0048670894
-0.0074760169 0.006510654 -0.004883639
-0.0064029489 0.0063535222 -0.0049091605
-0.0054823435 0.0065682787 -0.0048635211
-0.0044910777 0.0064799418 -0.0048492979
-0.0035567291 0.0065725143 -0.0048485813
-0.0026509936 0.0064696758 -0.0048276046
-0.0015496665 0.0065564993 -0.0048053539
-0.00049097452 0.0065249479 -0.0048318529
0.00054367469 0.0063950899 -0.0048272619
0.0014358971 0.006521082 -0.0048307301
0.0025437451 0.0065170485 -0.0048620547
0.0035586057 0.0064121988 -0.0048438595
0.0045291721 0.0064394195 -0.0048261299
0.0054741926 0.006513617 -0.0048258631
0.006458824 0.0065288311 -0.004817673
0.0075412197 0.0064373645 -0.0048205857
0.0085115293 0.0064416602 -0.0047918684
0.0095998943 0.0064860042 -0.0048084194
0.010562892 0.0065175439 -0.0047759674
0.01160262 0.0065287966 -0.0046808715
0.01226821 0.006407354 -0.004523091
-0.01228321 0.0077425381 -0.0045525352
-0.011608674 0.0075244578 -0.0046296129
-0.010485115 0.0074713519 -0.0049152868
-0.0094118649 0.0075495937 -0.0048988322
-0.0085363146 0.0075392402 -0.0049053235
-0.0074965972 0.0075268052 -0.0048872456
-0.0064039701 0.0074994047 -0.0049039498
-0.0055237943 0.0075848857 -0.0048678559
-0.0044517373 0.0075874743 -0.0048751114
-0.0035069664 0.0074893418 -0.0048697372
-0.0025581555 0.0075218263 -0.0048709605
-0.001561064 0.0075527215 -0.0048411088
-0.0005148311 0.0075520263 -0.0048367768
0.00048013561 0.007414131 -0.0048292554
0.0014978929 0.0075074267 -0.0048486288
0.0025384845 0.0075212047 -0.0048582922
0.0035969997 0.0074126674 -0.0048592864
0.0045815753 0.0074641998 -0.0048259823
0.0055261641 0.0074512493 -0.0048421351
0.0064621228 0.007555319 -0.0048240693
0.0075339088 0.0074409689 -0.0048091696
0.0085157733 0.0074957805 -0.0048187436
0.0094914157 0.0074996892 -0.004800295
0.010550085 0.0074211913 -0.0048158076
0.011580628 0.0074699265 -0.0047338172
0.012359489 0.0077668522 -0.004484402
0.013009768 0.0079838485 -0.0045628645
-0.014226567 0.008807037 -0.0043751206
-0.013426664 0.0085817995 -0.0046101357
-0.012731261 0.0082889628 -0.0046042856
-0.011547834 0.0084707057 -0.0048596477
-0.010497252 0.0084537799 -0.0048707607
-0.0095072389 0.0084073963 -0.0048709447
-0.0085504036 0.0085401274 -0.0048731025
-0.0073813307 0.00845116 -0.0048752972
-0.0064237169 0.0085080154 -0.0049227015
-0.0053810254 0.0085143121 -0.0049040243
-0.0045463899 0.0084999148 -0.0048670536
-0.0034656604 0.0084420163 -0.0048743202
-0.0025268067 0.0086372755 -0.0048587285
-0.001526905 0.0085712727 -0.0048633926
-0.00055668672 0.0084694019 -0.0048460499
0.00045569125 0.0085075423 -0.0048585073
0.0015072057 0.0085237296 -0.0048368508
0.0025796602 0.0085136592 -0.0048263399
0.0035738489 0.0085350359 -0.004853982
0.0045839609 0.0084707905 -0.0048491363
0.0055271173 0.0085107395 -0.0048635546
0.0064341621 0.0085554849 -0.0048049646
0.0075525725 0.008471271 -0.0048239687
0.0085497368 0.0084818937 -0.0048296992
0.009587476 0.008556677 -0.0048242314
0.010611426 0.0084242271 -0.0048046005
0.011494876 0.0085278414 -0.0048095146
0.01250307 0.0084089329 -0.0047420897
0.013458307 0.0085342498 -0.0044846027
0.014156679 0.0088713067 -0.0045348355
-0.016023412 0.0099669863 -0.0041145505
-0.015349507 0.0097494731 -0.0045505944
-0.014522823 0.0093473578 -0.0045747757
-0.013562296 0.0091888346 -0.0046401592
-0.012681671 0.0095002865 -0.0049093943
-0.011440981 0.0093611348 -0.0048743091
-0.010595823 0.0094781639 -0.0048804893
-0.0095601268 0.0093969014 -0.0048855217
-0.0085264957 0.0094671706 -0.004846253
-0.0074915164 0.0094060013 -0.0049000196
-0.0065118219 0.0095347241 -0.0048941318
-0.0054148431 0.0094837649 -0.0049027363
-0.0044279732 0.009521015 -0.0049233418
-0.0034930969 0.0094975978 -0.0049004289
-0.0025802962 0.0095164645 -0.0049015032
-0.0015335871 0.0095679155 -0.0048730732
-0.00053606689 0.0093279351 -0.0048859073
0.00042354752 0.0095501365 -0.0048774448
0.0014629607 0.0094852895 -0.0048489491
0.0026030235 0.009564735 -0.0048222155
0.0035698577 0.0094640013 -0.0048494004
0.0045734411 0.0094859255 -0.0048394091
0.005521894 0.009536339 -0.0048585921
0.0064923642 0.0095012914 -0.0048607639
0.0075139273 0.0095081711 -0.0048590153
0.0085296566 0.0094481045 -0.0048435037
0.0095905242 0.0095011387 -0.0048083891
0.010508289 0.0094414633 -0.0048286547
0.011488372 0.0095082698 -0.0048169116
0.012490862 0.0094781388 -0.0047990149
0.013475054 0.009441996 -0.004796322
0.014536426 0.0093847923 -0.004566194
0.015351413 0.0096987588 -0.0045273905
0.016055759 0.0099812131 -0.0043888967
-0.016391676 0.010603592 -0.0044882563
-0.015743146 0.010322383 -0.0045938636
-0.014329446 0.01052054 -0.0049294685
-0.013533147 0.010531199 -0.0049189748
-0.012642122 0.010451015 -0.0049171112
-0.011451015 0.010449689 -0.0048850728
-0.010586279 0.010484745 -0.0048950203
-0.0094464188 0.010451042 -0.0048800563
-0.0084425258 0.010601908 -0.0048629055
-0.0073271035 0.010390796 -0.004871293
-0.0065332912 0.010478372 -0.0048705088
-0.0054266937 0.010514135 -0.0048860558
-0.0044936785 0.010544393 -0.0048953202
-0.0035805092 0.010438539 -0.0049140844
-0.0025138506 0.01051473 -0.0048994171
-0.0015239912 0.010466904 -0.0048669036
-0.00046704506 0.010477225 -0.0048966995
0.0004413451 0.010511355 -0.0048628156
0.0014868866 0.010489486 -0.0048741275
0.0026155058 0.010560219 -0.004859081
0.0035199821 0.010431479 -0.0048614354
0.0045505026 0.010484212 -0.004831465
0.0056059398 0.010537999 -0.0048617665
0.0064898413 0.010443332 -0.0048140306
0.0075775157 0.010505124 -0.0048433361
0.0085191578 0.010511544 -0.0048671043
0.0095763262 0.01052981 -0.0048436364
0.010495465 0.010443212 -0.00483442
0.011456348 0.010497112 -0.004840842
0.012502362 0.010531913 -0.0048205755
0.013517647 0.010506735 -0.004809686
0.01453115 0.010465582 -0.0047979713
0.01561162 0.010427415 -0.004703539
0.016427333 0.010600969 -0.0045292922
-0.017214708 0.011657719 -0.0044750115
-0.01677124 0.01138651 -0.0045799064
-0.015395951 0.011399177 -0.0049298238
-0.014663998 0.011421695 -0.004946507
-0.013663836 0.011680913 -0.0049381843
-0.012627267 0.011489332 -0.0049375524
-0.011490531 0.011348957 -0.0049038781
-0.010502837 0.011523597 -0.0049149697
-0.0094799288 0.011598741 -0.0049261488
-0.0084630065 0.01165795 -0.0047938782
-0.0074878484 0.011604327 -0.004598272
-0.0065098442 0.011688766 -0.0045426795
-0.0054887296 0.011578679 -0.0048041884
-0.0046050926 0.011483237 -0.0048744525
-0.0034841483 0.011543529 -0.004903622
-0.002429767 0.011383047 -0.004904476
-0.001483715 0.011488685 -0.0049075913
-0.00039707485 0.011516713 -0.0048993523
0.00043117008 0.011416447 -0.0048916251
0.0014973041 0.011445796 -0.004878188
0.0025942638 0.011450249 -0.0048677581
0.0035052379 0.01150036 -0.0048667821
0.0046313689 0.01149978 -0.004856342
0.005608778 0.01152611 -0.0048544398
0.0065277279 0.01162198 -0.0046555386
0.0074677765 0.01154922 -0.0045878151
0.0084745158 0.011521565 -0.0048080375
0.009613663 0.011534373 -0.0048515857
0.010521284 0.011486584 -0.004855731
0.011521339 0.011494973 -0.0048436732
0.012527256 0.011509052 -0.0048158094
0.013499881 0.011492836 -0.0048346915
0.01451422 0.01152741 -0.0048096608
0.015535997 0.011518965 -0.0048066848
0.016626786 0.011438321 -0.0045862505
0.01725631 0.011676952 -0.0045230449
-0.018039595 0.0127641 -0.0046156882
-0.017445248 0.012499938 -0.0044956873
-0.016690306 0.012300999 -0.0048298882
-0.01551497 0.012404921 -0.0049523944
-0.014973676 0.012491931 -0.0049216826
-0.013497536 0.012647508 -0.0049284576
-0.012344948 0.012535052 -0.0049300226
-0.011541596 0.012478306 -0.0049241036
-0.01060589 0.012545781 -0.004923847
-0.0094906399 0.012581185 -0.0049220584
-0.0082625775 0.012611249 -0.0046014516
-0.0077885152 0.012303335 -0.0045319763
-0.0062128184 0.012142381 -0.0046688374
-0.0054599093 0.012330371 -0.004560268
-0.0045356187 0.012666223 -0.0045228931
-0.0036976575 0.012805636 -0.0046680057
-0.0025407316 0.012386737 -0.0048985276
-0.0014054348 0.012474709 -0.0049023088
-0.00043980917 0.012525591 -0.0049138325
0.00043499318 0.012450355 -0.0048960438
0.0015006079 0.012565073 -0.0049150409
0.0024914832 0.012437427 -0.0049142549
0.0034622338 0.012598123 -0.0048116879
0.0045825392 0.012714495 -0.0045852032
0.0054814969 0.012436083 -0.0045129159
0.0063756742 0.012163917 -0.004509341
0.007655595 0.012338188 -0.0046345792
0.0085884342 0.012479684 -0.0046225721
0.0095410347 0.012500067 -0.0048359209
0.01051496 0.012520941 -0.0048585278
0.0115106 0.012435373 -0.0048578936
0.012529672 0.012556582 -0.0048605124
0.013534452 0.012509087 -0.0048410045
0.014537929 0.012559373 -0.0048137256
0.015521527 0.012435921 -0.0048339055
0.01652801 0.01255833 -0.0048114578
0.017468398 0.012556589 -0.0045256768
-0.018202282 0.013570983 -0.0044047176
-0.017779673 0.013475152 -0.0044739717
-0.016388398 0.013542069 -0.0049264687
-0.015510734 0.013422584 -0.0049069789
-0.014945838 0.01359385 -0.0049639982
-0.013529805 0.013513258 -0.0049594119
-0.012585778 0.0134388 -0.0048865201
-0.011666417 0.013718477 -0.0049277628
-0.01066997 0.013458257 -0.0049554007
-0.0093396949 0.013503035 -0.0047197794
-0.0086230924 0.013441511 -0.0045042322
-0.0041746087 0.013029716 -0.0047584018
-0.0034303239 0.013180129 -0.0045170719
-0.0027093997 0.013435629 -0.0046264092
-0.0015107883 0.01352321 -0.0048742564
-0.00043178943 0.013432366 -0.00490158
0.00052177696 0.013474082 -0.0048933541
0.0014530735 0.01355879 -0.0049190479
0.0026000964 0.013463191 -0.0047090054
0.0033636424 0.013355402 -0.0045051225
0.0041752537 0.013026991 -0.0044055837
0.0086206654 0.013240391 -0.0045048357
0.0094077308 0.013553469 -0.004652706
0.010491047 0.013514045 -0.0048461724
0.01157115 0.01348813 -0.0048550311
0.012466776 0.013463932 -0.0048447661
0.013525803 0.013497909 -0.0048627187
0.014501016 0.013513271 -0.0048550325
0.015447395 0.013469775 -0.004844611
0.016488332 0.013486051 -0.0048540118
0.017629499 0.013490627 -0.0045862887
0.018171886 0.01370309 -0.0044220565
-0.01819507 0.014474506 -0.0044575888
-0.017830424 0.014491801 -0.0046810326
-0.016403651 0.014654197 -0.0049462579
-0.015431331 0.014468674 -0.0049350187
-0.01479146 0.014700831 -0.0049561113
-0.013554948 0.014724353 -0.0049392818
-0.012492514 0.014578666 -0.0049140244
-0.011554636 0.014354929 -0.0049693906
-0.010410776 0.01453382 -0.0047407285
-0.0094270958 0.014495969 -0.0045597842
-0.0089495536 0.014183657 -0.0044881343
-0.0032519163 0.014611418 -0.0044806711
-0.0027318352 0.014483116 -0.0045646536
-0.0015611843 0.014541459 -0.0048897844
-0.00039483761 0.014424698 -0.0048850882
0.00048911897 0.014573162 -0.0048684012
0.0014887854 0.014421686 -0.0049146977
0.002564738 0.014420547 -0.0048326082
0.0033301001 0.014577159 -0.0045583621
0.0088775856 0.014271275 -0.0042311647
0.0096071633 0.014448759 -0.0045062602
0.010403366 0.014571238 -0.0047608772
0.011444422 0.014480944 -0.0048451321
0.012499841 0.014497417 -0.0048457999
0.013479684 0.014490109 -0.0048455414
0.014523359 0.014471173 -0.0048451964
0.015464686 0.014531498 -0.0048562256
0.01644218 0.01444706 -0.0048516081
0.017611949 0.014502064 -0.00473521
0.01826934 0.014536597 -0.004462542
-0.018385291 0.015443022 -0.0045247413
-0.017103059 0.015118388 -0.0049940953
-0.016396629 0.015460666 -0.0049375431
-0.015647607 0.015317142 -0.004961459
-0.014666681 0.015640788 -0.0049507129
-0.013536266 0.015575931 -0.0049669915
-0.012433996 0.015567078 -0.0049189664
-0.011464097 0.015494282 -0.004832915
-0.010349662 0.015581709 -0.0045518102
-0.0097987773 0.015362485 -0.004545216
-0.00329747 0.015554178 -0.0045707654
-0.0026929507 0.015375185 -0.0047677439
-0.0015539621 0.015596284 -0.0049104164
-0.00034629556 0.015503659 -0.0049025496
0.00042490478 0.015472327 -0.0048650843
0.0013698469 0.015497076 -0.0048930598
0.0024646597 0.015520131 -0.0047675772
0.0034641605 0.01554623 -0.0045842519
0.0096699409 0.015466094 -0.0044932743
0.010445112 0.015507286 -0.0045988364
0.011529705 0.015519219 -0.0048718113
0.012608044 0.015502408 -0.0048560398
0.013550452 0.015523269 -0.0048394031
0.014557855 0.015499657 -0.004862946
0.015443064 0.015465947 -0.0048553427
0.016450159 0.015487483 -0.0048586568
0.01758714 0.015475014 -0.0047977557
0.018404499 0.015514974 -0.0045047142
-0.019022573 0.016472496 -0.0045333048
-0.018479494 0.016510865 -0.0045064851
-0.017894253 0.016895702 -0.004543642
-0.016455017 0.01667336 -0.0049600643
-0.015666531 0.016386606 -0.0049726632
-0.014230233 0.016440568 -0.0049194046
-0.013497922 0.016479727 -0.0049657593
-0.0122884 0.016676364 -0.0047742389
-0.011426697 0.016627092 -0.0045329207
-0.01068759 0.016228467 -0.004428436
-0.0041413642 0.016900275 -0.0049378178
-0.0034424849 0.016612196 -0.0047255829
-0.0023827935 0.016429109 -0.0049274843
-0.0014766976 0.016446337 -0.0049256072
-0.00038607063 0.01644817 -0.0049290108
0.0004174177 0.016532933 -0.0048886426
0.0014589992 0.01652474 -0.0049027009
0.0024117487 0.016594803 -0.0048991255
0.0035972758 0.016593501 -0.0045325542
0.0041302224 0.016961198 -0.0045541162
0.01075862 0.01628039 -0.0044361516
0.011472928 0.016580395 -0.0046074307
0.01245463 0.01655302 -0.0047940384
0.013524953 0.016534194 -0.0048629078
0.014600498 0.016475242 -0.0048600198
0.015459608 0.016515536 -0.004863292
0.016490277 0.016437532 -0.0048853974
0.017600041 0.016528159 -0.0048193568
0.018478177 0.016505811 -0.0045585949
-0.018094119 0.017218972 -0.0044846204
-0.017593736 0.017473362 -0.0045225765
-0.016832007 0.017847534 -0.0044365772
-0.015230147 0.017710317 -0.0046752207
-0.014413699 0.017894259 -0.0045299758
-0.013530981 0.017624246 -0.0045250808
-0.012502573 0.017235324 -0.0045173788
-0.011881887 0.01706755 -0.0044462807
-0.00416316 0.017562125 -0.0043943529
-0.0035471143 0.017458595 -0.0045254482
-0.002460262 0.017408168 -0.0049384488
-0.0015941696 0.01747659 -0.004941538
-0.0003679021 0.017414801 -0.0049261316
0.00042334927 0.017430883 -0.0049217055
0.001354798 0.017420718 -0.0049279882
0.0024543877 0.017504159 -0.0049177059
0.0036437034 0.017513849 -0.0045544663
0.0040792827 0.017531712 -0.0043997457
0.01172172 0.017126944 -0.0044011618
0.012521959 0.017286222 -0.0045187706
0.013495631 0.017648142 -0.0045662965
0.014422602 0.017675875 -0.0046589607
0.015531611 0.017537158 -0.0048636612
0.016547402 0.017525319 -0.0048009008
0.017540757 0.017543405 -0.0045567746
0.018210838 0.017166026 -0.0044770092
-0.017133974 0.018209441 -0.0044319206
-0.016516212 0.018263843 -0.0045332192
-0.015526773 0.018170243 -0.0045267264
-0.014846449 0.018094795 -0.0045344085
-0.0042342525 0.018556027 -0.0045027118
-0.0036729069 0.018484516 -0.004526109
-0.002525022 0.018368555 -0.0049067554
-0.0014944228 0.018534563 -0.0049576936
-0.00027384149 0.018518848 -0.004930974
0.00022022055 0.018314032 -0.0049150824
0.0014483399 0.018517187 -0.0049412255
0.0024600243 0.01853681 -0.0049238568
0.003704482 0.018557578 -0.0046545551
0.0041708057 0.018487452 -0.0044251583
0.013951171 0.018015694 -0.0047133761
0.014676024 0.01811471 -0.0045023137
0.01551777 0.018286455 -0.0044708792
0.016483318 0.018354623 -0.0045024273
0.017236631 0.018180963 -0.0045094476
-0.0041741696 0.019438326 -0.0044927499
-0.0036478599 0.019536698 -0.0045013712
-0.0025449835 0.019397698 -0.0049056914
-0.0015515517 0.019550467 -0.0049691303
-0.00016679626 0.019417116 -0.0049695973
0.00018164002 0.0193207 -0.0049239444
0.0014483742 0.019589266 -0.0049677975
0.0025465896 0.019599251 -0.0049371687
0.0036867631 0.019540953 -0.0046004197
0.0041468097 0.019442556 -0.0043892693
-0.0040823012 0.020313367 -0.00462081
-0.0035515127 0.020526446 -0.0045212908
-0.0024820275 0.020283546 -0.0049191462
-0.0017002639 0.020464456 -0.0049491911
-0.00022597883 0.020468105 -0.0049199411
0.00020614946 0.020545855 -0.0049436218
0.0013901928 0.020250289 -0.0049476973
0.0023349773 0.020458026 -0.00494762
0.0036036754 0.020503571 -0.0045387819
0.0040231859 0.020019282 -0.004397301
-0.0033515536 0.021462969 -0.004559536
-0.002786126 0.021663887 -0.0045221345
-0.001628138 0.021435339 -0.004959261
-0.00029759679 0.021597056 -0.0049488959
0.00027995504 0.021459941 -0.0049506882
0.0016593182 0.021461876 -0.0049542044
0.0027540915 0.02161769 -0.0046369531
0.0033752567 0.02142849 -0.0045554093
-0.0031583421 0.022458142 -0.0044487189
-0.0026768947 0.022479214 -0.0044885487
-0.0015197392 0.022252986 -0.0049713142
-0.00019080192 0.022961535 -0.0049128914
0.00023081712 0.022483502 -0.0049701454
0.0026102646 0.022589562 -0.0045197303
0.0031660774 0.022218548 -0.0045289551
-0.0023773091 0.023361595 -0.004457193
-0.0018245486 0.023679048 -0.0046024071
-0.00053188985 0.023512498 -0.0049590645
0.00031880758 0.023454279 -0.0049727671
0.0017794316 0.023697397 -0.0045486484
0.0023651619 0.02339961 -0.0045633791
-0.0021079781 0.024254277 -0.0046749017
-0.0015023164 0.024505636 -0.0044830935
-0.0004752159 0.024778301 -0.0045404639
0.00043728136 0.024792105 -0.0045050038
0.0014505788 0.024525845 -0.0045196367
0.0020739008 0.02411389 -0.00449662
-0.0013147049 -0.025112201 -0.0035252315
-0.00047644056 -0.025129229 -0.0035212818
0.00049540901 -0.025126234 -0.0035417611
0.001398804 -0.025105169 -0.0034864359
-0.0021484012 -0.024273356 -0.0033685521
-0.0015593489 -0.024576711 -0.0035330984
0.0017117494 -0.024603546 -0.003487037
0.0022771582 -0.024307797 -0.0035011447
-0.0023479811 -0.023496119 -0.0035246406
-0.001859001 -0.023748768 -0.0034370385
0.001990367 -0.023855535 -0.0033003194
0.0025680831 -0.023520578 -0.0034880519
0.0030698094 -0.023113873 -0.0034118951
-0.003184055 -0.022316441 -0.0035059745
-0.002672293 -0.022542037 -0.003546159
0.0027889337 -0.022671476 -0.0035320213
0.0032745358 -0.02241331 -0.0035173753
-0.0033435854 -0.021505313 -0.0034964969
-0.002877932 -0.02178045 -0.00327957
0.0029234507 -0.021967456 -0.0030312159
0.0035375592 -0.021553034 -0.0034983
0.0040308908 -0.021276709 -0.0038381706
-0.0040568644 -0.02020511 -0.0035054472
-0.003538565 -0.02047473 -0.0035249193
0.0037662843 -0.020563977 -0.0035138014
0.0041093174 -0.020457909 -0.0035729201
-0.0041072243 -0.019391548 -0.0034874559
-0.003649238 -0.019515062 -0.0035325221
0.0037764171 -0.019567724 -0.0035232208
0.0042103226 -0.019499112 -0.0035016276
-0.017315751 -0.018231802 -0.0035004448
-0.016545275 -0.018663581 -0.0035188354
-0.015480695 -0.018637296 -0.0035072386
-0.014517944 -0.01841674 -0.0035008797
-0.013590487 -0.018172385 -0.0034814309
-0.012881062 -0.018022498 -0.0037320293
-0.004132065 -0.018521786 -0.0035109886
-0.0036215782 -0.01849536 -0.003545251
0.0037758425 -0.018498344 -0.0034318836
0.0042377389 -0.018556796 -0.0035183078
0.013670648 -0.018082563 -0.0034102814
0.01454068 -0.018233879 -0.0034838673
0.015523628 -0.01847646 -0.0035281035
0.01653499 -0.018583445 -0.0034903688
0.017305659 -0.018338082 -0.0035157579
-0.018290123 -0.017258074 -0.0035054309
-0.017645625 -0.017692123 -0.0035231332
-0.013227716 -0.017898172 -0.0035413583
-0.01245553 -0.017674057 -0.0034633151
-0.011592738 -0.017292777 -0.0034653007
-0.010938709 -0.017038522 -0.0034919435
-0.0040437193 -0.017660577 -0.0038558438
-0.0034522198 -0.017504396 -0.0036028284
0.003777009 -0.017501067 -0.0035172657
0.0041189147 -0.017541485 -0.0035270406
0.011750098 -0.01721561 -0.0034936212
0.012562563 -0.017494125 -0.0035208776
0.013375454 -0.017819738 -0.0035383042
0.014032777 -0.017989187 -0.0034915789
0.017711021 -0.017719962 -0.0035084609
0.018309914 -0.017308187 -0.0035130139
-0.018410021 -0.016485792 -0.0035334467
-0.011204513 -0.016716534 -0.0034631738
-0.010533778 -0.016546631 -0.0035076088
-0.0099075567 -0.016121205 -0.0034668378
-0.0033513773 -0.01652183 -0.0034994881
-0.0029212746 -0.016197696 -0.0033681192
0.003666423 -0.01643208 -0.0034583968
0.0040515345 -0.01672833 -0.0035550836
0.0099426005 -0.016003862 -0.0034816391
0.010635564 -0.016354915 -0.0035504685
0.011399444 -0.01673053 -0.0035031475
0.018654333 -0.016569098 -0.0035116526
0.019033846 -0.016565073 -0.0034764395
-0.018269511 -0.015552927 -0.0034723124
-0.017882647 -0.01531869 -0.0034415727
-0.010278082 -0.015649302 -0.003477413
-0.0095349355 -0.015436307 -0.0035484054
-0.0032608283 -0.015549646 -0.0035981799
-0.002827961 -0.01534817 -0.0034154465
0.003556283 -0.015516316 -0.0034482956
0.009674116 -0.015397971 -0.003508996
0.010346466 -0.015527525 -0.0034615609
0.018471496 -0.015542083 -0.0034621861
-0.018147895 -0.014559629 -0.0034425566
-0.017774107 -0.014446788 -0.0034660939
-0.0093271621 -0.014661468 -0.003488488
-0.0087043196 -0.014310126 -0.003523184
-0.0032793344 -0.01451584 -0.0035015477
-0.0027562394 -0.0144531 -0.0034925411
0.0028213754 -0.014339459 -0.0033730927
0.0033512481 -0.014557021 -0.0034938804
0.0088124936 -0.014232927 -0.003565754
0.0095677963 -0.014501164 -0.0034562771
0.010105241 -0.014878663 -0.0037422809
0.01784436 -0.014360336 -0.0034793166
0.018300764 -0.014555113 -0.0034652201
-0.018077632 -0.013791734 -0.0033221832
-0.017554726 -0.013443067 -0.0034818097
-0.0090898452 -0.013776838 -0.0035101762
-0.0083835926 -0.013514804 -0.0034689235
-0.007899127 -0.013112892 -0.0035166622
-0.0051226672 -0.013032806 -0.0035602259
-0.0044536139 -0.013156847 -0.0035354353
-0.0034700646 -0.013414595 -0.003478054
-0.0027752672 -0.013620378 -0.003561964
0.002763496 -0.013672048 -0.0033906219
0.0034479345 -0.013516496 -0.0035131522
0.0044725798 -0.013194294 -0.0035185642
0.0051362589 -0.013045128 -0.003556049
0.0086063985 -0.013373807 -0.003518956
0.0092241419 -0.013669786 -0.0034969547
0.017764602 -0.013384009 -0.0034854002
0.018151436 -0.013599542 -0.0035157781
-0.017281882 -0.01249839 -0.0035382593
-0.016855044 -0.012337857 -0.0035532441
-0.0082553411 -0.01243478 -0.0034124914
-0.0075075217 -0.012362218 -0.0035432791
-0.0064435974 -0.012289011 -0.0035286893
-0.0055616694 -0.01264442 -0.0035147837
-0.0048304447 -0.012889858 -0.003512091
0.0048048696 -0.0128924 -0.0037054103
0.0054906118 -0.012762825 -0.0034328271
0.0064051547 -0.012377701 -0.0035820962
0.007388908 -0.012266107 -0.0035343317
0.0084355073 -0.012537233 -0.0034920699
0.016905222 -0.012056736 -0.0036831894
0.017517459 -0.012483007 -0.0034862135
0.018069154 -0.012984958 -0.003592479
-0.017103318 -0.011687172 -0.00347668
-0.01651122 -0.011457166 -0.0034850843
-0.015938845 -0.011119505 -0.0036393758
-0.0074174781 -0.011843599 -0.0034985519
-0.0067104897 -0.011915253 -0.0033475682
0.0067372471 -0.011890777 -0.0034808379
0.0075802584 -0.011810782 -0.0036228632
0.0080401972 -0.01187335 -0.0034669542
0.016740475 -0.011366171 -0.0035140449
0.01720839 -0.011621179 -0.003500775
-0.016279992 -0.010760617 -0.0035642646
-0.01553271 -0.01041907 -0.0035602495
-0.014873856 -0.010098533 -0.0032206296
0.01570566 -0.010198132 -0.0035244382
0.016412137 -0.010645964 -0.0034807029
-0.0150308 -0.0097723436 -0.0036854916
-0.014455087 -0.00967592 -0.0035661131
-0.013640731 -0.0092463521 -0.0034842798
0.013885162 -0.0091707157 -0.0035353664
0.0145594 -0.0093923807 -0.0035467283
0.015388959 -0.0098170955 -0.0035130035
-0.013198785 -0.0087724021 -0.0035875258
-0.012449289 -0.0084300684 -0.0035271076
-0.011708726 -0.0080716731 -0.0035533656
0.011982008 -0.0080556367 -0.0033964624
0.012663491 -0.0082133254 -0.0035160624
0.013468476 -0.0086132046 -0.0035391392
0.014092999 -0.0089262668 -0.0034813366
-0.012106331 -0.0075684073 -0.0033592531
-0.011623436 -0.0075366208 -0.0034679461
0.011745023 -0.0074746655 -0.003502337
0.012206064 -0.0076470519 -0.0036026847
-0.012300657 -0.0063337539 -0.0034615074
-0.011817496 -0.0066249617 -0.0034653514
0.011811504 -0.0067197923 -0.0034806863
0.012361872 -0.0065051853 -0.0035480361
-0.013084299 -0.0050742496 -0.0035445883
-0.012477896 -0.0054924847 -0.0034921733
0.012644295 -0.005493674 -0.0035079238
0.013072683 -0.0051580411 -0.0035194636
-0.020242434 -0.0040477039 -0.0036217745
-0.019493835 -0.0041190051 -0.003497025
-0.018466568 -0.0041614003 -0.0035013282
-0.017633287 -0.0040844949 -0.0035758801
-0.013166723 -0.0043687336 -0.0034659782
-0.012738066 -0.0045152116 -0.0034868901
-0.00023815232 -0.0040824059 -0.0035075003
0.00052432599 -0.0041209739 -0.0034939954
0.0011877062 -0.00405285 -0.0034256242
0.012821268 -0.0045490479 -0.0035039235
0.013244403 -0.0044678203 -0.0035443723
0.018670648 -0.0040360233 -0.0035135541
0.019338826 -0.0040327008 -0.0034788598
-0.023014762 -0.0030963379 -0.0030064457
-0.022432679 -0.0032250432 -0.0034834736
-0.021534314 -0.0035540443 -0.0034837879
-0.020565478 -0.0038635049 -0.0034953605
-0.019965395 -0.0039849742 -0.0030868258
-0.018010285 -0.0039951261 -0.0034528847
-0.017291179 -0.0039114058 -0.0034879078
-0.016510883 -0.0038102265 -0.0035340677
-0.015507172 -0.0035688977 -0.0035466035
-0.014525368 -0.0033656661 -0.0034416295
-0.013425522 -0.0033361258 -0.003517566
-0.012905268 -0.0037036154 -0.0035248101
-0.0022259457 -0.0031846813 -0.0035239446
-0.0015826788 -0.0036136142 -0.0035323424
-0.0008833686 -0.0039190487 -0.0035136449
0.0016688383 -0.0039333818 -0.003582339
0.0025010144 -0.0035153949 -0.0034477648
0.0030989137 -0.0030923774 -0.0036237349
0.012967303 -0.0033644987 -0.0035318893
0.013476127 -0.0034426246 -0.0035025519
0.014557389 -0.0031676528 -0.0035072186
0.015502402 -0.003372676 -0.0035584404
0.016506713 -0.003585503 -0.0034605258
0.017478622 -0.0037954696 -0.0034650627
0.018298857 -0.003916264 -0.0036088079
0.019684456 -0.0039468664 -0.0035101124
0.020536115 -0.0037840439 -0.003537121
0.021503408 -0.0034504873 -0.0034652962
0.022349888 -0.0031718158 -0.0034669915
-0.024306713 -0.0021427704 -0.003506185
-0.023535861 -0.0025377017 -0.003478155
-0.022787716 -0.0028512799 -0.0035529602
-0.0031807101 -0.0020829425 -0.0034190766
-0.0027123629 -0.0026439277 -0.0035481341
0.0036525796 -0.0023869025 -0.0035969832
0.013424702 -0.0029855177 -0.0031526817
0.022706332 -0.0028078353 -0.0034383312
0.0235196 -0.0024626283 -0.0035119785
0.024176707 -0.0021367345 -0.0034063768
-0.025144065 -0.0014852288 -0.0035266888
-0.024663577 -0.0016232091 -0.0035208291
-0.0033899152 -0.001449493 -0.0035139809
0.0039151171 -0.0018777854 -0.0034656445
0.0041313479 -0.0013553797 -0.0035145893
0.023927649 -0.0019099656 -0.0035808021
0.024590475 -0.001658038 -0.0034900203
0.025170343 -0.0013519595 -0.0033973798
-0.025112983 -0.00053262169 -0.0034638033
-0.024819592 -0.00049162895 -0.0035332353
-0.0036305494 -0.00049588457 -0.0037598913
0.0043192906 -0.0004665445 -0.0035760663
0.024852009 -0.00052907417 -0.0034884699
0.025150599 -0.00047926523 -0.0034726069
-0.02511332 0.00054269179 -0.0034762551
-0.024822019 0.00048431882 -0.0034875914
-0.0035944248 0.00047964184 -0.0037408022
0.0042734477 0.00047283139 -0.0035648299
0.024833394 0.00051510445 -0.0034749229
0.025170395 0.00049486093 -0.0033752802
-0.025103997 0.0011562417 -0.0033518048
-0.024477622 0.0014275525 -0.0035055776
-0.023774374 0.0017653855 -0.0035364064
-0.0033022526 0.0014235375 -0.0033192444
-0.0029509859 0.0019167811 -0.003354464
0.0038232757 0.0017378289 -0.0036491507
0.0040346351 0.0013671957 -0.003425183
0.02388281 0.0018824243 -0.0034538684
0.02456796 0.0015485027 -0.0034705021
0.025181919 0.0012492716 -0.0035437481
-0.023301736 0.0022317842 -0.0034989172
-0.022530846 0.0026004147 -0.0034939414
-0.021789229 0.0029011678 -0.0034389922
-0.015044856 0.0029689455 -0.0033068736
-0.014466434 0.0029199554 -0.0035667219
-0.01356158 0.0027904881 -0.0035520657
-0.003035286 0.002145268 -0.0031948448
-0.0024974728 0.0025743607 -0.0035887915
0.0028579722 0.002919418 -0.0032509968
0.0034392339 0.0024148845 -0.0035809821
0.012982574 0.0028758408 -0.0036800043
0.013623165 0.0028737416 -0.003638146
0.014356524 0.0029190411 -0.0035030851
0.02180648 0.0029901369 -0.003936769
0.022615891 0.0027620927 -0.0034879085
0.023474127 0.002374626 -0.0034751864
0.024157397 0.0021480015 -0.0035319338
-0.022159621 0.0030312808 -0.0037796097
-0.021395372 0.0031666809 -0.0034823304
-0.020445678 0.0034453727 -0.0034685405
-0.019526834 0.0036512313 -0.0035320686
-0.018501582 0.0037103372 -0.0034859511
-0.017547898 0.00358075 -0.0034899383
-0.016559698 0.0033625273 -0.0035263277
-0.015533392 0.0031690192 -0.0035357652
-0.014784421 0.0030441505 -0.0034736192
-0.013221963 0.0034389053 -0.0034570608
-0.01280317 0.003563863 -0.0035725797
-0.0020656427 0.0030605483 -0.0035035058
-0.0014407506 0.0033839697 -0.0034781334
-0.00040737633 0.0037313031 -0.0034873413
0.0005606091 0.0038279425 -0.0034775389
0.0015529315 0.0036621552 -0.0035076968
0.0024532874 0.0032775817 -0.0036139919
0.012897337 0.0035261132 -0.0036316842
0.013342079 0.0035170282 -0.0035158878
0.01468028 0.0030803739 -0.0034672192
0.01551833 0.0032031171 -0.0035043107
0.016539142 0.003427231 -0.0035340611
0.017580712 0.003658155 -0.0034847204
0.018569823 0.003850101 -0.0034957898
0.019535981 0.0038292408 -0.0035457106
0.020496087 0.0036449376 -0.0035119783
0.021506894 0.0033031302 -0.0035635717
0.022248456 0.003096649 -0.0035180992
-0.013149397 0.0042662672 -0.0033638992
-0.012697374 0.004497136 -0.0034376665
0.012791877 0.0045866314 -0.0035199989
0.013199711 0.0043310276 -0.0035462338
-0.012413334 0.0054637934 -0.0035747529
-0.011925783 0.0058377543 -0.0037954529
0.012553059 0.0054601273 -0.0035756254
0.013000273 0.0051077921 -0.0032079457
-0.01216351 0.006365147 -0.0035869235
-0.01173928 0.0065698526 -0.003507535
0.011801383 0.006680558 -0.0035450065
0.012303118 0.0064290324 -0.0035236489
-0.012388899 0.0077688452 -0.003529713
-0.011659715 0.007318153 -0.0034800663
0.011639998 0.007332122 -0.003466022
0.012248736 0.0077006551 -0.0034915518
-0.014124597 0.0088721076 -0.0035726526
-0.013483914 0.0085909562 -0.0035793711
-0.01270389 0.008199471 -0.0034938122
0.012719261 0.008158599 -0.0035130915
0.01342536 0.0085036606 -0.0035011671
0.014154215 0.008886314 -0.0035647936
-0.015401887 0.0097333426 -0.0034913537
-0.014556115 0.0093089007 -0.0035341154
-0.013951182 0.0091158077 -0.0032428885
0.014541657 0.0092783235 -0.0034461149
0.01539113 0.0097428234 -0.0035527635
0.016023086 0.0099929431 -0.0039399653
-0.016402703 0.010604196 -0.0035002176
-0.015792912 0.010233819 -0.0035012825
0.015780011 0.010202926 -0.003520343
0.016418906 0.010603917 -0.0035146659
-0.017246934 0.011612656 -0.0034382672
-0.016801603 0.011447788 -0.0035439655
-0.0082274228 0.011863316 -0.0038128723
-0.007423175 0.011647288 -0.0034868389
-0.0065761171 0.011739745 -0.0035049734
-0.0059357095 0.011975706 -0.0034622061
0.0066806311 0.011755346 -0.0034674758
0.00742243 0.011625336 -0.0034904361
0.0080788927 0.011810197 -0.0035701387
0.016761132 0.011472152 -0.0034175641
0.017241059 0.011664238 -0.0035188256
-0.017460994 0.012489273 -0.0034761443
-0.016907614 0.012291776 -0.0035437271
-0.0082642632 0.012707381 -0.0035142866
-0.0077587916 0.012342811 -0.0035110191
-0.0063254801 0.012139085 -0.0035761571
-0.0054659946 0.012371146 -0.0035026048
-0.0045381584 0.012758828 -0.0034754712
-0.0038133459 0.012936402 -0.0035535584
0.0038065282 0.012942002 -0.003359735
0.0045041614 0.012836709 -0.0034257721
0.0055022459 0.012461626 -0.0034971251
0.0063373563 0.012174263 -0.0034582084
0.0076592527 0.012384471 -0.0035244708
0.0084822504 0.012498898 -0.0034415463
0.016850218 0.012131297 -0.0036894479
0.017447477 0.012530414 -0.0034765434
0.018027093 0.01291008 -0.0036680829
-0.018225467 0.013634207 -0.0034984814
-0.017778069 0.013456247 -0.0034909917
-0.0092583997 0.013595105 -0.0035288066
-0.0086243479 0.013506738 -0.0035230021
-0.0040935758 0.013019533 -0.0035551533
-0.003394041 0.013202067 -0.0035780147
-0.0028096894 0.0134976 -0.0035049329
0.0027320792 0.013451345 -0.0035216773
0.0033668671 0.01332663 -0.0035591384
0.0041561667 0.013046468 -0.0036411628
0.0085885227 0.013354452 -0.0034805681
0.009235804 0.013692146 -0.0035401145
0.017748825 0.013450027 -0.0035183649
0.018141642 0.013607863 -0.0035481011
-0.018277315 0.014471649 -0.0034777164
-0.017876128 0.014324288 -0.0034037065
-0.010154236 0.014804726 -0.0031650353
-0.0094056688 0.014551267 -0.0035648514
-0.0089395689 0.014068459 -0.0036078889
-0.0033622296 0.014447333 -0.0034698765
-0.0028731809 0.014451536 -0.0034504551
0.0027900685 0.014503621 -0.0033529606
0.0032871156 0.014525399 -0.0035165637
0.0088681607 0.014250475 -0.00364022
0.0096212197 0.01452119 -0.0034559038
0.010089121 0.014903186 -0.0035833193
0.017800204 0.014389746 -0.0034139506
0.018249772 0.014556308 -0.0034510104
-0.018391354 0.015494481 -0.0035128666
-0.017988672 0.015298549 -0.0033833208
-0.01039193 0.0156368 -0.003530706
-0.0097658308 0.015365648 -0.0035356451
-0.0032797966 0.015537106 -0.0034904485
-0.0029470122 0.0151912 -0.0034124649
0.0029050366 0.015528689 -0.0034478549
0.0035112945 0.015539659 -0.0034705412
0.0096802702 0.015390851 -0.0035410402
0.01036237 0.015518566 -0.0034794761
0.017874163 0.015292249 -0.0032670398
0.018359922 0.015518843 -0.0034878997
-0.018488433 0.016509954 -0.0035244557
-0.017901298 0.016847251 -0.0035105436
-0.012235994 0.016894542 -0.0035194308
-0.011470182 0.01661614 -0.0035152987
-0.010647813 0.016228694 -0.0033843922
-0.0040893471 0.016806014 -0.0038379526
-0.0034408711 0.016515477 -0.0035326499
0.00365725 0.01652622 -0.0034684467
0.004005366 0.016422309 -0.0038307277
0.010547096 0.016237544 -0.0035805539
0.011420511 0.016621076 -0.0035802654
0.012081429 0.016941827 -0.0036959504
0.017921258 0.01688664 -0.003495242
0.018513061 0.016509071 -0.0035052176
-0.018139806 0.017161893 -0.003559391
-0.017524742 0.017538039 -0.0035198499
-0.016872901 0.017933819 -0.0033103086
-0.015050173 0.01798825 -0.0034084441
-0.014443214 0.017886983 -0.0035189737
-0.013519393 0.017645957 -0.0035093892
-0.012590289 0.017288567 -0.0034427992
-0.011840419 0.017060695 -0.0034757005
-0.0041301921 0.017627968 -0.0036377592
-0.003632599 0.017477339 -0.0034995892
0.0037213499 0.017457925 -0.0034605064
0.0041208155 0.017542282 -0.0035295316
0.011815559 0.017171247 -0.0035419133
0.012548929 0.017344583 -0.0034665195
0.013484425 0.01773712 -0.0034976795
0.014230847 0.017921934 -0.0034388425
0.016835157 0.017927635 -0.0034755694
0.017568508 0.017549882 -0.0034933772
0.018183259 0.017183198 -0.003584486
-0.01714512 0.018183304 -0.0035047464
-0.016523918 0.018269151 -0.00345937
-0.015507891 0.018179258 -0.0034891632
-0.014722045 0.018069405 -0.0034507625
-0.0042544543 0.018495541 -0.0035288492
-0.0037932571 0.018536847 -0.0034686581
0.0037322731 0.01854294 -0.003547142
0.0041432413 0.018509364 -0.0035305985
0.013926216 0.018047113 -0.0034437547
0.014634709 0.018122116 -0.0034337479
0.015463216 0.018297529 -0.0034853762
0.016512727 0.018396247 -0.0034455941
0.017183512 0.018173289 -0.003574936
-0.0041992012 0.019385386 -0.0034946406
-0.0036900737 0.019529531 -0.0035293302
0.0037077111 0.019601485 -0.0035570688
0.0041000191 0.019461429 -0.0034397503
-0.0040905536 0.020488806 -0.0035996875
-0.0035662663 0.020498294 -0.0035246443
0.0035857118 0.020528316 -0.0034814028
0.0040374324 0.020218369 -0.0037498509
-0.0033316021 0.021493869 -0.0035125434
-0.0028818166 0.021776628 -0.0036391388
0.002838125 0.021681502 -0.0034691829
0.0033479873 0.021506313 -0.0035135157
-0.0031783793 0.022387655 -0.0034726439
-0.0026653274 0.022513483 -0.003491044
0.0026533301 0.022529945 -0.003491367
0.0031483232 0.022258522 -0.0035445746
-0.0023779401 0.023426048 -0.003514
-0.0019101667 0.02375805 -0.003501449
0.0018134479 0.023748184 -0.0034766211
0.0023416926 0.023396587 -0.00353464
-0.002201908 0.024170177 -0.003502073
-0.0014844019 0.024575051 -0.0035216196
-0.00048036335 0.024803119 -0.0034686518
0.00049102219 0.024808457 -0.0034583758
0.0014508219 0.024553413 -0.0035263053
0.0020567444 0.024141869 -0.0033759943
-0.001271394 -0.025105838 -0.002479784
-0.00050431647 -0.025113037 -0.0024602241
0.0005569802 -0.0251099 -0.0025165344
0.0013344192 -0.025094038 -0.0024959526
-0.0021847817 -0.024221731 -0.0025385318
-0.0015641449 -0.024562631 -0.0025084373
0.0017379033 -0.024607478 -0.0024802226
0.0022414892 -0.024312349 -0.0024783846
-0.0023657749 -0.023490155 -0.0025101809
-0.0018819585 -0.023733072 -0.0026044233
0.0019255597 -0.023940483 -0.0021760894
0.0025449286 -0.023566345 -0.0025101793
0.0030753145 -0.023124732 -0.0025502564
-0.0031824736 -0.022262605 -0.0025440527
-0.0026918442 -0.022533195 -0.0025314742
0.0027549909 -0.022670278 -0.0024892043
0.0032406845 -0.022381909 -0.0025302006
-0.0033116839 -0.021496808 -0.0024449059
-0.00289431 -0.021650285 -0.0024378195
0.0029496574 -0.021969924 -0.0024874574
0.0035475411 -0.02150574 -0.0024537588
0.0040291995 -0.021148317 -0.0025223535
-0.0040352889 -0.020227008 -0.0024494005
-0.0035479763 -0.020548262 -0.0024592043
0.0036939718 -0.020552257 -0.0024804098
0.0041220752 -0.020388607 -0.0025705318
-0.0041449922 -0.019417526 -0.0025393709
-0.0036314032 -0.019541083 -0.0025615578
0.0037926114 -0.01945354 -0.0025586293
0.004240287 -0.019473827 -0.0025874507
-0.017288413 -0.018242681 -0.0024709576
-0.016592564 -0.018646784 -0.0025270488
-0.015517989 -0.018633191 -0.0025166331
-0.014504096 -0.018401448 -0.0025071381
-0.013582161 -0.018154675 -0.0025144953
-0.012939939 -0.018027557 -0.002447315
-0.0041512544 -0.018523628 -0.0025641858
-0.0036418436 -0.018481839 -0.0025654035
0.0037914556 -0.018424852 -0.0025694652
0.0042608767 -0.0184674 -0.002583504
0.013737097 -0.018080018 -0.0025683998
0.014452564 -0.018193793 -0.0025270833
0.015474554 -0.018452534 -0.0024916858
0.016516598 -0.018567638 -0.0025159779
0.017298171 -0.01831604 -0.0024810932
-0.018273307 -0.017261323 -0.0025235389
-0.01767453 -0.017677894 -0.0025428031
-0.013188748 -0.017849289 -0.0024342402
-0.012495374 -0.017677015 -0.0025059199
-0.011524644 -0.017219247 -0.0025084154
-0.0040446031 -0.01757987 -0.0024886918
-0.003462916 -0.017477967 -0.002452669
0.0037580123 -0.017550668 -0.0024828904
0.0041217525 -0.017507944 -0.0024770997
0.011649742 -0.017158072 -0.0025415991
0.012542725 -0.017500227 -0.0024880532
0.013460706 -0.017822601 -0.002452133
0.014149208 -0.017995968 -0.0027578673
0.017695898 -0.01768665 -0.0024846352
0.018267049 -0.01732393 -0.0024976479
-0.018411279 -0.016554592 -0.0025206904
-0.011395534 -0.016785037 -0.0025208739
-0.010537423 -0.016516734 -0.0024735569
-0.0098627834 -0.016121846 -0.0026395123
-0.0033248921 -0.016540356 -0.0024145273
-0.0029252328 -0.016029343 -0.0020533879
0.0036971399 -0.016428633 -0.0024227076
0.0040531512 -0.016680269 -0.0025780608
0.0099793971 -0.016019177 -0.002420478
0.010670231 -0.016409021 -0.0024429518
0.011428092 -0.016697254 -0.0025708578
0.018592803 -0.016569789 -0.002496053
0.019043172 -0.016687106 -0.002646734
-0.018270362 -0.015537895 -0.0025117383
-0.01790235 -0.015436678 -0.0025144019
-0.010349005 -0.015729431 -0.002495246
-0.0095608383 -0.015473622 -0.0025109388
-0.003347775 -0.015560235 -0.0024998162
-0.0028773802 -0.015418883 -0.0026053532
0.0028914236 -0.015348476 -0.0027192244
0.0035364097 -0.015556244 -0.0025064573
0.0097001158 -0.015513415 -0.0025692303
0.010362365 -0.015543663 -0.0025200166
0.01789083 -0.015215273 -0.0023521464
0.018446604 -0.015520075 -0.002496446
-0.018154848 -0.014518396 -0.0024443159
-0.017757343 -0.014484654 -0.0025283368
-0.0093480237 -0.014686879 -0.002482048
-0.0087288795 -0.014345205 -0.0024472331
-0.0032461083 -0.014536981 -0.0023777988
-0.0027353459 -0.014477706 -0.0027094036
0.0028520664 -0.014389447 -0.0024925438
0.0033515687 -0.014423902 -0.0024753055
0.0088649811 -0.014320605 -0.0024692395
0.0095350565 -0.014537388 -0.0024688402
0.010060627 -0.014905106 -0.00246749
0.017868266 -0.014504674 -0.0024950674
0.018284723 -0.014511662 -0.0025071905
-0.018107016 -0.01367162 -0.0023591274
-0.017612213 -0.013482968 -0.0024616651
-0.0091585051 -0.013846319 -0.0024498685
-0.0084889056 -0.013574278 -0.0025172462
-0.0078722592 -0.01308843 -0.002621606
-0.0050840038 -0.013075709 -0.0026020953
-0.0043002632 -0.013172837 -0.0025046496
-0.0035464671 -0.013404334 -0.0025198073
-0.0027334606 -0.013642731 -0.0025270374
0.0027955933 -0.013573517 -0.002416844
0.0035079934 -0.013470627 -0.0025290858
0.0044659092 -0.013184686 -0.0025546264
0.0051362631 -0.013025197 -0.002428266
0.0085123256 -0.013447463 -0.0024598385
0.0092185 -0.0136841 -0.0024732829
0.017801469 -0.013416519 -0.0024891875
0.018184295 -0.013655367 -0.002523713
-0.017328814 -0.012589964 -0.0024916497
-0.016840948 -0.012292429 -0.0025282737
-0.0082881143 -0.012490689 -0.002549801
-0.0074788644 -0.012408695 -0.0024530282
-0.0064283102 -0.012303527 -0.0025211715
-0.0055071125 -0.012687195 -0.0024957568
-0.0048206374 -0.012894092 -0.0025244216
0.0047772015 -0.012891705 -0.0022890512
0.0055356179 -0.012730103 -0.0025010055
0.0064220326 -0.012339571 -0.0025413712
0.0074597471 -0.012312832 -0.002506465
0.0084275529 -0.012557284 -0.0024325785
0.016947633 -0.012227732 -0.0026904657
0.017463712 -0.012546132 -0.0025088615
-0.017154131 -0.011753486 -0.00231684
-0.016589209 -0.011511573 -0.0024970344
-0.015925677 -0.011078684 -0.0024322036
-0.0074393414 -0.011870756 -0.0025538115
-0.0067147948 -0.011916589 -0.0022201571
0.0068272492 -0.011828187 -0.0027414553
0.0075467746 -0.011775228 -0.0024625231
0.0081357518 -0.011956713 -0.0023400092
0.016735999 -0.011369184 -0.0024598744
0.017246936 -0.011667751 -0.0024979417
-0.016218662 -0.010731551 -0.0025635001
-0.015569285 -0.010456865 -0.0025475121
-0.014870173 -0.010122988 -0.0025530355
0.01565803 -0.01022038 -0.0025012854
0.016333269 -0.010604111 -0.0024872744
-0.015263526 -0.0099015282 -0.0025371017
-0.014423601 -0.0096188197 -0.0025623501
-0.013673684 -0.0092617124 -0.0024672628
0.013761899 -0.0090697622 -0.0023742728
0.014614998 -0.0093896305 -0.0025544825
0.015401172 -0.0098296767 -0.0025913145
-0.014013041 -0.0089783408 -0.0025237342
-0.013256839 -0.0087914774 -0.0025372978
-0.012439843 -0.0083566504 -0.0025496101
-0.011804815 -0.0080654528 -0.0026551853
0.012658553 -0.008221589 -0.0025327911
0.013522045 -0.0086629894 -0.0024730323
0.01411267 -0.0089282701 -0.0027853251
-0.012116509 -0.007864126 -0.0024967936
-0.011606403 -0.007520319 -0.0024505327
0.011739343 -0.0074890894 -0.0024736323
0.012183854 -0.007639538 -0.002534641
-0.012308984 -0.0064075734 -0.0025546835
-0.011842923 -0.0066045802 -0.0024491677
0.011759094 -0.0067654201 -0.0023047563
0.012327366 -0.0064494023 -0.0024946963
-0.013070172 -0.0052258344 -0.0023604692
-0.012505803 -0.0054973089 -0.0025482764
0.012663743 -0.0055370498 -0.0025723348
0.013029364 -0.005329106 -0.0026950177
-0.020289835 -0.0040379032 -0.0024869218
-0.019542817 -0.0041111452 -0.0024792997
-0.018548027 -0.0041567539 -0.0025522814
-0.017729081 -0.0040768292 -0.0025076082
-0.013173384 -0.0042555123 -0.0025041844
-0.01275517 -0.0046201078 -0.0024775707
-0.00025682748 -0.0040581301 -0.0023777033
0.0004914747 -0.0041067856 -0.0024419646
0.0012636154 -0.0040354948 -0.002538773
0.012801182 -0.0045952178 -0.0025565289
0.013197174 -0.0044130892 -0.0024053545
0.018688226 -0.0040245103 -0.0026233851
0.019278936 -0.0040217107 -0.0024897798
-0.023144662 -0.0030163382 -0.0028254427
-0.022333872 -0.0032602262 -0.0024511253
-0.02144642 -0.0035716998 -0.0024975347
-0.020479774 -0.003862811 -0.0024878655
-0.019818015 -0.0039744303 -0.0026216172
-0.018078439 -0.0039869901 -0.0023274999
-0.017368883 -0.0039296942 -0.0025113814
-0.016440125 -0.0037496404 -0.0025555033
-0.015549508 -0.0035641114 -0.0024832122
-0.014570654 -0.0033408634 -0.0024341212
-0.013466936 -0.0033786935 -0.0025432606
-0.012863121 -0.0037164337 -0.0024746724
-0.0022108729 -0.0031689024 -0.0027076961
-0.0016114485 -0.0035649692 -0.0025511787
-0.00077356584 -0.0039279507 -0.0025363362
0.0016422485 -0.0039226012 -0.0022994708
0.0024506713 -0.0035528676 -0.0025981104
0.0031391606 -0.0030605048 -0.0024230899
0.01291818 -0.0036723982 -0.0021578043
0.013481623 -0.0034159773 -0.002492321
0.014452533 -0.0031507809 -0.0025341921
0.01551666 -0.0033784024 -0.0024662847
0.016478181 -0.003570393 -0.0024627359
0.017516788 -0.0037915069 -0.0025154711
0.018425519 -0.0039380314 -0.00251278
0.019604143 -0.003949035 -0.0025512439
0.020497233 -0.0037837601 -0.0025009594
0.021513835 -0.0034310711 -0.0025041616
0.022303546 -0.0031614236 -0.0024638344
-0.024263905 -0.0021915468 -0.0024583959
-0.023472805 -0.0025770352 -0.0025657059
-0.022776442 -0.0028580024 -0.0025233778
-0.0031071422 -0.0022174146 -0.0022411791
-0.0026147342 -0.0027421559 -0.0025492162
0.0035678509 -0.0025090449 -0.002624874
0.013861074 -0.0029873713 -0.0026433968
0.014064301 -0.0029942906 -0.0020530564
0.022703433 -0.0028293331 -0.0024306618
0.023469469 -0.0024708305 -0.0024913449
0.024201583 -0.0021177833 -0.0025035536
-0.025156051 -0.0014861464 -0.0024933286
-0.024687091 -0.001598597 -0.0024875279
-0.023957612 -0.0019489971 -0.0024021382
-0.0033870188 -0.0014708781 -0.0025720312
0.0039389436 -0.0017661975 -0.0026495699
0.0041985805 -0.0012947563 -0.0025667248
0.023815332 -0.0019273882 -0.0023310441
0.024588013 -0.0016361385 -0.0024935808
0.025176354 -0.0013222269 -0.0024816487
-0.025128068 -0.00050884212 -0.0025407805
-0.024833987 -0.00051661511 -0.0025537035
-0.0035957585 -0.00049077132 -0.00269279
0.004325849 -0.00046307596 -0.0023183418
0.02485688 -0.00053167483 -0.0024434421
0.025158908 -0.00058425934 -0.0025012591
-0.025154065 0.00049845083 -0.0025568779
-0.024799028 0.00048043285 -0.0025444371
-0.0035559982 0.00048223839 -0.002696126
0.0043023895 0.00046882732 -0.0023657912
0.024811244 0.0004639836 -0.0024297447
0.025145294 0.0004491678 -0.0024187488
-0.025102906 0.0011973825 -0.0026111761
-0.024527643 0.0014193597 -0.0024808848
-0.023781896 0.0017659359 -0.0025924793
-0.0033094727 0.0014471344 -0.0024613405
0.0038526887 0.0016993079 -0.0026569257
0.0041344697 0.0012676269 -0.0026667083
0.023737341 0.0019193009 -0.0024299922
0.024573814 0.0015599419 -0.0025327886
0.025151985 0.0012578457 -0.0025325615
-0.024045207 0.0020135234 -0.0022424429
-0.023322232 0.0022680028 -0.0025356621
-0.022516554 0.00261231 -0.0025229484
-0.02173787 0.0028908462 -0.0026493822
-0.015031044 0.0029387181 -0.0025984996
-0.014315748 0.0029003359 -0.0025237871
-0.013510512 0.0028408864 -0.0025508392
-0.012986424 0.0027253767 -0.0027373591
-0.0030360704 0.0021188762 -0.002202672
-0.0025479293 0.0025399299 -0.0025285259
0.0033541531 0.0025186865 -0.0025145342
0.013648891 0.0028990281 -0.0026156034
0.014390416 0.0029335811 -0.0025114766
0.022625979 0.0027926783 -0.0025027134
0.023473758 0.0023698723 -0.0025074396
0.024251044 0.0020654332 -0.0026418436
-0.022103792 0.0030517131 -0.0024319596
-0.021401884 0.0031968884 -0.0025159989
-0.020513581 0.0034538044 -0.0025105192
-0.019546259 0.0036631837 -0.0024649713
-0.018549128 0.0037319143 -0.0024940392
-0.017454796 0.0035635685 -0.002489602
-0.016546436 0.0033759186 -0.0025063809
-0.015515559 0.0031634758 -0.0025727008
-0.014718419 0.0030445454 -0.0025735789
-0.013266282 0.0034208391 -0.0024943482
-0.012820966 0.003627426 -0.0024622753
-0.0015957303 0.0033003374 -0.0025102436
-0.00054639485 0.0037198942 -0.0023953712
0.00057676382 0.0038434442 -0.0025369658
0.001443243 0.0037233378 -0.0024668432
0.0023588359 0.003329552 -0.0025355997
0.012885386 0.0036116899 -0.0024271742
0.013354499 0.0034605155 -0.0024397832
0.014674981 0.0031019426 -0.0025672989
0.015465232 0.0032274285 -0.0024867
0.016537199 0.003462573 -0.0025303818
0.017465547 0.003664582 -0.0024794813
0.018521659 0.0038553921 -0.0025247028
0.019490743 0.0038496994 -0.0025094049
0.020449605 0.0036629317 -0.0024911147
0.02150535 0.0033233052 -0.0025230616
0.022303363 0.0030805089 -0.0025292432
-0.013139435 0.0042958898 -0.0025370882
-0.012687796 0.0045037679 -0.0025078035
0.012738079 0.0045759371 -0.0025556604
0.013170871 0.0043854173 -0.0025369192
-0.01308088 0.0050196853 -0.0029209957
-0.012444088 0.0055182865 -0.0025878216
0.012576126 0.0055094529 -0.0025322356
-0.012204317 0.006399136 -0.0025970817
-0.011773641 0.0065552546 -0.002433361
0.011812591 0.0066450336 -0.0025083527
0.012283986 0.0063687535 -0.0025625313
-0.013044512 0.0079535628 -0.0023644818
-0.012263317 0.0077626463 -0.002631516
-0.011628913 0.007337871 -0.0024405401
0.01165677 0.0073705236 -0.0025464077
0.01226431 0.0077366023 -0.0024628269
-0.01422118 0.0088973595 -0.0024893358
-0.013502467 0.0086012576 -0.0025536788
-0.012725835 0.0081841405 -0.0024044316
0.012712888 0.0082090423 -0.0024360225
0.013469463 0.0085304854 -0.0025503046
0.014087391 0.0088893203 -0.0025426743
-0.016194861 0.00998687 -0.0024222194
-0.015322369 0.0097282939 -0.0025594882
-0.014535953 0.009353268 -0.0025228825
-0.013919082 0.0090904329 -0.0024427613
0.013883278 0.0091163982 -0.0028449823
0.014574055 0.0092880875 -0.0024948104
0.015414525 0.00976515 -0.0025276721
-0.017039927 0.010838032 -0.0025824411
-0.016358327 0.010537384 -0.0025110189
-0.015806729 0.010224782 -0.0025733202
0.015712606 0.01023217 -0.0024841295
0.016378175 0.010606394 -0.0025294218
-0.017208895 0.01160829 -0.0024360088
-0.016781146 0.011427748 -0.0025173395
-0.008188637 0.011788651 -0.0021691218
-0.0074334834 0.011625217 -0.0025054475
-0.0066629834 0.011755898 -0.0025374023
0.0065710079 0.011823156 -0.0025406999
0.0074227201 0.011647564 -0.0024962763
0.0080841314 0.011809566 -0.0024914865
0.016735878 0.011333746 -0.0024098242
0.0172031 0.011617611 -0.0025547121
-0.018052161 0.012777621 -0.0024009466
-0.017472405 0.012492246 -0.0024740959
-0.0083568403 0.012565705 -0.0024562962
-0.0077962996 0.01241585 -0.0024199809
-0.0063966596 0.01213371 -0.0024777711
-0.0055316179 0.012374313 -0.0024989322
-0.0045203837 0.012755454 -0.0025206469
-0.0038184989 0.012968332 -0.0027287046
0.0038893742 0.012928224 -0.002421462
0.0046489402 0.012774661 -0.0024533581
0.0055512539 0.01242129 -0.0025593208
0.0063392804 0.012202822 -0.0024234331
0.0077066934 0.012484686 -0.0025124515
0.0084447265 0.012508042 -0.0024696861
0.016913265 0.012208726 -0.0026986317
0.017422892 0.012492535 -0.0024766033
-0.018163916 0.013505092 -0.0023843937
-0.017780609 0.013455109 -0.0025449817
-0.0092818132 0.013540669 -0.0025931126
-0.0085547538 0.013521533 -0.002518693
-0.0041598235 0.013032657 -0.0023946322
-0.00338704 0.013217052 -0.0025040936
-0.0027422565 0.013541931 -0.0025551352
0.0027814296 0.013451578 -0.0025019331
0.0034322971 0.013268519 -0.0024879996
0.0042405287 0.013034012 -0.0023427
0.0085160211 0.013368677 -0.0025318179
0.0092404867 0.013671388 -0.0025605033
0.01774573 0.013427316 -0.0024829549
0.018172024 0.013704243 -0.0025687364
-0.018277332 0.014556201 -0.0025141328
-0.017890481 0.01438188 -0.002520981
-0.010059882 0.014715873 -0.0025295701
-0.0094214324 0.014498631 -0.0025157111
-0.0089132199 0.014115219 -0.0024288062
-0.0034116965 0.014619182 -0.0024216878
-0.002895094 0.014411019 -0.002508952
0.0027144661 0.014357339 -0.0025479272
0.0033129563 0.014399489 -0.0025854995
0.0088740597 0.014296047 -0.0025534981
0.0095916623 0.01450229 -0.0025267582
0.010114402 0.014980178 -0.0024872425
0.017882273 0.014466456 -0.0024605272
0.018242707 0.014467753 -0.0025213864
-0.018430864 0.015501355 -0.0025290966
-0.017906077 0.015276218 -0.0029645292
-0.011049809 0.015992329 -0.0025056642
-0.010425706 0.015624231 -0.0025272591
-0.0097532021 0.01533728 -0.0024777059
-0.0033332554 0.015469209 -0.0024333359
-0.0029858509 0.015287295 -0.0021844483
0.0029300763 0.015526432 -0.0024125203
0.0034403505 0.015437644 -0.0025380424
0.0097078206 0.015505289 -0.0025803093
0.010351763 0.01557254 -0.0025498329
0.017930565 0.0155052 -0.0024579368
0.018362371 0.015479695 -0.0024832401
-0.019112168 0.016475188 -0.0028035548
-0.018468747 0.016516797 -0.0025241859
-0.017919747 0.016900457 -0.0024280432
-0.012253387 0.01690113 -0.0024900085
-0.011437029 0.016634881 -0.0024462927
-0.010598102 0.016249999 -0.0024639925
-0.0040346519 0.016559474 -0.0023763857
-0.0034611963 0.016500341 -0.0024251507
0.0029515615 0.016044645 -0.0020348323
0.0035756996 0.016501334 -0.0024090791
0.0040747118 0.016962018 -0.002639622
0.010653703 0.016266365 -0.0024720007
0.011410864 0.016618595 -0.0025334386
0.012078546 0.016955096 -0.0026044026
0.01796996 0.016877184 -0.0021938579
0.018466655 0.016487399 -0.0025216383
-0.018197734 0.017164269 -0.0024889817
-0.017566483 0.017517792 -0.002523947
-0.016957093 0.017929228 -0.0026168863
-0.014444225 0.017890278 -0.0025170748
-0.013518571 0.0176495 -0.0024663326
-0.012520274 0.017284159 -0.0025378219
-0.011815166 0.017055245 -0.0024869149
-0.004147945 0.017635824 -0.0024767776
-0.0036032023 0.017360283 -0.0025024808
0.0036183351 0.017428054 -0.0024635664
0.0040813545 0.017477248 -0.0024045992
0.011700167 0.017146816 -0.0025756096
0.012544046 0.017373335 -0.0024438195
0.013465814 0.017750934 -0.0024724987
0.01427317 0.017932592 -0.0023739813
0.016869368 0.017968861 -0.0024295228
0.017627019 0.017552579 -0.0024956078
0.018199217 0.017176885 -0.0025203847
-0.017168988 0.01817021 -0.0025188851
-0.016496513 0.018302292 -0.002477082
-0.015503338 0.018189646 -0.0025006223
-0.014656689 0.018062992 -0.0024111664
-0.0042218389 0.018497108 -0.0024356891
-0.0037857566 0.018407717 -0.0025637026
0.0037170229 0.018485107 -0.00241462
0.0041668718 0.018498201 -0.0025500185
0.013855287 0.018023405 -0.0024930062
0.014626506 0.018134231 -0.002457049
0.015538341 0.018337125 -0.0025078626
0.016549144 0.018396391 -0.0025255266
0.017144024 0.018206714 -0.002539563
-0.0042091603 0.019472366 -0.0024973198
-0.0037019863 0.019540694 -0.0025775472
0.0036578777 0.019482927 -0.002525555
0.0041381591 0.019456556 -0.0024818233
-0.0040914863 0.02043866 -0.0024775392
-0.0035970835 0.020519178 -0.0025008679
0.0036065495 0.020536235 -0.0024581144
0.0041007539 0.020154756 -0.0025032349
-0.0033476679 0.021489538 -0.0024606546
-0.0028878469 0.021810584 -0.0024794026
0.0028200955 0.021720173 -0.0024668025
0.0033374974 0.021475557 -0.0025087043
-0.0031832871 0.02233131 -0.0025341203
-0.0026573259 0.022558544 -0.0025239589
0.0026536663 0.022520695 -0.0024870019
0.0031101613 0.022314066 -0.0025562108
-0.0024012136 0.023478521 -0.0024960586
-0.001896352 0.023745984 -0.0025845713
0.0017749456 0.023820993 -0.0024895347
0.0023146665 0.02343763 -0.0025122867
-0.0021582167 0.024186274 -0.0025366973
-0.0015036293 0.024569353 -0.0025291466
-0.00046697594 0.024820672 -0.0024737106
0.00050214992 0.024821872 -0.0025012663
0.0014942567 0.024534369 -0.0025423961
0.0020845295 0.024206053 -0.0022754404
-0.0012924172 -0.025087666 -0.0015149357
-0.00047930679 -0.025094103 -0.0014413269
0.00048484257 -0.025091799 -0.0014487311
0.0013394898 -0.025088886 -0.0015165335
-0.0021593971 -0.02423677 -0.0014462117
-0.0015814076 -0.024502786 -0.0014624029
-0.00093913311 -0.024946455 -0.0017500722
0.001675124 -0.024630899 -0.0015039805
0.0021942435 -0.024338886 -0.0014823216
-0.0023879837 -0.023454446 -0.0015249362
-0.001879485 -0.023718815 -0.0014850551
0.0019751948 -0.023886412 -0.0014962032
0.0025384375 -0.023526456 -0.0015003161
-0.0031413944 -0.0224081 -0.0015086832
-0.002632217 -0.02257004 -0.0014610796
0.0027707177 -0.022607518 -0.0014682552
0.0032638477 -0.022422982 -0.0014794886
-0.0033506714 -0.021484461 -0.001494356
-0.0028808217 -0.021752371 -0.0016801541
0.0029070396 -0.021790596 -0.001450297
0.0034772439 -0.021566214 -0.0014831239
0.0040409518 -0.021103159 -0.0012870715
-0.0040175174 -0.020287354 -0.0014639088
-0.0035924891 -0.020496797 -0.0014280786
0.0037114299 -0.020566057 -0.0015389987
0.0041258391 -0.020383574 -0.0014358368
-0.0041126008 -0.019550616 -0.001458936
-0.0036475698 -0.019497339 -0.0014787595
0.0037726958 -0.019568074 -0.0015125155
0.0042403648 -0.019483477 -0.0015555003
-0.017271012 -0.018274153 -0.0014628539
-0.016517531 -0.018659325 -0.0015394806
-0.015468999 -0.018601134 -0.0014685295
-0.01451152 -0.01837061 -0.0015377963
-0.01363496 -0.018160179 -0.0014209143
-0.012918415 -0.018010357 -0.0019402755
-0.0041471715 -0.018525271 -0.0014838589
-0.0036595487 -0.018580092 -0.0014624763
0.0037266421 -0.018612452 -0.001479843
0.0042692916 -0.018485334 -0.0015252734
0.013719805 -0.018069426 -0.0015156138
0.01451234 -0.018221958 -0.0014796277
0.01542186 -0.018429093 -0.0015217618
0.016506722 -0.018552551 -0.0015185094
0.017290769 -0.018290197 -0.0015683497
-0.018295815 -0.017267626 -0.0015459222
-0.017638307 -0.017678153 -0.0014696767
-0.01333398 -0.017893227 -0.0015772398
-0.012543417 -0.017670512 -0.0014939383
-0.011597611 -0.017268702 -0.0015463359
-0.010960409 -0.017023813 -0.0013634698
-0.0040583038 -0.017520681 -0.0013168016
-0.0035512203 -0.017537262 -0.001433907
0.0036916176 -0.01752964 -0.0014760658
0.0041585439 -0.01758679 -0.0014397779
0.011683038 -0.017188199 -0.0014888676
0.012512087 -0.017458882 -0.0014968225
0.013395633 -0.017823525 -0.00151595
0.014097091 -0.017975559 -0.0014498075
0.017629316 -0.017745251 -0.0014734966
0.018307313 -0.017279061 -0.0015172157
-0.018417249 -0.016496764 -0.0015090496
-0.017992411 -0.016393475 -0.0014890651
-0.011324716 -0.016756037 -0.0015687844
-0.010529382 -0.016489025 -0.0015092152
-0.0099052945 -0.01613283 -0.0014884541
-0.0034712583 -0.016564408 -0.0015438573
-0.002920504 -0.016192006 -0.0014300012
0.0036404345 -0.016538626 -0.001567604
0.0040712934 -0.016774625 -0.0013611965
0.010617523 -0.016365906 -0.0014422969
0.011400424 -0.016737055 -0.0015305621
0.012038006 -0.01698738 -0.0017792294
0.018574743 -0.016514163 -0.0015292283
0.019044369 -0.016425792 -0.0013214748
-0.018285794 -0.015540864 -0.0015210907
-0.017909188 -0.015352716 -0.0013567593
-0.010259537 -0.015608688 -0.0014257408
-0.0095629729 -0.015449152 -0.0014837323
-0.0033487629 -0.015520746 -0.001471933
-0.0028729183 -0.015444352 -0.0016604339
0.0029893192 -0.015118357 -0.0010634804
0.0035119767 -0.015513613 -0.001651379
0.009642778 -0.015381427 -0.0015776375
0.010343674 -0.015515164 -0.0014798593
0.017930249 -0.015222803 -0.0015950861
0.018435704 -0.015453061 -0.0015113789
-0.01814826 -0.01462039 -0.0014817276
-0.017804621 -0.014435264 -0.0015001904
-0.0094887884 -0.01460315 -0.0015912553
-0.0087713273 -0.014414649 -0.0014359793
-0.0032202906 -0.014343728 -0.0015407472
-0.0027582357 -0.014565457 -0.001523096
0.0028790899 -0.014598725 -0.0017232873
0.0033430934 -0.014391975 -0.0015309982
0.0088946996 -0.014361277 -0.0015579803
0.0095159803 -0.014501966 -0.0014686726
0.010097667 -0.014993038 -0.0016162698
0.017889332 -0.014351829 -0.0013271136
0.018273469 -0.014470418 -0.0014906902
-0.018091584 -0.013837883 -0.0015699479
-0.017605126 -0.013475278 -0.0014753946
-0.0091516944 -0.013786815 -0.0016232595
-0.0084220972 -0.013538554 -0.0014996777
-0.0079746759 -0.013123155 -0.0011603982
-0.0050726873 -0.013045616 -0.0015124303
-0.0044632033 -0.013145664 -0.001512542
-0.0035313198 -0.013412525 -0.0014819241
-0.0027025715 -0.013651933 -0.0014377142
0.0028527793 -0.013545774 -0.0014498385
0.0034890885 -0.013424516 -0.0014813773
0.0044188583 -0.013178114 -0.0014374359
0.0050976123 -0.013039547 -0.0015156624
0.0085363789 -0.013399212 -0.0014722761
0.0092165908 -0.013644814 -0.001425851
0.017774856 -0.013415455 -0.0015252851
0.018145913 -0.013609898 -0.0015556779
-0.01735471 -0.01257706 -0.0015164447
-0.016863866 -0.012379532 -0.001429459
-0.0083113797 -0.012476664 -0.0014991909
-0.007483203 -0.012424286 -0.00143399
-0.0064104567 -0.012325993 -0.0015220403
-0.0055218227 -0.012665246 -0.001527381
-0.0046390593 -0.012937859 -0.0014292578
0.0048023723 -0.012887617 -0.0015928806
0.0056192782 -0.012664236 -0.0015065278
0.006444152 -0.012305347 -0.0014517196
0.0075434181 -0.012361862 -0.0014898515
0.0084067481 -0.012471452 -0.0014541895
0.016897356 -0.012130299 -0.0013587592
0.017532293 -0.012522637 -0.0014861965
0.01804396 -0.012905978 -0.0017133452
-0.0171062 -0.011711035 -0.0015612821
-0.016611936 -0.011474192 -0.0014758037
-0.015943024 -0.011093906 -0.0018535121
-0.0074697519 -0.011863559 -0.0014570415
-0.0067980397 -0.011870307 -0.0014743451
0.0068130158 -0.011856785 -0.0016613499
0.007494681 -0.011798511 -0.0014385271
0.0081332512 -0.011905549 -0.0016437131
0.016761871 -0.011394208 -0.0015267382
0.017202448 -0.01161396 -0.0014979278
-0.016251191 -0.01070225 -0.0015432324
-0.01558496 -0.010411121 -0.0015069474
-0.014886051 -0.010074554 -0.0015234106
0.01569158 -0.010276602 -0.0014173432
0.016397096 -0.010649964 -0.0015246032
-0.015264147 -0.0099090068 -0.0015150416
-0.014437086 -0.0095580947 -0.001492337
-0.013779112 -0.0092250835 -0.0015072873
0.013820213 -0.0090593742 -0.0014932068
0.014575474 -0.0094223311 -0.00153469
0.015369733 -0.0098020071 -0.0015520533
-0.013309825 -0.008811038 -0.0015629906
-0.012552566 -0.0083905235 -0.0015425116
0.012646042 -0.0082115913 -0.001464276
0.013450947 -0.0086704493 -0.0014894247
0.014200341 -0.0089460379 -0.001406005
-0.012120343 -0.007560777 -0.0014247156
-0.011645889 -0.0075201294 -0.0014986407
0.011685252 -0.0074621178 -0.0014438537
0.012207094 -0.0076165828 -0.0015113323
-0.012278032 -0.0063448767 -0.0015518257
-0.011833913 -0.006778894 -0.0015578711
0.011846215 -0.0066531701 -0.0014103242
0.012324139 -0.0064303875 -0.0014650011
-0.012540416 -0.0054647001 -0.0015122704
0.012599394 -0.0055194292 -0.0015088429
0.013045643 -0.0051913247 -0.0016410134
-0.020211561 -0.0040440564 -0.0012819757
-0.019425899 -0.0041004075 -0.0015012964
-0.018529195 -0.0041254302 -0.0014858441
-0.017718624 -0.004076174 -0.0017330482
-0.013179616 -0.00438991 -0.0015111431
-0.012752843 -0.0046326881 -0.0014593134
-0.00015888052 -0.0040552611 -0.0014361945
0.00059547246 -0.0040879366 -0.0014384312
0.001253001 -0.0040316125 -0.0015672566
0.01278126 -0.0045868582 -0.001508331
0.013185147 -0.0044488925 -0.0015731489
0.018720331 -0.0040129148 -0.0015804158
0.019220414 -0.0040133563 -0.0016583749
-0.023087898 -0.0030305113 -0.0018023417
-0.022400856 -0.0031943275 -0.001488489
-0.021452442 -0.0035775062 -0.0014822549
-0.020553969 -0.0038552629 -0.0014667186
-0.01983979 -0.0039781118 -0.0014355708
-0.017418263 -0.0039173099 -0.001458697
-0.016557606 -0.0037602466 -0.0014716889
-0.01547907 -0.0035183118 -0.0015120351
-0.014474916 -0.003309794 -0.0015478091
-0.013459287 -0.003337713 -0.0015820633
-0.012841424 -0.0037810495 -0.0014702774
-0.0022943222 -0.0030825422 -0.0016239542
-0.0014964616 -0.0036036193 -0.0015295204
-0.0006586017 -0.0037202872 -0.0012792991
0.000524337 -0.0033742164 -0.0011031119
0.0015780935 -0.0036664028 -0.001292964
0.002474423 -0.003406869 -0.001448833
0.0030070627 -0.0031492049 -0.0014860977
0.012929126 -0.0037217366 -0.0016617635
0.013482309 -0.0033391719 -0.0015356224
0.014542047 -0.0031607163 -0.0014135265
0.015513065 -0.0033573071 -0.0015188962
0.016437216 -0.0035708228 -0.0014670781
0.017522775 -0.0037769526 -0.0015310198
0.018471614 -0.0039517479 -0.0014200765
0.01953865 -0.0039299089 -0.0014184314
0.020493625 -0.0037376564 -0.0015258793
0.021507381 -0.003432268 -0.0014976281
0.022356821 -0.0031310925 -0.0014875203
-0.024219019 -0.0021647983 -0.0014736805
-0.023500133 -0.0025436974 -0.0015092319
-0.02280187 -0.0028486119 -0.0014743732
-0.0031130034 -0.0021262041 -0.0014043503
-0.0027058825 -0.0025838295 -0.0016085103
-0.0014908147 -0.0024953641 -0.001088639
-0.00044642953 -0.0025200404 -0.0010919669
0.00043133344 -0.0024906707 -0.0011497948
0.0013858589 -0.0024253817 -0.0011549845
0.0024658244 -0.0023836517 -0.0011694658
0.0034591211 -0.0024895738 -0.0014989983
0.013417223 -0.0029763852 -0.0015095107
0.014046783 -0.002979218 -0.0013048938
0.022612074 -0.0028092209 -0.0015165736
0.023476079 -0.002421547 -0.0014679985
0.024137152 -0.0021210867 -0.0014317894
-0.025138929 -0.0014182036 -0.0015656071
-0.024688005 -0.0015914103 -0.0015379058
-0.0033449954 -0.0014572875 -0.0015844475
-0.0024636558 -0.0014731213 -0.0010187982
-0.0016401464 -0.0014108594 -0.0010970003
-0.00048270807 -0.001499176 -0.0010979407
0.00047157789 -0.0015174425 -0.001150236
0.0013616269 -0.0014917244 -0.0011950916
0.0023940376 -0.0014429514 -0.0011901997
0.003391905 -0.0016519848 -0.0011611331
0.0040962636 -0.001511963 -0.001359128
0.023902211 -0.0018420327 -0.001286923
0.024560878 -0.0016181087 -0.0015066937
0.02511416 -0.0013307305 -0.0015437801
-0.025139894 -0.00049994467 -0.0015265722
-0.024836261 -0.00049235713 -0.0015314909
-0.0035493739 -0.00041336301 -0.001599065
-0.0024621796 -0.00034380914 -0.0010389573
-0.0015315451 -0.00044965558 -0.0010924182
-0.00048762438 -0.00046635786 -0.0010791231
0.00055146118 -0.00048498472 -0.0011200102
0.0014258533 -0.00051666843 -0.0011556456
0.0023192756 -0.00044131745 -0.0011580201
0.0033756632 -0.00058865466 -0.001130407
0.0042078723 -0.00045741443 -0.001328737
0.024833065 -0.00047851694 -0.0015884419
0.025129272 -0.00046786928 -0.0014675838
-0.02512444 0.00044233142 -0.0015147846
-0.024822185 0.00048815398 -0.0015143724
-0.0034969524 0.00057018443 -0.0014961113
-0.0023622431 0.00070450216 -0.0010886975
-0.0015807723 0.00048046521 -0.0011136244
-0.0004468706 0.00058937998 -0.0011039239
0.00057788193 0.00055082864 -0.0011196033
0.0014140902 0.00054978306 -0.0011575567
0.002348603 0.00054580421 -0.0011709358
0.0034136919 0.00057768467 -0.0011175921
0.0041838088 0.00049282244 -0.0013654041
0.024831593 0.00048447264 -0.0015117901
0.025142938 0.00051797839 -0.0015321949
-0.02519495 0.0011424698 -0.0016036219
-0.024447368 0.0014936342 -0.001471814
-0.023829361 0.001788603 -0.0014881857
-0.0032660984 0.0014395979 -0.0015131385
-0.0023396984 0.0016917953 -0.0011143595
-0.0014584141 0.0015436331 -0.0011126267
-0.00045874383 0.0015110032 -0.0011304644
0.00052083039 0.0014622564 -0.0011647184
0.001408566 0.0015017443 -0.0011837219
0.0023582291 0.0014962576 -0.0011872528
0.0035066789 0.0016276995 -0.0012512788
0.0040741763 0.001343769 -0.0013791103
0.023905398 0.0018481998 -0.0016026699
0.024566252 0.0015801418 -0.0015049689
0.025148218 0.0012391082 -0.0013882546
-0.023339363 0.0022635034 -0.0015147217
-0.022490647 0.0026566922 -0.0014753473
-0.021729689 0.0029113276 -0.0014943308
-0.015076095 0.0029663709 -0.0016293824
-0.014358555 0.0029128005 -0.0014500719
-0.013595352 0.002816949 -0.0014979228
-0.012995593 0.0029848313 -0.0011846902
-0.0030399649 0.0020822973 -0.0012452893
-0.0025035732 0.0025071006 -0.0015132802
-0.0015237222 0.0025069041 -0.0011348573
-0.00045768011 0.0025398645 -0.0011277654
0.00054311968 0.0025011934 -0.0011727484
0.0014054055 0.0025507514 -0.001188804
0.0024602532 0.00255291 -0.0012884797
0.0032678591 0.0024609864 -0.0013577276
0.013581108 0.0029045027 -0.0015028628
0.014240655 0.0029469121 -0.0014031702
0.021981407 0.0029321315 -0.0012826759
0.022608476 0.0027849704 -0.0015092276
0.023464251 0.0023759319 -0.0014647978
0.024110034 0.0021264076 -0.0014641229
-0.022175597 0.0030475513 -0.0015923131
-0.021442827 0.0031722356 -0.0015013613
-0.020501047 0.003489 -0.001461305
-0.019490683 0.003702685 -0.0014400411
-0.018493377 0.0037329178 -0.0014578637
-0.017564815 0.0035949019 -0.0015760032
-0.016503008 0.0033617199 -0.0015639452
-0.015491406 0.0031574937 -0.0014357738
-0.014766164 0.0030551911 -0.0015747451
-0.013305965 0.0034046569 -0.0015732623
-0.012863197 0.0035780431 -0.0014264256
-0.0014562111 0.0033536453 -0.0015472418
-0.00043657774 0.0036306211 -0.0013100499
0.0005111784 0.0036907191 -0.0013598609
0.0015029324 0.0036310644 -0.0014279787
0.002372528 0.0032797272 -0.0015527216
0.012853625 0.0037963672 -0.0015939485
0.013362106 0.0034196333 -0.0014764053
0.014698649 0.0031041785 -0.0014943396
0.015552832 0.0032517242 -0.0015062627
0.016495498 0.0034928711 -0.001509408
0.017485138 0.0036874241 -0.0015691632
0.018475128 0.0038806805 -0.0014132061
0.019482693 0.003859262 -0.0014724658
0.020495366 0.0036540139 -0.0015222105
0.021506736 0.0033191808 -0.0015465395
0.022318112 0.0030826128 -0.0014109955
-0.01314303 0.0043983059 -0.0016057396
-0.012678615 0.0045539895 -0.0014921594
0.012691917 0.0046829372 -0.0014408343
0.013149532 0.0044340566 -0.0015712664
-0.012427286 0.005524769 -0.0014887901
-0.011973662 0.0059256675 -0.0019920918
0.012531855 0.0055119768 -0.0014681118
-0.012244471 0.0063443147 -0.0014980144
-0.011788144 0.0065800794 -0.0014991317
0.011767357 0.0067170341 -0.0013928008
0.012232251 0.0064295172 -0.0014897797
-0.012255978 0.0076960283 -0.0014863107
-0.011657951 0.0073085437 -0.0015216204
0.011638519 0.0073341848 -0.001499727
0.012207419 0.0077337557 -0.0014654249
-0.014174845 0.0088000903 -0.0015393386
-0.013436241 0.0085803159 -0.0015064307
-0.012786563 0.0082320971 -0.0014930145
0.012683458 0.0081940982 -0.0015143254
0.013440285 0.008573777 -0.0015239876
0.014117011 0.0088993218 -0.001494917
-0.016041925 0.0099683022 -0.0012976101
-0.015396525 0.0097437147 -0.0014542404
-0.014671463 0.0093279723 -0.00149803
-0.013897741 0.0090144761 -0.0016765842
0.013762306 0.0090742949 -0.0015543901
0.014514433 0.0093419906 -0.0015232129
0.015332889 0.0097547779 -0.0015534098
-0.017009033 0.010935745 -0.0017259715
-0.016442647 0.010617769 -0.0014920827
-0.01571466 0.010156256 -0.0014085838
0.015743261 0.010232266 -0.0014196241
0.01636542 0.010646559 -0.0014865437
-0.017269431 0.011621054 -0.0015425861
-0.016841225 0.011458111 -0.0015227622
-0.0081152339 0.011725633 -0.0010986219
-0.0073731975 0.011678004 -0.0015291744
-0.0066358508 0.011725235 -0.0015991982
0.0066382717 0.011797863 -0.0015548908
0.0074475948 0.011676536 -0.0014503724
0.008079119 0.011840263 -0.0014744967
0.016752746 0.011470363 -0.001534764
0.017201554 0.011655426 -0.0015265057
-0.018051861 0.01297069 -0.0015641204
-0.017458281 0.012467106 -0.0014724624
-0.016979974 0.012089211 -0.0013677813
-0.0083475318 0.012568126 -0.001439682
-0.0077341073 0.012318326 -0.0015534057
-0.0063450234 0.012170643 -0.0014616932
-0.0054935711 0.012404178 -0.0014805385
-0.0045563942 0.0127876 -0.0014852865
-0.003874592 0.012949373 -0.0017101621
0.0038853672 0.012959893 -0.0016302716
0.0045062848 0.012823046 -0.0014759585
0.0054700305 0.012497442 -0.0015355559
0.0063653821 0.012162074 -0.0013977917
0.0076623657 0.012430534 -0.0016144871
0.0084519768 0.012502501 -0.0015318376
0.016892835 0.012203158 -0.0013497685
0.017461745 0.012494015 -0.0015020319
-0.018159498 0.013613655 -0.0014419439
-0.017793089 0.013442594 -0.0015328643
-0.0092351381 0.013479033 -0.0015151588
-0.0085373251 0.013477039 -0.0015418275
-0.0041167317 0.013056683 -0.0015636384
-0.0034770432 0.013234352 -0.0015205832
-0.0027751857 0.013517751 -0.0015569431
0.0027983014 0.013422891 -0.0015005878
0.0033883154 0.013294686 -0.0015155266
0.0042989333 0.013047115 -0.0014969868
0.0079833753 0.013028859 -0.0013620602
0.0084852818 0.013334834 -0.0016254463
0.0092226844 0.01368436 -0.0015910371
0.01770792 0.013425724 -0.0014986176
0.018112967 0.013533681 -0.0015816629
-0.018309278 0.014531522 -0.0015113074
-0.017900879 0.01441698 -0.0014447644
-0.010089475 0.014753216 -0.001572763
-0.0094390884 0.01450521 -0.0014903841
-0.0089337872 0.014143989 -0.0016246964
-0.0033240563 0.014471612 -0.0015925192
-0.0028364537 0.01439971 -0.0014699271
0.0027759727 0.014339358 -0.0014982014
0.0033543818 0.014458683 -0.001491108
0.0088476921 0.01431368 -0.0015370488
0.0095331073 0.014499465 -0.0015242781
0.010073982 0.01496885 -0.0019112248
0.01783143 0.014402699 -0.00146838
0.018210653 0.014545257 -0.0014774284
-0.018428247 0.015450526 -0.0015160579
-0.010423486 0.015568715 -0.0014944338
-0.0097560827 0.015387225 -0.0015610801
-0.0034256265 0.01554141 -0.0014715217
-0.0029333767 0.015199317 -0.0016823764
0.0028947201 0.015451936 -0.0014310784
0.0034777056 0.015453406 -0.0016570762
0.0096384576 0.015480254 -0.0014892056
0.010309914 0.015513985 -0.0015427099
0.017865755 0.015399374 -0.0013931006
0.018353775 0.015530098 -0.0014832633
-0.018457867 0.01651758 -0.001488369
-0.017914928 0.016936533 -0.0012939494
-0.01219813 0.01688911 -0.0013932229
-0.011422033 0.016597722 -0.0015035983
-0.010607092 0.016243985 -0.0014471218
-0.004057724 0.01684002 -0.0013631717
-0.0035595845 0.016457384 -0.0015038173
0.0034965507 0.016540838 -0.001541441
0.010652611 0.016258661 -0.0014837267
0.011407028 0.016706241 -0.0014984919
0.017896391 0.016632518 -0.001516399
0.018479144 0.016557813 -0.0014715564
-0.018171689 0.017225886 -0.0014409934
-0.017568665 0.017549057 -0.0014720466
-0.016932322 0.017936254 -0.0013400473
-0.014415625 0.017897069 -0.0014790999
-0.013497964 0.017658928 -0.0014493056
-0.012562839 0.017286787 -0.0015302697
-0.011830571 0.017065438 -0.0015170876
-0.004205307 0.017588459 -0.0015229798
-0.003610193 0.017357219 -0.0013997995
0.0036451393 0.017502341 -0.0015519441
0.0040765158 0.017673502 -0.001240191
0.011659293 0.017121803 -0.001606412
0.01251175 0.017375639 -0.0014629067
0.013504692 0.017772393 -0.0015550734
0.014234303 0.017948484 -0.0014875766
0.016916413 0.017888512 -0.0015805978
0.017586801 0.0175783 -0.0014654023
0.018211836 0.017174793 -0.0014521277
-0.017186556 0.018175272 -0.0014859795
-0.016534364 0.018302718 -0.0014876734
-0.015524759 0.018205278 -0.001520352
-0.014709508 0.018094994 -0.0013557861
-0.0042372779 0.018532846 -0.0014701622
-0.0037510991 0.018461928 -0.0015661157
0.0036896071 0.018499369 -0.0014261471
0.0041375915 0.018519141 -0.0014388926
0.013873635 0.018046249 -0.0012796173
0.014555147 0.018147781 -0.001444957
0.015482243 0.018341027 -0.0015146717
0.016518196 0.018422235 -0.0015068478
0.017202653 0.018171312 -0.0014897777
-0.0041880449 0.019498322 -0.0014652935
-0.0037267874 0.019497503 -0.001557563
0.0036989448 0.01956067 -0.0014679137
0.0041439589 0.019419322 -0.0014795106
-0.0040833447 0.020304348 -0.0013733672
-0.0035713655 0.020496691 -0.001423619
0.003524482 0.020527853 -0.001556179
0.0040154681 0.0200416 -0.0010652583
-0.0033915159 0.021499623 -0.0014898491
-0.0029098673 0.021729209 -0.0017065778
0.0028510813 0.021650927 -0.0014660397
0.0033519529 0.021479404 -0.001487007
-0.0031490554 0.022428451 -0.0014868632
-0.0026634855 0.022517461 -0.0014767863
0.0025920493 0.022602631 -0.0014859071
0.0032019604 0.022153588 -0.0014322529
-0.0030084394 0.023003688 -0.0014445158
-0.0024137676 0.023433411 -0.0015093052
-0.0018830545 0.02379084 -0.0015887982
0.0018410141 0.023676215 -0.0015557029
0.0023758409 0.023441512 -0.00149966
-0.0021420568 0.024260955 -0.0015132955
-0.001461041 0.024635946 -0.0014904132
-0.0004998662 0.02483419 -0.0014489581
0.00051485334 0.024837779 -0.0015041135
0.0014267737 0.024562743 -0.0015018262
0.0020931624 0.024128556 -0.0015990845
-0.0012785698 -0.025072023 -0.00050258759
-0.00048419094 -0.025084997 -0.00057383638
0.00049247546 -0.025078684 -0.00052207767
0.001320548 -0.025070636 -0.00053963508
-0.0021430629 -0.02420686 -0.0005110816
-0.0015741995 -0.024519039 -0.0004954614
-0.00093029509 -0.024966983 -0.00033341162
0.0017034578 -0.024564598 -0.00050661381
0.0022289089 -0.024282172 -0.00051710231
-0.0023768956 -0.023484761 -0.00051748002
-0.0019050706 -0.023680219 -0.00047412544
0.0019659495 -0.023889735 -0.00053804828
0.0025178578 -0.023540363 -0.00051069161
0.0030404765 -0.02313195 -0.00065752293
-0.0031444016 -0.022364844 -0.00057343493
-0.0026692976 -0.022591325 -0.00051861908
0.0027844529 -0.022552032 -0.00046819518
0.0032204245 -0.022431031 -0.00049782352
-0.0034001952 -0.021481667 -0.00050724426
-0.0028482487 -0.021788832 -0.00049333734
0.0029498618 -0.021748003 -0.00024548639
0.0035159704 -0.021526186 -0.00054321479
0.0040361695 -0.021175914 -0.00042059622
-0.0040450664 -0.020239241 -0.00044960319
-0.003554462 -0.020541156 -0.00049154222
0.003684734 -0.0205965 -0.0004875231
0.0041052294 -0.02045797 -0.0003647898
-0.0041416981 -0.019360971 -0.00051779341
-0.0036833312 -0.019549442 -0.00051669183
0.0037474497 -0.019501206 -0.0005137581
0.0042144652 -0.019517286 -0.00049372629
-0.017265391 -0.018293716 -0.00048555344
-0.01654131 -0.018623505 -0.00049623311
-0.015507721 -0.01859859 -0.00048324736
-0.014504033 -0.018361233 -0.0005107653
-0.013644462 -0.018128257 -0.00048270565
-0.012972068 -0.018001761 -0.00044929422
-0.0041440399 -0.018423792 -0.00045923737
-0.0036878174 -0.018580114 -0.00057180994
0.0037519496 -0.018551361 -0.00058490422
0.0042473362 -0.018546574 -0.00044720643
0.013720229 -0.018049596 -0.00043850401
0.014519738 -0.01820799 -0.00051330554
0.015510296 -0.018435543 -0.00046642483
0.01651934 -0.018533474 -0.00051842182
0.017308146 -0.018286552 -0.00050773716
-0.018311147 -0.01723055 -0.00050094252
-0.017680738 -0.017692169 -0.00050687301
-0.013298077 -0.017882736 -0.00041927036
-0.012511163 -0.017612599 -0.00049523165
-0.011582272 -0.017242771 -0.00053568662
-0.0040938668 -0.01768893 -0.00049245369
-0.0036340673 -0.017512627 -0.00051526452
0.0037329439 -0.017483223 -0.00048299856
0.0041494244 -0.017623195 -0.00046577639
0.011668235 -0.017166169 -0.00052360265
0.012506746 -0.017461412 -0.00049065222
0.013401564 -0.017799174 -0.00049657084
0.014140461 -0.017975759 -0.00049234449
0.017661188 -0.017660422 -0.00049069634
0.018281445 -0.017285507 -0.00056505657
-0.018436944 -0.016527694 -0.00048878102
-0.017865973 -0.016101202 -0.00048349425
-0.011349594 -0.016764391 -0.00052004395
-0.010562184 -0.016502745 -0.00047062981
-0.0099370722 -0.01610817 -0.00050424587
-0.0034529243 -0.016496036 -0.00051393616
-0.0029872318 -0.016105015 -0.00052853307
0.0036144184 -0.016468851 -0.00057816837
0.0040318812 -0.016659727 -0.00073333998
0.010567552 -0.016343107 -0.00046890535
0.011417467 -0.01671773 -0.00049767387
0.018590787 -0.016516931 -0.00050275115
0.01903227 -0.016695242 -0.00046779204
-0.018295657 -0.015559341 -0.00046952721
-0.017852388 -0.015339172 -0.00058692228
-0.01036252 -0.015662016 -0.00056267146
-0.0095837507 -0.015436326 -0.00050002069
-0.0033431121 -0.015491884 -0.00048177654
-0.0028285291 -0.015287787 -0.0004790528
0.0029748853 -0.015431479 -0.00055629754
0.0034656802 -0.01557458 -0.00058079639
0.0097103426 -0.015457199 -0.00039230456
0.010443098 -0.015620814 -0.00047241943
0.017943436 -0.015163506 -0.00060007285
0.018415267 -0.015476173 -0.00052540336
-0.018172715 -0.014501167 -0.00048083311
-0.017802455 -0.014463523 -0.00050304562
-0.0094577121 -0.014521651 -0.00048159933
-0.0088158278 -0.014433491 -0.0004623089
-0.0032770329 -0.014485189 -0.00045023434
-0.0027873518 -0.014517215 -0.00043836693
0.0028138792 -0.014362001 -0.00044364089
0.0033262998 -0.014531787 -0.00041159234
0.0087836385 -0.014155945 -0.00054607826
0.0094429245 -0.014588946 -0.00051804277
0.010057842 -0.014900358 -0.00039442978
0.017900394 -0.014398989 -0.00049576367
0.018264582 -0.014501048 -0.0004960217
-0.01808735 -0.013583168 -0.00048730313
-0.017634939 -0.013472809 -0.00048581944
-0.0091017764 -0.01365571 -0.00067634409
-0.008550344 -0.013448451 -0.00049806474
-0.0079247495 -0.013127002 -0.00058158545
-0.0050576963 -0.013052016 -0.0003804265
-0.0043581482 -0.013175908 -0.0004944402
-0.0034818563 -0.013392236 -0.00051109446
-0.0028126372 -0.013598267 -0.00050454168
0.0028124468 -0.013616406 -0.00056154851
0.0035136719 -0.013441135 -0.00047715165
0.0044276235 -0.013168341 -0.00046152255
0.008496616 -0.01339997 -0.00047919044
0.0092406441 -0.013630898 -0.00055999355
0.017780041 -0.013503568 -0.00051341724
0.01817234 -0.01361048 -0.00054780615
-0.017323403 -0.012552056 -0.0005099462
-0.016804289 -0.012242184 -0.00061459024
-0.0081868414 -0.012273969 -0.00052925484
-0.0075965472 -0.012496914 -0.00047107355
-0.0064190673 -0.012324481 -0.00048674768
-0.0055166255 -0.01265727 -0.00049515802
-0.0047292085 -0.012925974 -0.00043973318
0.0047742869 -0.012890038 -0.0004965557
0.0054948153 -0.012684946 -0.00052760192
0.0064219106 -0.012305634 -0.00045535975
0.0076420726 -0.01246388 -0.00045789263
0.0084787738 -0.012596041 -0.00048464889
0.016910065 -0.012196023 -0.00061028765
0.017447473 -0.012551679 -0.00049938285
0.01812147 -0.012890628 -0.00084243622
-0.017193785 -0.011775722 -0.00053546019
-0.01664977 -0.011496251 -0.00050668401
-0.0074817189 -0.011843536 -0.00035914418
-0.0067727864 -0.011887625 -0.00047634199
0.006825936 -0.011815523 -0.00029474698
0.0074056694 -0.011794467 -0.00050004892
0.008043902 -0.011827352 -0.00029375195
0.016689621 -0.011371536 -0.00050474278
0.017206728 -0.01161019 -0.00046991749
-0.016286941 -0.010710899 -0.00046596024
-0.015607572 -0.010393205 -0.00047787116
-0.014716539 -0.01003106 -0.00075329002
0.015710805 -0.010302949 -0.00045313986
0.016377086 -0.010624731 -0.00051449117
-0.015238601 -0.0098500354 -0.00058089552
-0.014416373 -0.0095424242 -0.00048504584
-0.013655419 -0.0091673369 -0.00048478477
0.013797306 -0.009087204 -0.00051260268
0.01455175 -0.0094389198 -0.00050289842
0.015273857 -0.0098027894 -0.00050740951
-0.013423814 -0.0087832939 -0.00055330287
-0.012567035 -0.0083582606 -0.00047355777
-0.011894185 -0.0080964034 -0.00074680522
0.012618521 -0.0082065901 -0.0004922793
0.013454934 -0.008670887 -0.00054560776
0.014114578 -0.0089435615 -0.0002892589
-0.012147932 -0.0075263991 -0.00046509202
-0.011620394 -0.0074595716 -0.00048479845
0.011681229 -0.0074811727 -0.00052240718
0.012251557 -0.0076546511 -0.00034749674
-0.012324404 -0.0063111968 -0.00047983008
-0.011857605 -0.0067029558 -0.00059435563
0.011863955 -0.0066793505 -0.00046898043
0.01233387 -0.0063998522 -0.00049219123
-0.013084366 -0.0051103146 -0.0002806955
-0.012593056 -0.0054884516 -0.00049183279
-0.011984626 -0.0059995227 -0.00036462734
0.012587183 -0.0054647485 -0.00047823464
0.013049147 -0.0050037811 -0.00071425788
-0.020253167 -0.0040209899 -0.00044228532
-0.019451139 -0.0040962771 -0.00050874322
-0.018575462 -0.0041279388 -0.00048011768
-0.017777475 -0.0040489598 -0.00059258449
-0.013140968 -0.0043598125 -0.00056640297
-0.012732566 -0.0045916005 -0.00047308704
-5.9883787e-05 -0.0040186998 -0.00093238731
0.00080663664 -0.0040528127 -0.00087632943
0.0012222428 -0.0040155798 -0.00077389274
0.012757223 -0.0046069934 -0.00051680848
0.013200152 -0.0043628984 -0.00051903137
0.018574631 -0.0040071844 -0.00053260737
0.019287558 -0.0040037609 -0.00095722894
-0.023050802 -0.003033303 -0.00053795055
-0.022337092 -0.0032272907 -0.00050437817
-0.021497402 -0.0035435052 -0.00049166562
-0.02059252 -0.0038319521 -0.00045063108
-0.019912736 -0.0039478266 -0.00060799706
-0.018176608 -0.0039854902 -0.00050350511
-0.017337978 -0.0038642136 -0.00056797423
-0.016468145 -0.003692474 -0.00055306143
-0.0154764 -0.003491428 -0.00048439784
-0.014509758 -0.0032942304 -0.00054600398
-0.013410143 -0.0033802397 -0.00051855278
-0.012915473 -0.0037312349 -0.00048578545
-0.0024163136 -0.0030220072 -0.00072373461
-0.0015943616 -0.0033692154 -0.00081176235
-0.0006101047 -0.0034229115 -0.00087274489
0.00047224539 -0.0034074613 -0.0008304225
0.0015128779 -0.0034134814 -0.00083078793
0.0023787888 -0.003407124 -0.00093676784
0.012849924 -0.0036543233 -0.0003164683
0.013419823 -0.003417898 -0.00048986753
0.01450123 -0.0031439026 -0.0004821842
0.015509393 -0.0033561557 -0.00055440568
0.016424939 -0.0035447243 -0.00053556508
0.017414199 -0.0037611201 -0.00048267862
0.018485682 -0.0039399988 -0.00050789851
0.019461693 -0.0039415024 -0.0005298467
0.020487817 -0.0037353514 -0.00048932957
0.021488637 -0.0034006708 -0.00047272514
0.022256689 -0.0031382213 -0.00045126464
-0.024243606 -0.0021524581 -0.00053912896
-0.023496684 -0.002563867 -0.00048659745
-0.022816509 -0.0028590213 -0.00049619406
-0.0025141784 -0.0025349164 -0.00080353074
-0.0015951596 -0.0025264253 -0.00082860631
-0.00064708543 -0.0024263184 -0.00086869567
0.00053724129 -0.0024703832 -0.0008564684
0.001603937 -0.0024850969 -0.00087374839
0.0024554846 -0.0025279624 -0.00088723376
0.0031801576 -0.0025984009 -0.00094415847
0.013491821 -0.0029688259 -0.00028322748
0.014161964 -0.0029772525 -0.00033436983
0.022668423 -0.0028028165 -0.00049762649
0.023522312 -0.0023944275 -0.0004962681
0.0241531 -0.0021053625 -0.00057284848
-0.025136985 -0.0014570897 -0.00046577535
-0.024634046 -0.0016643201 -0.00052731734
-0.0034003176 -0.0013809376 -0.00089782593
-0.0025256076 -0.0015472638 -0.00079724513
-0.0015750277 -0.001534775 -0.00084022508
-0.00056919182 -0.0015036892 -0.00087577634
0.00049393415 -0.0014761505 -0.00085578085
0.0014814475 -0.0015373126 -0.00086447777
0.0024671473 -0.0015044711 -0.00091098365
0.0035073285 -0.0014784855 -0.00095508061
0.023888828 -0.001879391 -0.00083119603
0.024626704 -0.0015785219 -0.00046936653
0.025132926 -0.0013190648 -0.00049243006
-0.025126508 -0.00051127275 -0.00052898674
-0.024828084 -0.00053319847 -0.00057052961
-0.0034719384 -0.0005681839 -0.00086996402
-0.0024829044 -0.00053689152 -0.00081904948
-0.0015201492 -0.00046193547 -0.00081935112
-0.00058106775 -0.00051874749 -0.00087421801
0.00053057971 -0.00045043396 -0.00088610098
0.0015274179 -0.00046625928 -0.0008640106
0.0024836767 -0.00040153909 -0.00092034962
0.003499272 -0.00045565623 -0.00097233866
0.024843883 -0.0005208159 -0.00056802097
0.025140878 -0.00050467427 -0.0004679464
-0.025150459 0.00056454015 -0.00051224005
-0.024801012 0.00049491611 -0.00057723222
-0.0034285386 0.00043507799 -0.00088241213
-0.0024459015 0.00041981786 -0.00084637362
-0.0015267356 0.00054970733 -0.00085551728
-0.00066043157 0.00050194724 -0.0008843579
0.00049279211 0.00043341648 -0.00087797595
0.0015393194 0.0005286698 -0.00086473481
0.002553313 0.00045878789 -0.00091304001
0.0036155176 0.00052277173 -0.00098959659
0.024836559 0.00049931422 -0.00060840457
0.025165135 0.00048675938 -0.00045162116
-0.025098825 0.0011712902 -0.00059143838
-0.024482928 0.0014704145 -0.00051346701
-0.023721268 0.0018380551 -0.00047936672
-0.0033902589 0.0013352757 -0.00092644169
-0.0024698901 0.0014029945 -0.00084356684
-0.0014280054 0.0014879579 -0.00082920236
-0.00065552286 0.0014569052 -0.00089684816
0.0004609563 0.0013923051 -0.00089170766
0.0015533284 0.0014397113 -0.0008768203
0.0025813028 0.0012969928 -0.00091464177
0.0032104026 0.0019702457 -0.00096021383
0.02386459 0.001904944 -0.00055772084
0.024570571 0.0015540741 -0.00053914118
0.025125576 0.0012197698 -0.0004510525
-0.024102002 0.0020486102 -0.00042740424
-0.023357334 0.0022858249 -0.00048986508
-0.022555562 0.0026672368 -0.00047362378
-0.021796115 0.0029172057 -0.00063272775
-0.014434885 0.0029199866 -0.00051057752
-0.013579341 0.0028110547 -0.00048534622
-0.012970133 0.0029238621 -0.00025826681
-0.0024192329 0.0024125974 -0.0008446172
-0.0015004268 0.0024910474 -0.00085658592
-0.0006894645 0.0024982502 -0.0008810166
0.00047243631 0.0024272839 -0.00090319564
0.0015252022 0.0024285472 -0.00089296151
0.0025601296 0.0023925211 -0.00094089238
0.013655367 0.0029074692 -0.00052787253
0.014193255 0.0029322626 -0.00035310257
0.022612041 0.0027605041 -0.00048974331
0.02345917 0.0024072004 -0.00049914577
0.024130736 0.0021379984 -0.00045234253
-0.022043828 0.0030481608 -0.0006383963
-0.02144579 0.0032137514 -0.000455692
-0.020489141 0.0034925586 -0.00054877269
-0.019559674 0.0037045074 -0.00046797044
-0.018544585 0.003752965 -0.00051366002
-0.017494272 0.0035919615 -0.00051473896
-0.016513411 0.0033912633 -0.0004623346
-0.015522603 0.00318578 -0.00048989395
-0.01465871 0.0030311123 -0.00046442606
-0.013301351 0.0034391258 -0.0005022547
-0.012849677 0.0036081986 -0.00053482834
-0.0014121579 0.0032799561 -0.00084189308
-0.00069308339 0.0034906385 -0.00091999397
0.00047582565 0.0032241689 -0.00091979816
0.0014755421 0.0034461552 -0.00090878189
0.0024034828 0.0032784101 -0.00098879496
0.012845269 0.0036947664 -0.00054792821
0.01331392 0.0034134756 -0.00049896073
0.014590246 0.0031015307 -0.00053807849
0.01552075 0.0032860839 -0.00056688982
0.016482478 0.0034821269 -0.00049577124
0.017495479 0.0037177242 -0.00049823988
0.01852164 0.0038977202 -0.00056318648
0.019532593 0.0038666325 -0.00046402833
0.020476347 0.0036748557 -0.00050143915
0.021511741 0.0033333651 -0.00048632137
0.022211937 0.003106731 -0.00050295255
-0.013125363 0.0042357394 -0.00059239526
-0.012738382 0.0045219958 -0.00048674765
0.01272404 0.0045749592 -0.00042997871
0.013144418 0.0043636789 -0.00057522918
-0.013002916 0.0051635969 -0.00012847956
-0.012508266 0.0055040522 -0.00046899947
0.012473852 0.0055315127 -0.00048664387
-0.012201178 0.0064143874 -0.00045565769
-0.011779913 0.0066163833 -0.00042613148
0.011847949 0.0065538636 -0.00057022949
0.012294126 0.0063474369 -0.00047978753
-0.013055569 0.0079959761 -0.00038995675
-0.012281076 0.0077248672 -0.00050898391
-0.011625599 0.0072878571 -0.00061825424
0.011704097 0.0072996984 -0.00046793959
0.012283376 0.0077908104 -0.0006537218
-0.014321282 0.0089180702 -0.0004459823
-0.013452123 0.0085341493 -0.00049116794
-0.012695286 0.008196773 -0.00054266746
0.012590495 0.0081849191 -0.00055705471
0.013357495 0.0085751498 -0.00051503314
0.014159871 0.0089453459 -0.00039928619
-0.015451044 0.0097548449 -0.00047949338
-0.014584564 0.0093291234 -0.00048560608
-0.013927255 0.009012457 -3.2897806e-05
0.013898822 0.0091141313 -0.0003197921
0.014467615 0.0093705896 -0.0005178182
0.01525394 0.0097103175 -0.0005043507
-0.016400514 0.010576014 -0.0004959621
-0.015767021 0.010251452 -0.00051656651
0.015751911 0.010298127 -0.00053146784
0.016372534 0.010628546 -0.00050593243
-0.017241156 0.011584498 -0.00051021477
-0.016755257 0.011369553 -0.00052352046
-0.0080623217 0.011612295 -0.00055049197
-0.007401932 0.011624688 -0.00047500833
-0.0066268407 0.01178206 -0.00052584062
0.006651104 0.011787149 -0.00034403472
0.007324636 0.011688825 -0.00051470846
0.008083595 0.011862899 -0.00059806328
0.016664373 0.011411427 -0.00050240254
0.017193612 0.011621859 -0.00052499672
-0.018083215 0.012849035 -0.0004295251
-0.017498218 0.012548188 -0.00048263316
-0.0084089683 0.012636641 -0.00048291456
-0.0076860352 0.012235279 -0.00059215399
-0.006375026 0.012163761 -0.00053265446
-0.0055224504 0.012422285 -0.00048701838
-0.0046164193 0.012775554 -0.00053603941
-0.003848339 0.012980732 -0.00031632933
0.0038743101 0.01296152 -0.0005149311
0.0045927484 0.012797697 -0.00049829768
0.0054840837 0.012492101 -0.00051010441
0.0064021503 0.012166812 -0.0004574417
0.0077434359 0.012581709 -0.00047393329
0.008426223 0.012601702 -0.00045058387
0.016891474 0.012255651 -0.00050573231
0.017417988 0.012537703 -0.00048398681
0.018039096 0.01289515 -0.00028565153
-0.018127637 0.013517041 -0.0004210214
-0.017747737 0.013508049 -0.00052460551
-0.0092597259 0.013536988 -0.00051504438
-0.0085721668 0.013562015 -0.00055719283
-0.0042887358 0.013040811 -0.00040713878
-0.0034891102 0.013217063 -0.00056161283
-0.0028131544 0.013464276 -0.00050299178
0.0027166326 0.013561194 -0.00049325934
0.0034631668 0.013261434 -0.00048401154
0.004295649 0.013045509 -0.00031364211
0.0085114846 0.013430561 -0.00061991712
0.0092096757 0.01368643 -0.00051208783
0.017716233 0.01343773 -0.00055845053
0.018131666 0.013662425 -0.00047085469
-0.018275226 0.014512653 -0.00047964152
-0.017921954 0.014276709 -0.00049956463
-0.010178091 0.014851958 -0.0004150442
-0.0094841337 0.014472063 -0.0005168916
-0.0088727903 0.014051302 -0.00031169388
-0.003327505 0.01450582 -0.00051733205
-0.0028391671 0.01444352 -0.0004252246
0.0027340138 0.014486745 -0.00036406351
0.0032730745 0.014588881 -0.00051270041
0.0087501537 0.014181879 -0.00048714416
0.00959286 0.014547006 -0.0004827138
0.010038652 0.014942897 -0.00047925743
0.017866347 0.014446335 -0.00041873424
0.018215153 0.014521213 -0.00057801057
-0.018449802 0.015485859 -0.00050702988
-0.017981231 0.015280476 -7.86155e-05
-0.010433187 0.015620283 -0.00045450625
-0.0097797187 0.015424483 -0.00049063435
-0.0033807661 0.015461539 -0.00049047824
0.0028945948 0.015361798 -0.00055336143
0.003379269 0.015539242 -0.00048525166
0.0096437372 0.015371001 -0.00037235173
0.010382099 0.015590126 -0.000483949
0.017926354 0.015406629 -0.00074229157
0.018328153 0.015513987 -0.00047758876
-0.019054763 0.016156159 -0.00059196702
-0.018522441 0.016502975 -0.00049875613
-0.017926993 0.016915368 -0.00041228379
-0.012194899 0.016892927 -0.00056444743
-0.011458216 0.016611107 -0.00051822769
-0.010642502 0.016305333 -0.00046347347
-0.0040197489 0.016687229 -0.00045720077
-0.0035960465 0.016493447 -0.0004919187
0.0035109266 0.016551778 -0.00055642298
0.0099667832 0.016037766 -0.00050303782
0.010529196 0.016320009 -0.0004540667
0.011397313 0.016663831 -0.00057098985
0.012038385 0.016973371 -0.000306139
0.017966665 0.016804717 -0.00059264555
0.018443666 0.016504582 -0.00048953306
-0.018133843 0.017266907 -0.00042141328
-0.017576365 0.017538307 -0.00046555325
-0.01692526 0.017915288 -0.00041283184
-0.014373102 0.017895583 -0.00047753152
-0.013458553 0.017647896 -0.00048191164
-0.012546047 0.017308762 -0.00048911793
-0.011824221 0.017074719 -0.00042218447
-0.0041758744 0.017532222 -0.00041848578
-0.0036793484 0.017437208 -0.00054581172
0.0036354235 0.017434174 -0.00052654644
0.0041219546 0.017653232 -0.00057829882
0.011691102 0.017152593 -0.00039699132
0.012528837 0.017407579 -0.00050633261
0.013434492 0.017762465 -0.00053163001
0.014143188 0.017932763 -0.0006277049
0.016918845 0.017909026 -0.00045661879
0.017563242 0.017586423 -0.00047625828
0.018240251 0.017145563 -0.0004938764
-0.017178912 0.018226257 -0.00051946699
-0.01653916 0.018318696 -0.0005302346
-0.015441279 0.018198993 -0.00055867824
-0.014646127 0.018085035 -0.00049768318
-0.0042572203 0.018541267 -0.00041680236
-0.0037996338 0.018510375 -0.00055424479
0.0037594847 0.018472264 -0.00052546436
0.004196946 0.018554537 -0.00049984769
0.013857483 0.018065076 -0.00045594858
0.014592023 0.018157788 -0.00046005732
0.015465098 0.01835241 -0.00053570385
0.016515983 0.018448686 -0.0005164938
0.017145107 0.018202692 -0.00055250415
-0.0042357096 0.019432515 -0.00051841175
-0.0037291602 0.019520994 -0.00050607458
0.0037181508 0.019535763 -0.00055070472
0.0041099754 0.019537829 -0.00047754042
-0.0041175643 0.020232454 -0.00041586597
-0.0036118263 0.020496354 -0.00049805874
0.0035418612 0.020510329 -0.00051517785
0.0040463768 0.020100534 -0.00098330295
-0.003410612 0.021391589 -0.00047294129
-0.002891629 0.021873597 -0.00043178975
0.0028563025 0.021618895 -0.00049134879
0.0033465591 0.021431055 -0.00045378541
-0.0032024735 0.02236901 -0.0005072942
-0.0027222298 0.022516932 -0.00052423798
0.0026089968 0.022552341 -0.00052455132
0.0031693503 0.022219479 -0.00046949121
-0.0030226964 0.023070227 -0.00087220129
-0.0024310267 0.023427315 -0.00049671729
-0.0019025306 0.023762658 -0.00050094584
0.0018230058 0.02370419 -0.00046123
0.0023604417 0.023425251 -0.00049471058
-0.0021258171 0.024250515 -0.00048290697
-0.0014876659 0.024607226 -0.00052980462
-0.0004856766 0.024851093 -0.00050507428
0.00049980509 0.024855042 -0.00047536663
0.0014481606 0.024544723 -0.00049806578
0.002056747 0.024224959 -0.0005839084
-0.0012430791 -0.025063073 0.00056855433
-0.00047557178 -0.025068799 0.00047199207
0.00046234822 -0.02506475 0.00049864844
0.0012968511 -0.025058623 0.00052551448
-0.0021121397 -0.024245827 0.00049688801
-0.001605857 -0.024555013 0.00051657925
0.001669906 -0.024588514 0.00049512577
0.0022254547 -0.024304023 0.0005229463
-0.0023989913 -0.023478365 0.0005041624
-0.0018750762 -0.023819961 0.00052504375
0.0018991589 -0.023892948 0.00060359167
0.002537475 -0.023484765 0.00046035383
0.0031281104 -0.023012474 0.0009101904
-0.003174592 -0.022299981 0.00052973995
-0.0026507964 -0.022566102 0.00049006171
0.0027142705 -0.022647224 0.00049619068
0.0032309655 -0.022424232 0.00047290852
-0.0033411009 -0.02149678 0.00048549005
-0.0028048879 -0.021831088 0.0004532373
0.0029759831 -0.021823134 0.00083240587
0.0034942185 -0.021507407 0.00047786644
0.0040133465 -0.021069175 0.0006606885
-0.0040455949 -0.020226035 0.00038504566
-0.0036004651 -0.020531328 0.00051458855
0.0036522357 -0.020643085 0.00048780956
0.0041276817 -0.020375997 0.00046554673
-0.0041405545 -0.01951243 0.00042918828
-0.0036758294 -0.019558439 0.00047990991
0.0037435717 -0.019527761 0.00048437354
0.0042009642 -0.019486642 0.0005396842
-0.017274855 -0.018226441 0.00055452046
-0.016575014 -0.018621635 0.00046833415
-0.015506387 -0.018580187 0.00052185182
-0.01451323 -0.018323964 0.00049186737
-0.013595694 -0.018147903 0.00048651759
-0.0041622678 -0.018580206 0.00045511438
-0.0036879373 -0.018639557 0.00044087149
0.0037625635 -0.018435474 0.00042874608
0.0042455164 -0.018547848 0.0005348142
0.013703049 -0.0180503 0.00036185791
0.014461832 -0.01818911 0.00049478922
0.015481375 -0.018416883 0.00049842329
0.016558085 -0.018519189 0.00052492716
0.017262036 -0.018289292 0.00045258552
-0.018270366 -0.017241329 0.00056348747
-0.017686849 -0.017635867 0.00050737197
-0.013367665 -0.01789723 0.00052597781
-0.012506676 -0.017591773 0.00048445477
-0.011570163 -0.017216101 0.00058592454
-0.0041051437 -0.017732799 0.00047982833
-0.003620801 -0.017517161 0.00051004847
0.003670214 -0.017554594 0.00042929524
0.0041680667 -0.017554699 0.00048068166
0.011666677 -0.017166836 0.00059428363
0.012493224 -0.017450023 0.00051812688
0.013424066 -0.017805064 0.00052414014
0.014077279 -0.017961744 0.00076077302
0.017696915 -0.017657116 0.00047813912
0.018256254 -0.017253025 0.00041897397
-0.018439347 -0.01645126 0.00050550723
-0.017974203 -0.016218098 0.00085198879
-0.011357528 -0.016765811 0.00045771713
-0.010625442 -0.016464852 0.00048067319
-0.0099413954 -0.016109198 0.0004564983
-0.0034853832 -0.016501362 0.00058288185
0.0035586702 -0.016547237 0.0005232853
0.0040398254 -0.016729986 0.00060289889
0.010613445 -0.01636463 0.000505195
0.011452973 -0.016750894 0.00047592478
0.01862113 -0.016533175 0.00053172209
0.019018315 -0.016544588 0.00070637837
-0.018301586 -0.015517049 0.00058014016
-0.017898791 -0.015449554 0.00043904094
-0.010254156 -0.015535863 0.00039837568
-0.0096174339 -0.015425622 0.00049293786
-0.0034024857 -0.015488917 0.00054565322
-0.0029151384 -0.015465555 0.00043236508
0.0029255603 -0.015210861 0.00041644881
0.0035034525 -0.015624882 0.00051063951
0.0096968319 -0.01548631 0.00064824085
0.010373813 -0.015660681 0.0004880905
0.018426549 -0.01553182 0.00050833158
-0.018183503 -0.014572116 0.00047147868
-0.017819777 -0.014438273 0.00055933022
-0.0094429869 -0.014571571 0.00053714315
-0.0087075913 -0.014268626 0.00049523643
-0.0033299304 -0.014600536 0.00050321047
-0.0028008756 -0.014484202 0.00048597058
0.0028146128 -0.014421584 0.00037284766
0.0032875922 -0.014551225 0.00060653966
0.0089222277 -0.014290337 0.00045997257
0.0095853852 -0.014570983 0.00044602147
0.010052783 -0.014899485 0.00071818731
0.017910255 -0.014425733 0.00044498773
0.01829192 -0.014489779 0.00048907707
-0.018128762 -0.013732729 0.00033024757
-0.017658111 -0.013463319 0.00046908806
-0.0091849137 -0.013788176 0.00059684151
-0.0085198954 -0.013466899 0.00051754672
-0.0079568662 -0.013105005 0.00050003856
-0.0050495514 -0.013026655 0.00039387617
-0.0044434923 -0.013151217 0.00049387995
-0.0034363668 -0.013414054 0.00053164223
-0.0027049261 -0.013654248 0.00049819879
0.0027454291 -0.013592293 0.00042514969
0.0035002897 -0.013429456 0.00056135835
0.0044511268 -0.013112635 0.00049485901
0.0050174426 -0.013036819 0.00039817533
0.0084673055 -0.013485867 0.00054057332
0.0092752343 -0.013718825 0.00054349261
0.017720761 -0.013413126 0.00050114747
0.018116154 -0.013568145 0.00048309518
-0.017358616 -0.012565418 0.00047894614
-0.016890783 -0.012234927 0.00062357652
-0.0083696079 -0.012509734 0.00050634716
-0.0075084376 -0.012414099 0.00054600358
-0.0064656283 -0.012299797 0.00055116584
-0.0055104671 -0.012658305 0.00053633278
-0.0047072978 -0.012895136 0.00051376165
0.0047188597 -0.012893913 0.0005063882
0.0054847612 -0.012672488 0.00052619266
0.0063682739 -0.012319491 0.00050970312
0.0075064711 -0.012315522 0.00044189609
0.0084899319 -0.012656466 0.00049891538
0.016894221 -0.012117619 0.00042786868
0.017461345 -0.012515497 0.00050810335
-0.017159304 -0.011790117 0.00046174042
-0.016596073 -0.011430356 0.00044790001
-0.008011084 -0.011890379 7.9173129e-05
-0.0073611983 -0.011840407 0.00047214807
-0.0066776481 -0.011897984 0.0004388286
0.0065832641 -0.011919956 0.00053843635
0.0074567175 -0.011767503 0.00045685697
0.008059294 -0.011859652 0.00038387979
0.016711425 -0.011368004 0.00048103882
0.017193906 -0.011642682 0.00049429951
-0.01631939 -0.010808868 0.00053596962
-0.015546928 -0.010304766 0.00049533392
-0.014874185 -0.010095447 0.00022031949
0.015718477 -0.010228654 0.00051979697
0.01638921 -0.010634881 0.00053493748
-0.015225712 -0.0098307021 0.00040704288
-0.014481915 -0.0094993273 0.00048861315
-0.013743776 -0.0091890059 0.00045137713
0.013812666 -0.0091630826 0.00050241407
0.014594654 -0.0094202328 0.0004409758
0.01526521 -0.0097497348 0.00048587809
-0.013472582 -0.008765744 0.00044524585
-0.012580548 -0.0083175907 0.00059233682
-0.011829842 -0.008030327 0.00081574172
0.012604829 -0.0082754139 0.00048403663
0.013446056 -0.0086563621 0.00046120569
0.014051853 -0.0089003257 0.00078700518
-0.012171213 -0.0076287445 0.00030513559
-0.011631315 -0.0075232065 0.00044521433
0.011626599 -0.0074832076 0.00054295314
0.012179564 -0.0075724549 0.0005679825
-0.012326224 -0.0063885208 0.00051654084
-0.011824012 -0.0066839834 0.00055725378
0.011799225 -0.0067290193 0.00051377749
0.012306564 -0.0063711698 0.00047404907
-0.013074015 -0.0051261983 0.00017759341
-0.012565423 -0.0055062869 0.00045187827
0.012575681 -0.005428554 0.0005067935
0.013006143 -0.005324367 0.00016545277
-0.020156046 -0.0040320181 0.0005067552
-0.019448807 -0.00408431 0.00054966757
-0.018534631 -0.0040856213 0.00041891731
-0.017740831 -0.0040419507 0.00031272095
-0.013207247 -0.0044339285 0.00048017327
-0.01277933 -0.004555929 0.00050561241
0.012771524 -0.0046048132 0.0005787455
0.013165316 -0.0043959026 0.00042364522
-0.022467757 -0.0031972735 0.00052970165
-0.021528687 -0.0035162901 0.00049415906
-0.020583671 -0.0038369729 0.00050646008
-0.019774172 -0.0039628525 0.00036465478
-0.018119205 -0.0039788247 0.00053514476
-0.017328117 -0.0038662902 0.00044920511
-0.016544716 -0.0037111607 0.00051450613
-0.015553178 -0.0035005594 0.00047174309
-0.014488365 -0.0032354617 0.00050661317
-0.013384225 -0.003387128 0.00053224916
-0.012788353 -0.003787796 0.00073173171
0.01284074 -0.0037971195 0.00044472286
0.013348225 -0.0034125939 0.00056558469
0.014510999 -0.0031647028 0.00051491911
0.015515882 -0.0033630487 0.00051728979
0.016578557 -0.0035715953 0.00054304017
0.017544243 -0.0037687747 0.0004919832
0.018578988 -0.0039459905 0.00040754379
0.019472027 -0.0039147767 0.00047897262
0.020457508 -0.0037152544 0.00048047022
0.021467803 -0.00337907 0.00048964535
0.022282232 -0.0031378309 0.00046931283
-0.02427977 -0.0021520962 0.00046727993
-0.023512896 -0.0025387129 0.00051057216
-0.022736177 -0.0028628819 0.0004579685
0.013497137 -0.0029632265 0.00058756623
0.014157157 -0.0029777605 0.00017882985
0.022593418 -0.0027999557 0.00051919703
0.02346126 -0.0024031908 0.00054040458
0.024103863 -0.0021471959 0.00039442108
-0.025146153 -0.0013960628 0.0004740647
-0.024685133 -0.0015659159 0.00052557082
0.02392553 -0.0018309777 0.00046191431
0.024618946 -0.0015761962 0.00051707349
0.025130412 -0.0012341482 0.00054023025
-0.025129152 -0.00045469301 0.00047678943
-0.0248478 -0.00050573406 0.00047478674
0.024823334 -0.00046682631 0.00051776995
0.025120255 -0.00054050633 0.00057097548
-0.025137074 0.00049690949 0.00046996737
-0.024833901 0.00047856741 0.00041767879
0.024791667 0.00053017744 0.00044036549
0.025122331 0.00053483504 0.00057730125
-0.025151702 0.0012050861 0.00041891818
-0.024501922 0.0014798883 0.00050617108
-0.023770586 0.0018344515 0.00048488998
0.023839558 0.0018748025 0.00046159374
0.024527051 0.0015843156 0.00051741372
0.025119506 0.0013663531 0.00053198583
-0.024078615 0.0021182084 0.00094521092
-0.023409145 0.0022935732 0.00047530758
-0.02256122 0.0026612601 0.00053028471
-0.021814141 0.0028948619 0.0004282881
-0.015085142 0.0029920894 0.0005258614
-0.014380867 0.0029083129 0.0004349229
-0.013495159 0.0028581573 0.0005090388
0.013520614 0.0029230341 0.00052880624
0.014212924 0.002948436 0.00039313792
0.022648793 0.0027618874 0.0004652022
0.023480147 0.0023646092 0.00049335178
0.02425972 0.0021057902 0.00057376549
-0.022118665 0.0030518204 0.00036572511
-0.02147189 0.0032209875 0.00051128463
-0.020504512 0.0035228431 0.00053826463
-0.019517234 0.0037287006 0.00052128616
-0.01850892 0.0037602352 0.00044322392
-0.017528642 0.0036133332 0.00049058831
-0.016610533 0.0033901155 0.00054526952
-0.015557026 0.0031835756 0.00044158861
-0.014773588 0.0030636289 0.00047412672
-0.013368864 0.0034407221 0.0005889053
-0.012910077 0.0034993344 0.00046036966
0.012834365 0.003670936 0.00047613904
0.013327697 0.0034838053 0.00051865831
0.014547747 0.0031300674 0.000478309
0.015498487 0.0033344631 0.00050832034
0.016611222 0.003570057 0.00056420814
0.017506767 0.0037409079 0.0004728488
0.018458771 0.0039116279 0.0004703408
0.019557444 0.0038674676 0.00050636986
0.020535283 0.0036766157 0.00048714882
0.021526851 0.003333271 0.0005522102
0.022285149 0.0030904738 0.00043756791
-0.013132935 0.0044028852 0.00040964174
-0.012729188 0.0045335786 0.00049376005
0.012701422 0.0046058749 0.00061874132
0.013127373 0.0044463635 0.00035109924
-0.012475155 0.0055150446 0.00046757155
0.012489685 0.0054960335 0.00049810117
0.013025945 0.0050199209 4.596886e-05
-0.012275135 0.0064045652 0.00052052556
-0.011781286 0.0066138809 0.00067730201
0.011776183 0.0066077388 0.0004104127
0.012314328 0.006320755 0.00051379594
-0.012313209 0.0077087665 0.00051068905
-0.011675997 0.0073198667 0.00041036183
0.01161025 0.0073816082 0.00051531818
0.012256525 0.0077802395 0.00041908422
-0.01420491 0.0087972088 0.00061430642
-0.013470965 0.0085305963 0.00053763564
-0.012641607 0.0080659669 0.00030160218
0.011957143 0.0080237649 0.00057924411
0.012626715 0.0082761627 0.00049407122
0.013406352 0.008623871 0.0004053131
0.014105964 0.0088841543 0.00057749334
-0.016130649 0.0099657951 0.0006096405
-0.015352791 0.009729486 0.0004445817
-0.014501354 0.0092764609 0.00053904561
-0.013903061 0.0091059208 0.00029888435
0.013795638 0.0091267088 0.00063959695
0.014518245 0.0094044767 0.00047292639
0.015288819 0.0097799674 0.00044173221
-0.017039878 0.0108264 0.00021419581
-0.016395248 0.010581423 0.00049809308
-0.015818698 0.010232057 0.00053938339
0.015716426 0.010282259 0.00047546069
0.016373526 0.010648868 0.00048726803
-0.017267426 0.011563643 0.00043990705
-0.016812708 0.0114216 0.00054595683
-0.0081735197 0.011798822 0.00067269785
-0.0073416508 0.01170194 0.00046549685
-0.0065451553 0.011795874 0.00047615246
0.0065707108 0.011803111 0.00047660508
0.0073857275 0.011723912 0.00052783225
0.00809009 0.011870317 0.00031633209
0.016681992 0.01138761 0.00048371404
0.017146396 0.011599287 0.00039998264
-0.018063212 0.012665861 0.00025891
-0.017506624 0.012484539 0.0004664732
-0.016864719 0.012067309 0.00091268495
-0.0084670568 0.012590685 0.00051319448
-0.0078453962 0.012508121 0.00053764565
-0.0064068357 0.012204812 0.00058429211
-0.0055430583 0.012435575 0.00049627054
-0.0046038642 0.012806378 0.00042921765
-0.0038968925 0.012972707 0.00065797602
0.0039023235 0.012960481 0.00056702219
0.0045950566 0.012806177 0.00046768374
0.0054741288 0.012473121 0.00053397112
0.0062988787 0.012199013 0.00058049156
0.0076371031 0.012433142 0.00040509022
0.0084988847 0.012650113 0.00050198211
0.016836833 0.012180517 0.00070232747
0.017425951 0.012556078 0.00047149885
-0.018216247 0.013607757 0.000516225
-0.017757859 0.013423497 0.00053269725
-0.0092448024 0.01351207 0.00044691755
-0.0085212449 0.013489058 0.0005771112
-0.0041842647 0.013094315 0.00046598288
-0.0034713331 0.01335308 0.00052727363
-0.0028518888 0.013559275 0.00050280889
0.0026984101 0.013489274 0.00052572635
0.0034282005 0.013256241 0.00058237434
0.0042445706 0.013063316 0.00057725474
0.0084488569 0.013410731 0.00048184034
0.009221361 0.013734858 0.00047796377
0.017661925 0.013454661 0.00047847963
0.018098863 0.013648837 0.00052075298
-0.01827855 0.014503084 0.000542756
-0.017924549 0.014422799 0.00059913058
-0.010153441 0.014839691 0.00063804083
-0.0095252264 0.014508524 0.00052514061
-0.008886111 0.014086766 0.00049669313
-0.0033604116 0.014623499 0.00051888515
-0.0029486779 0.01469162 0.00032374079
0.0027603689 0.014496138 0.00056047278
0.0032749195 0.014486869 0.00041636033
0.0088922139 0.014359432 0.00052544172
0.0094874911 0.014561667 0.00046559496
0.0100226 0.014918064 0.00067222462
0.017829137 0.014358168 0.00053454441
0.018198399 0.014530094 0.0004537151
-0.019082408 0.015941164 0.00010546762
-0.01839984 0.01545042 0.00051942322
-0.017977759 0.015330659 0.00036388543
-0.01042683 0.015612562 0.00051145005
-0.0097282287 0.015332839 0.00041060327
-0.0035226236 0.015507692 0.00057591213
-0.0029561245 0.015204311 0.0009492276
0.0028314346 0.015262842 0.00035558225
0.0033614535 0.015544703 0.00062140945
0.0096872738 0.015501565 0.00054298685
0.010415656 0.015641555 0.00050219812
0.017949224 0.015306383 0.00039352727
0.018299181 0.015436038 0.00048904133
-0.019057725 0.016131517 0.00086096209
-0.018525504 0.016540036 0.00047102268
-0.012263144 0.016941518 0.0004602322
-0.01144938 0.016602255 0.00050687772
-0.010727385 0.016342673 0.00048384303
-0.004105045 0.016425608 0.00061637908
-0.0035236734 0.016506057 0.00056441897
0.0029575625 0.016302086 0.0005123344
0.0035124463 0.016546214 0.00045971427
0.0099257389 0.016005557 0.00020940695
0.01058106 0.016336635 0.00047281172
0.011448796 0.016744087 0.00049897953
0.01795435 0.016864941 0.00056295661
0.018453484 0.016516753 0.00052141311
-0.018155862 0.017240968 0.00048032714
-0.017584337 0.017555637 0.00048419129
-0.01693153 0.017942522 0.00075640762
-0.014424437 0.017912876 0.00049731001
-0.01353282 0.017677065 0.00049675384
-0.012570187 0.017318849 0.00050895131
-0.011854781 0.01709507 0.0005262667
-0.0041516512 0.017526783 0.00041847912
-0.003650377 0.01745962 0.00042477981
0.0035599337 0.017491117 0.00055308588
0.0041161105 0.017632648 0.00045515923
0.011616248 0.017130086 0.00058649533
0.012518464 0.017428204 0.00047690776
0.013451609 0.017796224 0.00046416087
0.014176558 0.017951941 0.00041359276
0.016889825 0.017977785 0.00098834792
0.017585432 0.017581936 0.00056512631
0.018143149 0.017211799 0.00051708665
-0.017206175 0.018186281 0.00050844817
-0.016501853 0.018320572 0.00048320764
-0.015496519 0.018217711 0.00049908395
-0.01462593 0.018087003 0.00045339795
-0.0042250436 0.01853765 0.00049593387
-0.0037953132 0.018515648 0.00048155329
0.0036813538 0.018509943 0.00041437818
0.0041696592 0.018577727 0.00052029459
0.013822715 0.018049389 0.00041258152
0.014551458 0.018171908 0.00046137461
0.015513774 0.018380553 0.00048779827
0.016543489 0.01844212 0.0004956334
0.017155139 0.018153047 0.00052140525
-0.0042191125 0.01948306 0.00046300422
-0.0037308307 0.019631196 0.0004588392
0.0036224767 0.019538416 0.00047324895
0.0041012936 0.019462503 0.00040120629
-0.0040780767 0.020453475 0.0004622651
-0.0036097546 0.020545078 0.00046649543
0.0035306434 0.020474719 0.00047599361
0.0040214551 0.020144433 0.00043770717
-0.0033742767 0.021525303 0.00050623133
-0.0029167784 0.021716509 0.00053052371
0.0028479013 0.021690778 0.00051531824
0.0033449875 0.021420879 0.00054465915
-0.0032296577 0.022366051 0.00052528118
-0.0027021866 0.022543093 0.00047019112
0.0026389053 0.022560619 0.00045231168
0.0031487097 0.022211241 0.00051139487
-0.0024313352 0.023503944 0.00048024871
-0.0019359067 0.023769017 0.00058870472
0.0018216633 0.023699356 0.00047386499
0.0023212729 0.02340176 0.00048640624
-0.0021695793 0.024271654 0.00045681663
-0.0015154394 0.024611915 0.00052503531
-0.0004963731 0.024865791 0.00049683318
0.00055202853 0.02486662 0.00051846827
0.0014490834 0.02459191 0.00053939555
0.0020853111 0.024204267 0.00068778562
-0.0013155985 -0.02504582 0.0016103714
-0.00048217401 -0.025053145 0.00148332
0.00058197847 -0.025047287 0.0014971835
0.0013029113 -0.02504418 0.0015274996
-0.0021380144 -0.024237646 0.0014527031
-0.0015865649 -0.02454192 0.0015108327
-0.00098948553 -0.024910716 0.0016477294
0.0016225402 -0.024636395 0.0015067901
0.0022045826 -0.024280455 0.001464161
-0.0024187474 -0.023448922 0.0015317682
-0.0018426947 -0.023856612 0.0014141354
0.0019395472 -0.023841357 0.001684368
0.002479095 -0.023514869 0.0014636925
0.0030612217 -0.023064062 0.001187377
-0.0031554117 -0.022315901 0.0014829932
-0.002662787 -0.022598485 0.0014563551
0.0027587668 -0.022577018 0.0015180625
0.0032460049 -0.022418359 0.0015245738
-0.0034188963 -0.021480011 0.0014730013
-0.0028542713 -0.021764804 0.0014372851
0.0029311553 -0.021889677 0.0013079796
0.0034564249 -0.021468021 0.0015023032
0.0040234039 -0.021041846 0.0018487871
-0.0040823845 -0.020226749 0.0014813294
-0.0036490744 -0.020488586 0.0014660284
0.0036215957 -0.020603796 0.0014881718
0.0040951977 -0.020276489 0.0013500876
-0.0041419552 -0.019456346 0.0014626612
-0.0037182635 -0.019515626 0.0015114171
0.0037472695 -0.019578665 0.0015024486
0.0041935956 -0.019508578 0.0015131716
-0.017331814 -0.018263126 0.0014854617
-0.016611919 -0.018593801 0.0014653422
-0.01548664 -0.018548511 0.001537902
-0.014521264 -0.018324617 0.0014917629
-0.013654875 -0.018120522 0.0015042711
-0.0041584931 -0.01855812 0.0015139066
-0.0037040592 -0.018485393 0.0015548932
0.0037549788 -0.018473797 0.0014411282
0.0042620562 -0.0186124 0.0015241017
0.013768145 -0.018056873 0.0016038849
0.014492813 -0.018181946 0.0015038679
0.015486105 -0.018402956 0.0014675865
0.016523825 -0.01850979 0.0014832594
0.017248737 -0.018263174 0.0015018482
-0.018283244 -0.017315043 0.0015678199
-0.017620908 -0.017667277 0.0014722651
-0.013311241 -0.017861303 0.0014956046
-0.012530582 -0.017591778 0.0014695365
-0.011609279 -0.017231459 0.0015247784
-0.0040916298 -0.017764745 0.0015102712
-0.0036885692 -0.017466867 0.0014459059
0.0036770692 -0.017544826 0.0014971258
0.0040895198 -0.017549125 0.0014589265
0.011650879 -0.017165639 0.0014318009
0.012489679 -0.01745096 0.0014917682
0.013461227 -0.017802734 0.0014496238
0.014108643 -0.017952751 0.0017559808
0.017604243 -0.01763013 0.0014738085
0.018217463 -0.01728889 0.0015091621
-0.018470958 -0.016514422 0.0014744481
-0.017991345 -0.016400466 0.0015460225
-0.011354455 -0.016757317 0.0015267602
-0.010623203 -0.016446361 0.0014744488
-0.0099065583 -0.016079027 0.0015896037
-0.0040193889 -0.016977824 0.0010352337
-0.0035675457 -0.016482228 0.0014886535
-0.0029511349 -0.016202338 0.0017782878
0.003453749 -0.016499408 0.0014991185
0.010619503 -0.016386203 0.0014976981
0.011408975 -0.016739717 0.0014829847
0.017997338 -0.016966823 0.0014617811
0.018590882 -0.016565364 0.0015219328
-0.018316761 -0.015542756 0.0015685905
-0.017885556 -0.015274894 0.0015985606
-0.010295998 -0.015535396 0.001545675
-0.0096170362 -0.015406038 0.0014812108
-0.0034183534 -0.015520388 0.0014758776
-0.0029262931 -0.015520818 0.0012574762
0.0029291776 -0.01522843 0.001331215
0.0034165091 -0.015542438 0.0014169721
0.009637326 -0.015407609 0.0015023269
0.010357038 -0.015621752 0.0014877935
0.017993232 -0.015286137 0.0014720376
0.018373152 -0.015501798 0.0014858883
-0.018190483 -0.014536061 0.0015244671
-0.017802842 -0.014424136 0.0015098676
-0.0094422139 -0.014547259 0.0014454818
-0.0087139802 -0.014257116 0.0013882499
-0.0033197829 -0.014561876 0.001564265
-0.0027261714 -0.014367595 0.0015489678
0.0028364051 -0.014552487 0.0013240061
0.0033606363 -0.014457894 0.0014613124
0.0088710217 -0.014280354 0.0013571931
0.0094559658 -0.014627149 0.0015082109
0.010031187 -0.014930025 0.0016881869
0.017878382 -0.014339041 0.0013158895
0.018268801 -0.014505991 0.0014517156
-0.018126359 -0.013618637 0.0014915906
-0.017655293 -0.013441104 0.0015010904
-0.009119614 -0.013645048 0.0014570515
-0.0085608317 -0.013408018 0.001474402
-0.0079286378 -0.013089606 0.0015803607
-0.0050848816 -0.013016731 0.0013167828
-0.0043061064 -0.013163102 0.0013775196
-0.0034549912 -0.01343647 0.0015955918
-0.002848061 -0.013519441 0.0013364204
0.0028051997 -0.013700981 0.0015023024
0.0035019121 -0.013381716 0.001486357
0.004385076 -0.013132203 0.0013908329
0.0050400388 -0.013021085 0.0014537778
0.008463108 -0.013418461 0.0015045782
0.0092101479 -0.013619661 0.0015635985
0.017740134 -0.013387082 0.0014655323
0.018181033 -0.013645486 0.0014221227
-0.0180027 -0.01296615 0.0015333612
-0.017370773 -0.01250641 0.0014652769
-0.016874658 -0.012210792 0.0014785248
-0.0082717389 -0.012362678 0.0015123851
-0.0074345358 -0.012311368 0.0015657977
-0.0063508605 -0.012338597 0.0014504769
-0.0055188993 -0.012651289 0.0015017012
-0.0047433544 -0.012887228 0.0014592335
0.0047434969 -0.01287156 0.0016127982
0.0055512548 -0.012594398 0.0015200299
0.0064518587 -0.012268659 0.001407654
0.0076631657 -0.012438858 0.0014778025
0.0084312204 -0.012578177 0.0014107191
0.016881077 -0.012274032 0.001460631
0.017422186 -0.012545669 0.0015025309
0.01809318 -0.012914035 0.0015323805
-0.017134903 -0.011712363 0.0016159893
-0.01664288 -0.011433952 0.0014704091
-0.007513755 -0.011833601 0.0013647061
-0.0068332041 -0.011824697 0.0014438847
0.0067083002 -0.011830603 0.0015287603
0.0074244039 -0.01181243 0.0014796118
0.0080970787 -0.011869456 0.0012890147
0.0167096 -0.01138082 0.0015012879
0.017263357 -0.011723208 0.0014618506
-0.016282754 -0.010714186 0.0015027222
-0.015587751 -0.010305886 0.0014391444
-0.014804672 -0.010033145 0.0016125282
0.015700962 -0.010269828 0.0014954723
0.016338663 -0.010624052 0.0014927872
-0.015281362 -0.0098313056 0.0015537858
-0.014465217 -0.0094687827 0.0014831574
-0.013784039 -0.0091800364 0.0014768491
0.013880334 -0.0091582071 0.0013202963
0.014592585 -0.0094805062 0.0014914102
0.015312801 -0.0097472956 0.0014691291
-0.014052174 -0.0089221727 0.0013765658
-0.013403497 -0.0086963708 0.0015310197
-0.012567798 -0.008290601 0.001513831
-0.011939052 -0.0080881584 0.0017153868
0.011984963 -0.0080225244 0.0014853552
0.012709423 -0.0083212927 0.0014759247
0.013521484 -0.0086944317 0.0015616349
0.01415703 -0.0089021949 0.001512601
-0.012204861 -0.00772961 0.0015084415
-0.011657503 -0.0074869688 0.0014749316
0.011686033 -0.0074522183 0.0014639605
0.012288091 -0.0077246795 0.001457474
-0.012275266 -0.0064389808 0.0014629895
-0.01175623 -0.0068101459 0.001369408
0.011856376 -0.0066309404 0.0014297001
0.012303791 -0.0063770097 0.0014333123
-0.013133066 -0.0050954288 0.0013856606
-0.012644633 -0.0054832827 0.0014658326
0.011968794 -0.005972174 0.0018585143
0.012529537 -0.0054793959 0.0014899665
0.013051298 -0.0052030347 0.0017999242
-0.020085813 -0.004025944 0.0015057407
-0.019427154 -0.0040745139 0.0015249933
-0.018558014 -0.0040881536 0.0014957634
-0.017808236 -0.0040431344 0.0015379372
-0.013165152 -0.00443717 0.0014799567
-0.012755952 -0.004545426 0.0014825055
0.012781175 -0.0045955218 0.0014446153
0.013185189 -0.0044521624 0.0013692161
-0.022424862 -0.0032037154 0.0014261414
-0.021543985 -0.0035077427 0.0015186437
-0.020583309 -0.0038245004 0.0014643274
-0.019736461 -0.0039679715 0.0015317055
-0.018231152 -0.0039712144 0.0015938082
-0.017508818 -0.0038469045 0.0014493696
-0.016513973 -0.0036532823 0.0015844727
-0.015515868 -0.0034417892 0.0014673539
-0.014532229 -0.0032366407 0.0013001455
-0.013515708 -0.0033814609 0.0014714799
-0.012929455 -0.0037034997 0.0016019309
0.012863375 -0.0035873135 0.0013994224
0.013312574 -0.003404282 0.0014888877
0.014528299 -0.0031426705 0.0014418719
0.015532584 -0.0033468388 0.001432534
0.016502731 -0.0035544848 0.0016283323
0.017520092 -0.0037789592 0.0014681338
0.018514473 -0.0039340467 0.001524251
0.019502521 -0.003894021 0.0014732244
0.02054812 -0.0036630104 0.001453008
0.021496786 -0.0033578034 0.001483166
0.022300405 -0.0031241439 0.0014522924
-0.024262005 -0.0021894183 0.0014586382
-0.023475723 -0.0025298013 0.0014715914
-0.022758113 -0.0028614532 0.001444458
0.013402139 -0.0029591913 0.0015558946
0.014092053 -0.002948252 0.001520162
0.021790123 -0.0029988191 0.0019155587
0.022601239 -0.0027904904 0.0015233863
0.023511155 -0.0023290815 0.0015110135
0.02415473 -0.0021636938 0.0015944979
-0.025135124 -0.0014164693 0.0015106394
-0.024684694 -0.0015915994 0.0014860353
-0.023950139 -0.0019209809 0.0018168399
0.023844039 -0.0018699125 0.0014709339
0.024539439 -0.0015709781 0.0014651174
0.025097577 -0.0012918529 0.001576672
-0.025130816 -0.00050936738 0.0014337107
-0.024816282 -0.00049413642 0.0014963994
0.024834653 -0.0005236743 0.0015275145
0.025142817 -0.00049362495 0.0015818268
-0.025134359 0.00049256568 0.001467695
-0.024825562 0.000453135 0.0014813122
0.024836339 0.00050841161 0.0014840757
0.025122061 0.00048778224 0.001541817
-0.025159856 0.0012025994 0.0015454087
-0.024524778 0.0014956436 0.0015098436
-0.023779998 0.0018322092 0.0014653759
0.023872325 0.0018787262 0.00147376
0.024566036 0.0015811359 0.0015147962
0.025124291 0.0013238627 0.0015234732
-0.024148539 0.0020637726 0.001642256
-0.02337786 0.0023374343 0.0015096797
-0.022585033 0.0026688764 0.0014700427
-0.021890813 0.0028794634 0.0015221237
-0.01506856 0.0029888952 0.0011027495
-0.014399946 0.0029072841 0.0015516614
-0.01360299 0.0028529095 0.0014217817
0.013538307 0.0029341734 0.001421936
0.01419048 0.0029628656 0.0014051595
0.022594925 0.0027825765 0.0014876925
0.023437418 0.0024358658 0.0014621371
0.024231641 0.0020855069 0.0014932504
-0.02209973 0.003117857 0.0015463236
-0.021487184 0.0032204334 0.001475709
-0.020483471 0.0035575456 0.0015772462
-0.0195047 0.0037570845 0.0014814412
-0.018560374 0.0037766565 0.0015115028
-0.017490782 0.0035917212 0.0014925133
-0.01652872 0.0033919825 0.0014855266
-0.015479746 0.00318813 0.0014754301
-0.014546435 0.0030396229 0.0014277295
-0.013306547 0.0034413531 0.0014321887
-0.012803272 0.0037005064 0.0013402005
0.012873651 0.0035859705 0.0014306305
0.01333849 0.0033486586 0.0014354013
0.014624982 0.0031478691 0.0014702152
0.015549184 0.003357901 0.0014852816
0.016520848 0.0035647284 0.0014875592
0.017484177 0.0037800611 0.0015195041
0.018578356 0.0039364761 0.0014888979
0.019538177 0.0038858145 0.0015218053
0.020554213 0.0036652326 0.0015016542
0.021545621 0.0033407991 0.0015297463
0.022346064 0.0031121222 0.0014003678
-0.013152308 0.0044329907 0.0015445978
-0.012752355 0.004543209 0.001502546
0.012760486 0.0046090414 0.00154754
0.013195953 0.0043167458 0.0014356337
-0.013041845 0.005158253 0.0015639048
-0.012567584 0.0054903445 0.0014942914
-0.011936176 0.0059729447 0.0010507005
0.011951717 0.0059037758 0.0013463928
0.012468316 0.0054833246 0.00157951
0.01302221 0.0050664875 0.0019019479
-0.012256853 0.006406616 0.0014688759
-0.011778913 0.0066250674 0.001479206
0.011816476 0.0065416708 0.0014067898
0.012246513 0.0063476535 0.0015379122
-0.012373394 0.0077301827 0.0015282303
-0.011714289 0.0073234914 0.0014741262
0.011662719 0.0074443952 0.001525596
0.01221635 0.0078453925 0.0014174319
-0.014270063 0.0088840043 0.0015462515
-0.013474395 0.0085269138 0.0014979106
-0.012693315 0.0082505494 0.0013154935
0.012748695 0.008368182 0.0014715347
0.01337408 0.0086120814 0.0014481944
0.014143977 0.0088815112 0.0014651068
-0.016106555 0.0099921366 0.001924396
-0.015352953 0.0096826879 0.0014995346
-0.014553284 0.0092523033 0.001499952
-0.013997887 0.0091339201 0.0010775982
0.013861917 0.0091349659 0.0013722802
0.014601159 0.0095193367 0.0014249604
0.015274014 0.0098040001 0.0014639673
-0.016492965 0.010592696 0.0015127895
-0.015768643 0.010234973 0.0015381555
0.015734328 0.010353273 0.0014765173
0.016331565 0.010673503 0.001445835
-0.017284853 0.011551556 0.0014463769
-0.016797865 0.011424351 0.0014992033
-0.008182181 0.011821478 0.0014468457
-0.0074508768 0.011659947 0.0014414251
-0.0066619851 0.011777324 0.0014493304
0.0066480595 0.011756498 0.0015196012
0.0073951455 0.011703048 0.0015013337
0.0080866879 0.011914692 0.0015656617
0.016648484 0.011422446 0.0015070852
0.017213639 0.011647998 0.0014843922
-0.018068418 0.012846156 0.001480257
-0.017509194 0.012515223 0.0014985218
-0.016938478 0.012031242 0.0015724679
-0.0084579112 0.012620681 0.0015122695
-0.0076617743 0.012240625 0.0014879199
-0.006310551 0.012176909 0.001480325
-0.0054777651 0.012521454 0.0014490226
-0.0046050246 0.012812517 0.0015078794
-0.0039438312 0.012974171 0.0017254255
0.0045492155 0.012824212 0.001492967
0.0055306121 0.012455972 0.0014981804
0.0064666662 0.012158903 0.0015522951
0.0076444866 0.012443005 0.0015302686
0.0084302649 0.012571896 0.001329695
0.016917413 0.012338651 0.0013693884
0.017371563 0.012552306 0.0014984357
-0.018165221 0.013502258 0.0014663712
-0.017773286 0.013498116 0.0014395094
-0.0092733717 0.013538944 0.001536508
-0.0086419759 0.013591515 0.0015347484
-0.0043386188 0.013041439 0.0016185167
-0.0035105241 0.013290228 0.001513218
-0.0027760242 0.01342024 0.0014879756
0.0027195392 0.013574064 0.0014732538
0.003458045 0.013227215 0.0015290929
0.0043120924 0.013052137 0.0013866083
0.0079841819 0.013086972 0.0011339388
0.008475218 0.013498283 0.0014706319
0.0092325537 0.013765934 0.0014698451
0.017675836 0.013421426 0.0015105447
0.018137697 0.01367745 0.0014837749
-0.018272383 0.014553798 0.0014794723
-0.017909901 0.014418061 0.001543773
-0.010093448 0.014806813 0.0015374633
-0.0094838748 0.014469668 0.0014730714
-0.0088430941 0.014045514 0.0013581114
-0.0033437181 0.014474823 0.00148488
-0.002817844 0.014381344 0.001394183
0.0028369823 0.014705631 0.001512947
0.0032988351 0.014514565 0.0015588378
0.0088554882 0.014344985 0.0014604874
0.0095658218 0.014589873 0.001480917
0.010046978 0.014974589 0.0016119508
0.017845599 0.014418986 0.0014298609
0.018217228 0.014555365 0.001437599
-0.018467916 0.015541922 0.0015071835
-0.010457845 0.01562135 0.0014823998
-0.0098004639 0.015450605 0.0013155225
-0.0035211039 0.015478311 0.0015357325
-0.0029391469 0.015317668 0.0015701767
0.0029102385 0.015491718 0.0014464692
0.0033982475 0.015480085 0.0015066244
0.0096338158 0.015413341 0.001494706
0.010343879 0.015638182 0.0014156951
0.017892124 0.015364261 0.0013746716
0.01830752 0.015502786 0.0014230455
-0.018522305 0.016548857 0.0014929773
-0.012177473 0.016914854 0.0016944618
-0.011444663 0.016610596 0.0014920371
-0.010686283 0.016330052 0.0014546599
-0.0040716962 0.016675295 0.0013345639
-0.0036804869 0.016451303 0.001513014
0.0029554493 0.016099166 0.0013890013
0.0033970252 0.016522808 0.0014325568
0.0099282842 0.016036231 0.0014265311
0.01056838 0.01632846 0.0014777998
0.011413791 0.016748812 0.001508405
0.017914671 0.016844088 0.0016645791
0.018406086 0.016517073 0.001525689
-0.018179156 0.01723467 0.0015305497
-0.017643115 0.017539732 0.0014779373
-0.016970269 0.017921031 0.0013163078
-0.014312787 0.017917071 0.00144804
-0.013517922 0.017685389 0.0014727386
-0.012572686 0.017318122 0.0014751205
-0.011806794 0.017099673 0.0015496977
-0.0041740378 0.017603545 0.0014177226
-0.0037182395 0.017495692 0.001487914
0.0035409662 0.017408682 0.0014259012
0.0041186959 0.017940573 0.0012847391
0.011616481 0.017151939 0.0014852342
0.012492891 0.017456962 0.0014663441
0.013449708 0.0177933 0.0014390924
0.014135184 0.017962966 0.0014530069
0.016952353 0.017960984 0.0013348261
0.017593231 0.017590187 0.0015581972
0.018219352 0.017198106 0.0014420007
-0.01720327 0.018212928 0.0015256965
-0.016511368 0.018341793 0.0015028098
-0.015551833 0.018249784 0.0014958767
-0.014676059 0.018093094 0.0015571179
-0.0042269495 0.018528881 0.0014578392
-0.0037619744 0.018476468 0.0014966372
0.0036618642 0.018495902 0.0014762031
0.004138669 0.018527526 0.001452503
0.013771882 0.018063618 0.0016760521
0.014509437 0.018186796 0.0014588175
0.015504164 0.018402552 0.001475287
0.01652495 0.018459558 0.0014962516
0.017241655 0.018189689 0.0015887297
-0.0042066141 0.019575102 0.0014490569
-0.0037272703 0.019521186 0.0015303928
0.0035934283 0.019551657 0.0015100748
0.0040984075 0.019515062 0.0014048476
-0.0041143135 0.020335445 0.0014121037
-0.0036217212 0.020528842 0.0014828442
0.0035072581 0.020538205 0.0015012142
0.004040523 0.02019446 0.0014006996
-0.0040253121 0.021029707 0.0013901242
-0.0034788144 0.02146451 0.0015000105
-0.0029168397 0.021821454 0.0013940501
0.0028476757 0.021688823 0.0015354233
0.0033381651 0.021412956 0.0014918854
-0.0032442578 0.022373985 0.0015012348
-0.0026965658 0.022527508 0.0014801
0.0026171687 0.022530682 0.0014984065
0.0031399138 0.022221534 0.0014908477
-0.0030260331 0.02318285 0.0015053868
-0.0024879631 0.023483299 0.0015083255
-0.0018883776 0.023859888 0.0013311047
0.0018278896 0.023697846 0.0015082478
0.0023233069 0.02341708 0.0014678007
-0.0021512688 0.02424779 0.0015440609
-0.0015286242 0.024637368 0.0014954366
-0.00049938494 0.024881272 0.0014674524
0.0004854259 0.024882199 0.0014863957
0.0014694054 0.024554743 0.0015112943
0.0020209593 0.024188247 0.0015944509
-0.0013211594 -0.025037704 0.0024545421
-0.00048035418 -0.025033988 0.0025416827
0.00046700277 -0.025031984 0.002508163
0.0013028727 -0.025030406 0.0024698817
-0.0021219519 -0.024277443 0.002381155
-0.0015658176 -0.024547746 0.0025149784
0.0016309886 -0.024596345 0.0024393226
0.0021668104 -0.024301916 0.0025528399
-0.0023912466 -0.023490267 0.0025165486
-0.0018520012 -0.02377335 0.0023995221
0.0018806993 -0.023927914 0.0025299671
0.0024498403 -0.023513589 0.0024994202
0.0030548912 -0.023098171 0.0024271663
-0.0031755681 -0.022276854 0.0025500422
-0.0027040346 -0.022549365 0.0024667471
0.0027743098 -0.02258973 0.0024862946
0.0032398801 -0.022287427 0.0025123337
-0.0033714203 -0.021479251 0.0024578595
-0.0028910597 -0.021688752 0.0024631666
0.0028996123 -0.021858124 0.0024053017
0.0034618555 -0.021474987 0.0025295916
-0.0040387888 -0.020363575 0.0021336467
-0.0036355816 -0.020570451 0.0025042638
0.003652229 -0.020546481 0.0025258672
0.0040900018 -0.020386415 0.0023918629
-0.0041501946 -0.019524587 0.0025355141
-0.003735126 -0.019559693 0.0025083027
0.0037355705 -0.019573739 0.0024836331
0.0041861329 -0.019506494 0.0024786105
-0.017273331 -0.018253185 0.002454601
-0.016533207 -0.018587474 0.0025149584
-0.015499348 -0.018535029 0.0024706046
-0.014453785 -0.018285878 0.0024940218
-0.013647046 -0.018116709 0.0023705275
-0.0041459789 -0.018557306 0.0024345461
-0.0037445177 -0.018578952 0.0025723111
0.0037236945 -0.01852701 0.0024700675
0.0042411145 -0.01855682 0.0025336233
0.013785091 -0.018058732 0.0023818931
0.014538187 -0.018174959 0.0025029941
0.015488923 -0.018389184 0.0024808547
0.016528476 -0.018485535 0.0024798205
0.017225716 -0.018282171 0.0025005718
-0.018260116 -0.017243292 0.0025204304
-0.017659947 -0.017660847 0.0025072603
-0.013349999 -0.01785739 0.0025157947
-0.012500308 -0.01755544 0.002475084
-0.011649378 -0.017215626 0.0024839239
-0.0041276915 -0.017777726 0.0024817344
-0.0036783945 -0.017480344 0.0024769558
0.0036731944 -0.017594216 0.0025522935
0.0041360767 -0.017553957 0.0022885252
0.011707219 -0.017170463 0.00247718
0.012500407 -0.017441493 0.002462083
0.013423327 -0.017796256 0.0025183703
0.014114492 -0.017960532 0.0023896825
0.017660165 -0.01763537 0.0024748021
0.018232794 -0.017258162 0.0025310921
-0.018482339 -0.016478835 0.0024963275
-0.011391862 -0.016756469 0.0025075164
-0.0106243 -0.016414516 0.0025179295
-0.009924395 -0.016088322 0.0024752531
-0.0036008502 -0.016530724 0.0024552809
0.003490479 -0.016482731 0.0024681434
0.0040452769 -0.016752958 0.002807983
0.010609879 -0.01634611 0.0025239503
0.011392418 -0.016730737 0.0025252562
0.012017557 -0.0169478 0.0023870505
0.018560061 -0.016507452 0.0024606758
0.019058455 -0.016611787 0.0024982686
-0.018307682 -0.015522475 0.0025002589
-0.017877897 -0.015367027 0.0024039117
-0.010248829 -0.015521905 0.0025101847
-0.0096517354 -0.015406926 0.0025158103
-0.0034570149 -0.015527361 0.0025617208
-0.0028834294 -0.015499895 0.0024475013
0.0029299143 -0.015193916 0.0025403486
0.0034587749 -0.015594213 0.0025357809
0.0097121289 -0.015475786 0.0025238593
0.010492115 -0.015701486 0.0025687465
0.017938828 -0.01537812 0.0028369389
0.018382754 -0.015484221 0.0024991999
-0.018211374 -0.014549398 0.0024344218
-0.017858261 -0.014452615 0.0025438624
-0.010014133 -0.014961324 0.0025928821
-0.0094892997 -0.014560356 0.0024434726
-0.0088210152 -0.014410962 0.0025479661
-0.0032786778 -0.014580281 0.0025836732
-0.0027822305 -0.014462638 0.0025365949
0.0028770203 -0.014465677 0.002421808
0.0032843589 -0.014572926 0.002398558
0.0088850735 -0.014246858 0.0023850142
0.0093893604 -0.014601832 0.0025276633
0.010039527 -0.014851182 0.0028100493
0.017894039 -0.014326458 0.0024136712
0.018242434 -0.014521062 0.0024392768
-0.018085549 -0.013704758 0.0025218001
-0.017646629 -0.013412246 0.0024855407
-0.0091746952 -0.013750609 0.0026447473
-0.0085704485 -0.013506363 0.0024286793
-0.0050873416 -0.013017833 0.0024217884
-0.0044393772 -0.013126081 0.0025294572
-0.0034865853 -0.013403418 0.0024965256
-0.0028128054 -0.01366821 0.0025795163
0.0027820014 -0.01365218 0.0024680779
0.0034981861 -0.013318376 0.0024796221
0.0042939191 -0.013134762 0.0025335394
0.008529163 -0.01355392 0.0025013166
0.0092411675 -0.013639942 0.0024816764
0.017736739 -0.013495263 0.0024902094
0.018181063 -0.013751717 0.0024678321
-0.017365916 -0.012533749 0.0024972267
-0.016899249 -0.012317373 0.0026255792
-0.0083658518 -0.012530449 0.0025026863
-0.0075234938 -0.012386098 0.0023992951
-0.0064537008 -0.012284519 0.0024670544
-0.0056188363 -0.012622349 0.0024735641
-0.0047693863 -0.01288107 0.0024210971
0.0047419425 -0.012867073 0.0023982113
0.0054887594 -0.012624071 0.0025593131
0.006424441 -0.012225209 0.0024380819
0.007742248 -0.012480589 0.0024965915
0.0083408486 -0.012659157 0.00254554
0.016858637 -0.012150805 0.0024853114
0.017458839 -0.012520107 0.0025033928
-0.017164623 -0.011750177 0.0024238839
-0.016640564 -0.011393875 0.0024805674
-0.0080555808 -0.011971741 0.0022980575
-0.0074652061 -0.011779085 0.0024093119
-0.0068062227 -0.011881743 0.0024928038
0.006590276 -0.011886541 0.0024254695
0.007343566 -0.011769014 0.0024692637
0.0081236539 -0.011892471 0.002393675
0.016698942 -0.011395749 0.0024984633
0.017219184 -0.011767724 0.0024581817
-0.016335225 -0.010708779 0.0024997406
-0.015635183 -0.010312048 0.0025062494
0.015685789 -0.010239835 0.0024316572
0.01637773 -0.01065362 0.0025081879
-0.015250534 -0.0098335007 0.0025851803
-0.014453232 -0.0094171939 0.0024779569
-0.013829032 -0.0092206104 0.002561033
0.013790305 -0.009137637 0.0024893072
0.014539482 -0.0094489958 0.0025188248
0.015291464 -0.0097851148 0.0025168248
-0.014101315 -0.0089563932 0.0025619904
-0.013500818 -0.0087770186 0.0024625447
-0.012657782 -0.008278681 0.0025275839
-0.011952867 -0.0080893598 0.0026428893
0.012698846 -0.0082750749 0.0025202027
0.013471912 -0.0087272143 0.0024957333
0.014013913 -0.0088049136 0.002680873
-0.012111163 -0.0075375992 0.0024789015
-0.011666206 -0.0075091361 0.0024738938
0.01167536 -0.0074578822 0.0024161921
0.012174992 -0.007716646 0.0024283899
-0.012333932 -0.0063473955 0.0025250879
-0.01182068 -0.0067235013 0.0023732253
0.011823706 -0.0067131775 0.0024472834
0.012283227 -0.0063711978 0.0024602131
-0.013040585 -0.0052276608 0.0023542137
-0.012587382 -0.005511499 0.0024741853
0.012505181 -0.0055288798 0.0025027478
-0.020096846 -0.0040370319 0.0024990095
-0.019432753 -0.0040723933 0.0025064037
-0.018572856 -0.0040724501 0.0024699846
-0.017854545 -0.0040268563 0.0026490488
-0.013174665 -0.0044796029 0.0024945457
-0.012765926 -0.0045834319 0.002544478
0.012694796 -0.0046188324 0.0025414373
0.013128552 -0.0044190814 0.0024578089
-0.023017 -0.0030277406 0.0029728292
-0.022406142 -0.003181719 0.0024933452
-0.021525687 -0.0035126263 0.002478319
-0.020503333 -0.0038383002 0.0024995443
-0.019705452 -0.0039602146 0.002359156
-0.018182455 -0.003948797 0.0024333363
-0.017496232 -0.0038565635 0.0024635047
-0.016438654 -0.0036281804 0.0025455717
-0.01543948 -0.0033911967 0.0025231945
-0.014508774 -0.0031990153 0.0025624591
-0.013429103 -0.003431706 0.0024713918
-0.012936267 -0.0036719071 0.0024861067
0.012877388 -0.0037653216 0.002477482
0.013409354 -0.0033704019 0.0024505099
0.014510655 -0.0031546433 0.0024279149
0.015471922 -0.0033499333 0.0024969785
0.016461594 -0.0035321936 0.0025684112
0.017481649 -0.0037515212 0.0024946346
0.018519385 -0.003918597 0.0025305415
0.019530943 -0.0038703273 0.0024608437
0.020476142 -0.0036754061 0.0024936576
0.021405796 -0.0033572491 0.0025275114
0.022210315 -0.0031094239 0.0024830045
-0.024216132 -0.0021761756 0.0024551537
-0.023471989 -0.0025380715 0.0024757967
-0.02276683 -0.0028280367 0.0024545521
-0.013901386 -0.002998238 0.0027175329
0.013586152 -0.0029444098 0.0025194334
0.014032595 -0.0029713963 0.0028025855
0.021922585 -0.002989958 0.0025210953
0.022631712 -0.0027431031 0.002496114
0.023523297 -0.0023389931 0.0025424799
0.024209812 -0.0020728714 0.0022543899
-0.025151623 -0.0013904618 0.0025265112
-0.024683487 -0.0016059278 0.0025371725
0.023827998 -0.0018812774 0.0024818219
0.024554159 -0.0015406609 0.0025143914
0.025113719 -0.0012878178 0.0025591913
-0.02515688 -0.00047926969 0.0024980248
-0.024833832 -0.00050658756 0.0025243645
0.02482572 -0.00055561459 0.0025104838
0.025147725 -0.00045939381 0.0024334539
-0.025156373 0.00054950599 0.0025178168
-0.024846872 0.00048893539 0.0025516378
0.02482087 0.00050291151 0.0024837109
0.025129605 0.00050300488 0.0024731343
-0.025181942 0.0011921196 0.0024598527
-0.024483236 0.0015458032 0.0025255012
-0.023830669 0.0018258792 0.0025104806
0.023848187 0.0018996475 0.0025021243
0.0245324 0.0015973984 0.0025028491
0.025162248 0.0013060744 0.0024569277
-0.024103194 0.0020854014 0.0023473992
-0.023456356 0.0022971542 0.0025045401
-0.022572082 0.0027030746 0.0024993455
-0.021847278 0.0029065812 0.0024649035
-0.014478927 0.0029316428 0.0025480904
-0.013664317 0.002861114 0.0024313559
0.012974132 0.0028780831 0.0023366152
0.013545392 0.0029475815 0.0023907409
0.01401049 0.0029602088 0.0025933911
0.022723604 0.0027458323 0.0024848245
0.023511879 0.0023783774 0.002497847
0.024205046 0.0021100903 0.0025485747
-0.022219241 0.0030654178 0.0024716749
-0.021531602 0.0032453511 0.0025292342
-0.020552786 0.0035331857 0.0024954765
-0.01948473 0.0037699062 0.0024820168
-0.018528679 0.0037880482 0.002543587
-0.017488936 0.003609115 0.0025393902
-0.01647036 0.0033948664 0.0025102017
-0.015532392 0.0031939091 0.0024467132
-0.014652289 0.0030769727 0.0024799441
-0.013358069 0.0033618924 0.0025294872
-0.012894473 0.0036712345 0.0025848097
0.012880674 0.0036090978 0.0025267447
0.013424582 0.0033150215 0.0025205226
0.014505256 0.0031718751 0.0025062582
0.015535345 0.003372041 0.0024926066
0.016508352 0.0035703264 0.002505814
0.017507412 0.003789929 0.0025490883
0.018531829 0.003957401 0.0024922183
0.019516278 0.0039050432 0.0024931396
0.020476615 0.003702553 0.0025039169
0.02147202 0.0033624729 0.0025050484
0.022274047 0.0031043726 0.002445224
-0.013188297 0.004278454 0.0024560865
-0.012758941 0.0046282359 0.0025401739
0.012667428 0.0046260273 0.0025551943
0.01307815 0.0042413753 0.0024439648
0.018216852 0.0040033069 0.0021544565
-0.013011958 0.0053941431 0.0021315496
-0.012569971 0.0056054797 0.0024962055
0.011942882 0.0058122743 0.0025926256
0.012498198 0.0055685812 0.0025237731
0.013081403 0.0050267829 0.0023519557
-0.012278507 0.0063714287 0.0024941363
-0.011780842 0.0066637769 0.0025411211
0.011807326 0.0065933708 0.002495518
0.01223682 0.0063059963 0.0025172364
-0.013016593 0.0079920189 0.0028167409
-0.01233578 0.0077528055 0.0025537813
-0.011669714 0.0072902329 0.0024378912
0.011664819 0.0074206069 0.0024673943
0.012252666 0.0078256363 0.0024547449
-0.014205471 0.0088707116 0.0025147956
-0.013449259 0.0085254805 0.0025036098
-0.01268483 0.0081400443 0.0023555171
0.012729487 0.0083672469 0.0024799353
0.013420513 0.0086927107 0.0024967075
-0.015424031 0.0097180745 0.0025026775
-0.014600938 0.0092867399 0.0024976423
-0.013858151 0.0091269091 0.0020399047
0.013803773 0.0091197332 0.002464382
0.014571792 0.0095386719 0.0024363906
0.015238469 0.009814431 0.0024544855
-0.016415199 0.010545019 0.0024464303
-0.015726898 0.010256102 0.0024480068
0.015672348 0.010340105 0.0024336996
0.016329596 0.010710506 0.002528118
-0.017221935 0.011516925 0.0025433623
-0.016776787 0.011448385 0.0025008409
-0.008157176 0.011796623 0.0025797666
-0.0073623862 0.011694542 0.0025021762
-0.0066180676 0.011800237 0.0024384044
0.0067005442 0.011813998 0.0025047278
0.0074129798 0.011712248 0.0024683401
0.0080291713 0.011876521 0.0023398816
0.016690094 0.011466798 0.002502712
0.017207507 0.011725617 0.0024853812
-0.018188061 0.012975411 0.002356871
-0.017516803 0.012466527 0.0025206348
-0.0084959827 0.012593827 0.002465324
-0.007735135 0.012328479 0.0026627185
-0.0064191585 0.012187745 0.0025348673
-0.0055123884 0.012492892 0.0024426619
-0.0045986865 0.012861894 0.0024194769
-0.003919289 0.012980651 0.0021566038
0.0039378214 0.012974797 0.002509811
0.0045715584 0.012821842 0.0024606616
0.0054751784 0.012510243 0.0024758556
0.0063173282 0.012193589 0.0024854592
0.0076827421 0.012522019 0.0025932919
0.008354459 0.012648178 0.0025650614
0.01688063 0.012324847 0.002377263
0.017351801 0.012524338 0.0024843088
-0.018246859 0.013615715 0.0024526268
-0.017833443 0.013529368 0.0025163584
-0.0093255471 0.013683754 0.0025137658
-0.008584219 0.013384968 0.0024685476
-0.0043145162 0.013060658 0.0024686258
-0.0034646634 0.013341896 0.0025369239
-0.0028110039 0.013567752 0.0026035586
0.0027134013 0.013509398 0.002514808
0.0034100919 0.013237809 0.0024770624
0.0043216874 0.013046334 0.0024844869
0.0079683159 0.013050905 0.002275934
0.0084859077 0.013492741 0.0025504027
0.009187473 0.013728825 0.0023490745
0.017672038 0.013501164 0.0024647964
0.018090766 0.013711116 0.0026498463
-0.018292787 0.014539291 0.002474993
-0.017875982 0.014397096 0.0025297026
-0.010200468 0.014881212 0.0023529616
-0.009488144 0.014492692 0.0025236947
-0.0089107826 0.014182385 0.0023788975
-0.0034269036 0.01449103 0.0026079956
-0.0028601477 0.014453392 0.002492144
0.0027167723 0.014507083 0.002437012
0.0032012085 0.014523949 0.0025111989
0.0088341571 0.014304671 0.0024113606
0.0094839334 0.014632319 0.0025029371
0.017793184 0.014457232 0.002531264
0.018172977 0.014562047 0.0024742624
-0.01846827 0.015464433 0.002470155
-0.01798214 0.01507472 0.0026377812
-0.010473068 0.015638892 0.0025355008
-0.0097835474 0.015456816 0.0024055368
-0.0034729177 0.015372367 0.0025096154
-0.0029617641 0.015166422 0.0027157888
0.0028714593 0.015284117 0.0024464715
0.0032778913 0.015573386 0.0024654556
0.0096227024 0.015459891 0.0025012798
0.010346228 0.015593501 0.0024984744
0.017910114 0.015249476 0.0025054228
0.018309478 0.015528006 0.0024153716
-0.019019907 0.016519789 0.002256324
-0.018536881 0.016556874 0.002468189
-0.017910406 0.016975559 0.0024506014
-0.012133301 0.016915727 0.0026604028
-0.011482517 0.016651204 0.0024888986
-0.010587577 0.016249249 0.0025255943
-0.004070689 0.016727876 0.002452153
-0.0036669257 0.016436312 0.0024312274
0.0029709488 0.016168185 0.0027918816
0.0034316182 0.016527526 0.0024556613
0.009976849 0.016084805 0.0028705995
0.010584793 0.016333479 0.0024802198
0.011364172 0.016741078 0.0024711483
0.017947128 0.016406927 0.0027357135
0.018407553 0.016539942 0.0025123479
-0.018238392 0.017255174 0.0026043567
-0.017608298 0.017598713 0.0024824305
-0.016952405 0.017964263 0.002381363
-0.014328856 0.017905615 0.002484442
-0.01354498 0.017719593 0.0024436286
-0.012579187 0.017322958 0.0024918243
-0.011831669 0.01708558 0.0025365439
-0.0041666417 0.017573105 0.0024205586
-0.0037153414 0.017415345 0.0025237422
0.0035395839 0.017502181 0.0025058668
0.004052707 0.017486367 0.0023611975
0.011662804 0.017164731 0.0024662535
0.012506567 0.01744841 0.002459669
0.013436163 0.017827399 0.0025151237
0.014115011 0.017969269 0.0025302758
0.016937196 0.017915398 0.0025754115
0.017625161 0.017541213 0.0025107269
0.018217092 0.017198671 0.0024074535
-0.01718593 0.018241582 0.0025148643
-0.016495297 0.018355776 0.0024742829
-0.015463215 0.018247191 0.0024971177
-0.01462871 0.018095579 0.0025894092
-0.0042466735 0.018535394 0.0024774778
-0.0038321945 0.018448718 0.0025637394
0.0036894723 0.018493788 0.0025713395
0.0041393111 0.018414229 0.0023148137
0.013801441 0.018074194 0.0024553358
0.014558428 0.018199952 0.0025000488
0.015492328 0.018415513 0.0024899002
0.016519368 0.018457403 0.0024941959
0.017245669 0.018157192 0.0025699416
-0.0042345971 0.019496782 0.0024415276
-0.0037576775 0.019576589 0.0025241023
0.0036286234 0.019533068 0.0025290239
0.0041273865 0.019462081 0.0024267223
-0.0041115615 0.020418528 0.0024700025
-0.0036446711 0.020518536 0.0025167996
0.0035356823 0.02055786 0.0025199519
-0.0034689675 0.021422505 0.0024699662
-0.0029566672 0.021719664 0.0023962648
0.0028405837 0.021695284 0.0024255197
0.003332987 0.021402851 0.0025124955
-0.0032160264 0.022348225 0.0025761374
-0.002760622 0.022504652 0.0024414291
0.002599926 0.02256522 0.0025338437
0.0031459678 0.022247877 0.0025500639
-0.0030626704 0.02308392 0.002480207
-0.0024476082 0.023426212 0.0024895126
-0.0018789489 0.023830254 0.0024024181
0.0018248231 0.023716059 0.0024499982
0.0023536624 0.023403544 0.0024879603
-0.0022085076 0.024247324 0.0025289166
-0.0015397143 0.024629287 0.0024793858
-0.00045369077 0.024897158 0.0025056973
0.00045089773 0.024898734 0.0024608066
0.0014427518 0.02457512 0.002500105
0.0021028279 0.024090281 0.002368331
-0.0012911347 -0.025022004 0.0034847423
-0.00049607066 -0.025022954 0.0034697852
0.000510121 -0.025018647 0.0034500551
0.0013143152 -0.02501622 0.0033888137
-0.0021398882 -0.024272455 0.0035428905
-0.0015749783 -0.024547929 0.0034812221
-0.00083090644 -0.024995714 0.0038423659
0.00066005543 -0.02499174 0.0038110849
0.0016106786 -0.024650989 0.0035281132
0.0021739113 -0.024282385 0.0035767332
-0.0023983549 -0.023501551 0.0034965547
-0.001898553 -0.023734152 0.0034151748
0.001876788 -0.023907499 0.0034421242
0.0024475376 -0.023490017 0.0034899164
0.0030153967 -0.023083765 0.0036055495
-0.0032014137 -0.022260046 0.003574606
-0.0026859073 -0.022566507 0.0034907539
0.0027117755 -0.022575932 0.0034660681
0.0032292623 -0.022329204 0.0035642199
-0.0034240021 -0.021509102 0.0034557944
-0.002896532 -0.021660006 0.003349792
0.0029514898 -0.021773888 0.0034239527
0.0034545409 -0.021469219 0.0035015366
-0.0040602372 -0.02015827 0.0035587638
-0.0036525661 -0.020507948 0.0035420854
0.0035875391 -0.020560011 0.0035122212
0.0040622596 -0.020517537 0.0034964865
-0.0041272631 -0.019443404 0.0034235173
-0.0036962191 -0.019531395 0.0035358262
0.0037421372 -0.019486874 0.0034994804
0.0042328755 -0.019448875 0.0035309289
-0.017261259 -0.018281532 0.0035305703
-0.016570995 -0.018574808 0.0035175001
-0.015497213 -0.018514792 0.0034897327
-0.014526578 -0.018290905 0.0034943072
-0.013703751 -0.018098904 0.0034287507
-0.0041621039 -0.018448187 0.0034560221
-0.0037102124 -0.01856618 0.0035378141
0.003731099 -0.018518114 0.0034613579
0.0042117415 -0.018591311 0.0035766622
0.01381544 -0.018046582 0.003513627
0.014542532 -0.018182851 0.003541088
0.015493561 -0.018378695 0.0034799254
0.016543631 -0.01845696 0.0034825862
0.017219031 -0.018309368 0.0035201609
-0.018237859 -0.01730971 0.0035047671
-0.017698931 -0.017623357 0.0034817765
-0.013398767 -0.017861214 0.0034236948
-0.012535089 -0.017563598 0.0034981619
-0.011618544 -0.017184693 0.0035618583
-0.0040533212 -0.01761655 0.0034551935
-0.0037124008 -0.017471688 0.0035438279
0.0036222467 -0.017521782 0.0035891146
0.0041393521 -0.017503778 0.0032440471
0.011757189 -0.01719139 0.0035182401
0.012506902 -0.017437689 0.0034668487
0.013462916 -0.017806666 0.0034644986
0.014158359 -0.017951529 0.0033100226
0.017643357 -0.017619714 0.0035192871
0.018235689 -0.017224921 0.0034707191
-0.018518245 -0.016545808 0.0035116342
-0.011442942 -0.016784979 0.0035177094
-0.010676749 -0.016421378 0.0034919088
-0.0099714287 -0.016079806 0.0034198998
-0.0035732533 -0.016449312 0.0034431119
0.0034753766 -0.016510336 0.0035813097
0.0040473784 -0.016752187 0.0038754912
0.010563903 -0.016311673 0.0035615184
0.011400221 -0.0167861 0.0035088763
0.012055743 -0.016955227 0.0036854371
0.0179906 -0.016977288 0.0039105946
0.018555878 -0.016496103 0.0034475636
-0.018324396 -0.015549828 0.0034112118
-0.017922325 -0.015224379 0.0032683359
-0.010276319 -0.015507441 0.0035083222
-0.0096358582 -0.015433247 0.003489529
-0.0034167808 -0.015472814 0.0035771632
-0.0029167521 -0.015309078 0.0036397059
0.0029207652 -0.015203002 0.003517291
0.003322385 -0.015588185 0.003469656
0.0097042909 -0.015413244 0.0034667153
0.010343381 -0.015619276 0.0035192247
0.017926781 -0.015252508 0.0035471935
0.018397246 -0.015445292 0.0035081753
-0.018223904 -0.014566903 0.0034698257
-0.017808953 -0.01441472 0.0034663156
-0.0095467279 -0.0144632 0.0035467667
-0.0087607028 -0.014283516 0.0034288105
-0.0033016149 -0.014442894 0.0035891247
-0.0028062938 -0.014460756 0.0034538135
0.0028340383 -0.014392853 0.0034155282
0.0032796266 -0.014479377 0.0036018628
0.0088566579 -0.014187692 0.003553478
0.0093935393 -0.014590306 0.0034891856
0.010073428 -0.014879678 0.003397136
0.017847922 -0.01440892 0.0035039596
0.018228754 -0.014518167 0.0035406305
-0.018095903 -0.013695925 0.0035405457
-0.017679056 -0.013413096 0.0035726407
-0.0091642905 -0.013736016 0.0035614667
-0.0085682347 -0.013306307 0.0035164193
-0.005088042 -0.013005495 0.0034991894
-0.0043324265 -0.013152194 0.0035539228
-0.0034613323 -0.013399496 0.0035110407
-0.0028003503 -0.01363468 0.0035066935
0.0028250543 -0.013572035 0.0034065326
0.0035119809 -0.013364905 0.0034893316
0.0043228134 -0.013132283 0.003440473
0.0084887929 -0.01347998 0.0034274613
0.0092772767 -0.01371517 0.0035707019
0.017762149 -0.013515747 0.003531483
0.018207749 -0.013662419 0.0034394627
-0.017383937 -0.012485003 0.0034532766
-0.016850259 -0.012148623 0.003643173
-0.008426141 -0.012571104 0.0034179152
-0.0074615814 -0.012330848 0.0034615055
-0.0063944599 -0.012291488 0.0035288071
-0.0054871626 -0.012684296 0.0035239714
-0.0047567319 -0.012865992 0.0036072426
0.0046899077 -0.012836644 0.0035382912
0.0054817745 -0.012622461 0.0035086528
0.0064476789 -0.012204004 0.0035825532
0.0077734976 -0.012519648 0.0034595579
0.0083717061 -0.012737182 0.003458662
0.016950183 -0.012288384 0.0033145857
0.017408542 -0.012554992 0.0034893022
-0.017163685 -0.011658102 0.003474599
-0.016684828 -0.011377242 0.0034781415
-0.0080616977 -0.011977533 0.0036257841
-0.007486234 -0.011807536 0.0034776996
-0.0068074814 -0.011868278 0.0035300343
0.0067093018 -0.011826982 0.0034988201
0.0074364035 -0.011772211 0.0034589649
0.0080861505 -0.011888294 0.0034874517
0.016668689 -0.011410813 0.003511732
0.017216641 -0.011686635 0.003459166
-0.016355036 -0.010695629 0.0035146752
-0.015713539 -0.010298036 0.0035313864
0.015637297 -0.010215295 0.0034873569
0.016364152 -0.010681071 0.0035431408
-0.015255051 -0.0098443888 0.0035242182
-0.014553509 -0.0094581619 0.0034508719
-0.013739403 -0.0091226818 0.0035581933
0.013788533 -0.0091101155 0.0034112772
0.014509736 -0.0094306776 0.0034943069
0.015289138 -0.0098033445 0.003432068
-0.014032806 -0.0089758225 0.0035086162
-0.013446194 -0.0086855059 0.0035034406
-0.012643069 -0.0082630804 0.0035836401
0.012690715 -0.0082933623 0.0035077431
0.013467992 -0.0087009603 0.0035899433
0.014133457 -0.0088750385 0.0035026686
-0.012127952 -0.0077594654 0.0034883604
-0.011692605 -0.0074250968 0.0035036188
0.011616165 -0.0075271404 0.0035150182
0.012191856 -0.0076001859 0.0035289689
-0.012290151 -0.0064774118 0.0035299358
-0.011803551 -0.0067809657 0.0034028841
0.011778315 -0.0066788611 0.0035534669
0.012233422 -0.0063766837 0.0034742455
-0.013104921 -0.0051391823 0.003706678
-0.012620548 -0.0055361963 0.0035023626
0.011987596 -0.0058483779 0.0036820129
0.01244856 -0.0055354987 0.0035512443
-0.02002749 -0.0040167784 0.0037447147
-0.01939925 -0.0040575694 0.0035045531
-0.018622084 -0.0040601366 0.0034890031
-0.017949682 -0.0040576579 0.0032038786
-0.013162008 -0.0044833315 0.003562218
-0.012738122 -0.0046758652 0.003481911
0.012718234 -0.0045655556 0.0034988956
0.013141148 -0.0044625294 0.0033368608
-0.022406729 -0.0031818999 0.0035171243
-0.02151362 -0.003510745 0.0034638327
-0.020519419 -0.003825001 0.0034752118
-0.019812575 -0.0039369939 0.0034699147
-0.018244792 -0.0039537577 0.0036743977
-0.01747895 -0.0038304913 0.003476318
-0.016486503 -0.0036139309 0.0035068262
-0.015546231 -0.0034089161 0.0035368144
-0.014579874 -0.0031638781 0.003602142
-0.013442008 -0.0034130812 0.0034694991
-0.012916709 -0.0038782791 0.003393356
0.012860178 -0.0036008381 0.0035158307
0.013390634 -0.0034098583 0.0035246571
0.014622395 -0.0031486554 0.0035222482
0.015563683 -0.0033517634 0.0034865921
0.016477466 -0.0035401608 0.0035257835
0.01753456 -0.0037591355 0.0034726965
0.018452762 -0.0039051657 0.003465683
0.019474236 -0.0038546582 0.0034926664
0.020543331 -0.0036232211 0.0035107564
0.021483002 -0.0033094632 0.0035084474
0.022260932 -0.003085912 0.0035119222
-0.024175202 -0.0022025839 0.0035017051
-0.023473965 -0.0025636749 0.0035005722
-0.022707179 -0.0028307831 0.0034952832
-0.013927202 -0.0029801726 0.0036421912
0.013550458 -0.0029426794 0.0035604821
0.014176717 -0.0029603499 0.0031953366
0.02185843 -0.0029718066 0.0035426447
0.022605451 -0.0027477611 0.0035005561
0.023472834 -0.0023154921 0.00351459
0.024136296 -0.0020540555 0.0035427725
-0.02514066 -0.0013924482 0.0034812242
-0.024661195 -0.0016207806 0.0035515118
-0.0239724 -0.0019705519 0.003631409
0.02381859 -0.0018753986 0.0036448117
0.024575843 -0.0015283232 0.0035116272
0.025156813 -0.001294989 0.0033713968
-0.025150398 -0.00049516099 0.0035516245
-0.024849579 -0.00053518242 0.0035215507
0.024808062 -0.00045790864 0.0034956757
0.025126331 -0.00056946976 0.0034422411
-0.025157787 0.00048500771 0.0035132621
-0.024858261 0.00046661787 0.0034960525
0.02482721 0.00052034005 0.0035188172
0.025129721 0.00050492981 0.0034493832
-0.025150362 0.0012041429 0.0034984474
-0.024518989 0.0015264699 0.0034890079
-0.023753267 0.0018503778 0.0035102183
0.023854246 0.0019180803 0.0034727573
0.024562199 0.0015771643 0.0035340583
0.025094584 0.0012790508 0.0033847971
-0.024178347 0.0020913021 0.0034957661
-0.023449572 0.0022961337 0.0035339613
-0.022588516 0.0027587251 0.0035125869
-0.0218409 0.0029322552 0.0033511892
-0.014401681 0.0029038312 0.0036669036
-0.013652196 0.0028819528 0.0034573653
0.012967849 0.0029535727 0.0034564473
0.013397839 0.0029463193 0.0035527742
0.014121702 0.0029988342 0.003318283
0.022668047 0.0027542042 0.0034699899
0.023464656 0.0023990695 0.0035290036
0.024168065 0.0021272616 0.0034991747
-0.022148853 0.003092604 0.003399743
-0.021551419 0.0032497833 0.0034720297
-0.020500824 0.0035914923 0.003439836
-0.019482704 0.0037922161 0.003483658
-0.018487733 0.0037958743 0.0035214021
-0.017516948 0.0036102927 0.0035107476
-0.016516784 0.0033956235 0.0035130023
-0.015507746 0.0031827006 0.0035042481
-0.014671572 0.0030676334 0.0033913818
-0.013352722 0.0034437859 0.0035299701
-0.01293625 0.0038136614 0.0035013016
0.012839429 0.0035140237 0.0034401757
0.013490568 0.0032593184 0.0035600921
0.014577785 0.0031878876 0.0034568494
0.01546099 0.0033863834 0.0035640071
0.016504653 0.0036057672 0.0035855679
0.017488277 0.0038222154 0.0034889583
0.018473728 0.0039627389 0.0034204258
0.019536916 0.0039080661 0.003473337
0.020515459 0.0036910656 0.003471524
0.021537412 0.0033417852 0.0035571966
0.022292677 0.0031178191 0.0034474044
-0.013174572 0.0044282288 0.0035621745
-0.012722176 0.004618559 0.0034825215
0.01267495 0.0045723189 0.0035344216
0.013153008 0.0043741083 0.0033477843
0.018535014 0.0040088738 0.0036639245
0.019075006 0.0040067364 0.0031500477
-0.013054252 0.0051088883 0.0035934821
-0.012617012 0.0055241259 0.0035006318
0.011961515 0.0058749192 0.0035179539
0.012393272 0.005495382 0.0035243214
-0.012287801 0.0064456584 0.0035476079
-0.011848208 0.006619744 0.0035265826
0.01176514 0.0066699581 0.0034461319
0.012242202 0.006328315 0.0034849455
-0.012354857 0.0077299359 0.0035452093
-0.011695236 0.0073324665 0.0034909057
0.011588369 0.0074925832 0.0034861185
0.012245133 0.0077677281 0.0036208134
-0.014173892 0.008813641 0.0034268957
-0.013429042 0.0084625818 0.0034987838
-0.012792314 0.0083401324 0.0034410164
0.011878374 0.0080304071 0.0034508971
0.012655514 0.008395697 0.0034443557
0.01335903 0.0087011438 0.0035449164
0.014144555 0.0089553026 0.0031836627
-0.01610386 0.0099745123 0.0032842648
-0.015422595 0.009702635 0.0035109092
-0.014686103 0.0093596857 0.0034755094
-0.013890302 0.0090576597 0.0032222457
0.013765064 0.0091345431 0.00335084
0.014500792 0.009516811 0.0034930489
0.015290478 0.0098662842 0.0033911588
-0.017151129 0.010914218 0.0038276901
-0.016417937 0.010565782 0.0035045499
-0.015788417 0.010274596 0.0034697589
0.015685054 0.010393447 0.0035302371
0.016289894 0.010715242 0.0035502585
-0.017206123 0.011552029 0.0034884042
-0.016749829 0.011315547 0.0034857672
-0.0081512667 0.011798133 0.0035842811
-0.0074303215 0.011699934 0.0035599759
-0.0066709141 0.011828531 0.0034926548
0.0065899352 0.011804126 0.0034201534
0.0073664039 0.011710747 0.0035176016
0.0080619929 0.011919186 0.0035930788
0.01599957 0.011042112 0.0034157557
0.016629288 0.011420901 0.0034764269
0.017191773 0.011749065 0.0034419282
-0.018049009 0.012697166 0.0037800288
-0.017584281 0.012522448 0.0035359997
-0.016886197 0.012144247 0.0034400534
-0.0085229222 0.012575703 0.0033993039
-0.0076939766 0.012465249 0.0036085157
-0.0064451569 0.012221102 0.0035584643
-0.005452774 0.012574398 0.0034635912
-0.0045452467 0.012860802 0.0034990718
-0.0039521563 0.012993723 0.0032320069
0.0038832221 0.012998262 0.0032943771
0.0045988625 0.012799949 0.0035251267
0.0055208653 0.012480622 0.0034692041
0.0063677728 0.012202139 0.0035050004
0.0076457588 0.012478177 0.0034985698
0.0083120149 0.012565672 0.0034833227
0.016857056 0.012239915 0.003433367
0.017330969 0.012579676 0.0034789897
-0.018181739 0.01344955 0.0035352064
-0.017762555 0.013476516 0.0034737855
-0.0092918733 0.013620404 0.0035101613
-0.0086084194 0.013409072 0.0035756505
-0.0043041902 0.013101252 0.0034628713
-0.0034361298 0.013322839 0.0035221858
-0.0028605245 0.013476992 0.0034617106
0.0027051403 0.013495009 0.003547709
0.0034656795 0.0132367 0.0035376444
0.0043351571 0.013071751 0.0033132038
0.0079236226 0.013066159 0.0033644536
0.0084288437 0.013437585 0.0034891055
0.00925171 0.01382459 0.0035398253
0.017651189 0.013483287 0.0035418312
0.018111642 0.013654186 0.0035070179
-0.018299729 0.014500659 0.0034145666
-0.017940462 0.014329714 0.003551434
-0.010119568 0.014809224 0.0034757289
-0.009642466 0.014517236 0.003475304
-0.0088977367 0.014171845 0.0035148454
-0.0034178901 0.014526142 0.0036052871
-0.0028892646 0.014320946 0.0034599572
0.0027185653 0.014442215 0.0034934592
0.0032411336 0.014620246 0.0034095629
0.0087846611 0.014245139 0.0036081255
0.0093931817 0.014529773 0.0035224392
0.01002782 0.014971787 0.0032093071
0.017808702 0.014483213 0.0035361985
0.018175337 0.014612095 0.0034359095
-0.018479727 0.015491447 0.0034601903
-0.010433814 0.015614377 0.0035018434
-0.0097212782 0.015336528 0.0035216075
-0.0035508329 0.015548772 0.0034996795
0.0028825637 0.015430658 0.003354125
0.0032213239 0.015512786 0.0036017851
0.0096216826 0.015436211 0.0035113839
0.010272954 0.015581836 0.0034364434
0.017903805 0.015341784 0.0034536833
0.018285047 0.015565598 0.0035316229
-0.01909136 0.016410861 0.0034718423
-0.018548865 0.016504491 0.0035062602
-0.01799823 0.01688996 0.0037623625
-0.012155199 0.01692228 0.0034766987
-0.011418545 0.016598297 0.0035308173
-0.01074368 0.016287696 0.0034018045
-0.0040348666 0.016755011 0.0033783731
-0.0035833344 0.016415481 0.0035193057
0.0029087083 0.016248122 0.0036446201
0.0033331134 0.016517522 0.0034666937
0.0099689234 0.016071143 0.0038867048
0.010551402 0.016359368 0.0035581109
0.011341529 0.016766567 0.0035230566
0.017945258 0.016680466 0.0035998274
0.01840077 0.01654391 0.0035157225
-0.018258369 0.017243212 0.0036069883
-0.017613001 0.017578918 0.0034769687
-0.014305332 0.017905733 0.0035339282
-0.013547012 0.017717218 0.0034615865
-0.012557575 0.017326254 0.0035196864
-0.011735232 0.01708487 0.0034612471
-0.0041652778 0.017549204 0.0034405582
-0.0037736993 0.017350534 0.0035258518
0.0035511027 0.017491193 0.0035545856
0.0040921867 0.017633894 0.0037412595
0.011644939 0.017183919 0.0035323631
0.012485011 0.017481195 0.0034642552
0.013481215 0.017845416 0.0034316145
0.014108875 0.017978817 0.0034474365
0.016983505 0.017988648 0.0033460015
0.017585935 0.017563727 0.0035147551
0.018184455 0.017243469 0.0035185204
-0.017280282 0.01821471 0.0035735404
-0.016538881 0.01837801 0.003486177
-0.015539567 0.018269913 0.0034894624
-0.014659944 0.018120809 0.0035469078
-0.0042630662 0.018460384 0.0034664096
-0.0038152421 0.018487889 0.003524658
0.0036348135 0.0184808 0.0035141979
0.0041473033 0.01850576 0.0033487168
0.013682292 0.018064044 0.0034987896
0.01451817 0.018218331 0.0034733084
0.015477051 0.018439075 0.0035481052
0.016536128 0.018471874 0.0034777923
0.017193457 0.018186571 0.0036413707
-0.0042719985 0.019450884 0.0034558242
-0.0037460187 0.019572958 0.0035269519
0.0036110382 0.019571848 0.0035334658
0.0041405801 0.019446962 0.0034253453
-0.0041106092 0.02032656 0.0035319536
-0.0037138783 0.020565975 0.0035319419
0.0034832475 0.020516347 0.0035102633
0.0040172404 0.020160843 0.0039681597
-0.0040374594 0.021076474 0.0032026246
-0.0034822871 0.021476824 0.0034747489
-0.0029431679 0.021807894 0.0034101051
0.0028465132 0.021641368 0.003434536
0.0033030685 0.021485541 0.0035166168
-0.0032435367 0.022403575 0.003580302
-0.0027489192 0.022522321 0.0035032895
0.0025976377 0.022516878 0.0034803755
0.0030964641 0.022276435 0.0034938215
-0.0030274019 0.023012467 0.0036392845
-0.0024514606 0.02350539 0.0034486377
-0.0019206721 0.023854742 0.0034758197
0.0018180053 0.023726918 0.0034494835
0.0023477629 0.023385992 0.0035051797
-0.0022078163 0.024242029 0.0035486012
-0.0015275032 0.02469866 0.0034956348
-0.00049105415 0.024912527 0.0034792162
0.00050652318 0.024910139 0.0035079364
0.0014585055 0.024518365 0.0034839518
0.0020355752 0.024241168 0.0033965087
-0.0012245269 -0.025016028 0.0044171768
-0.00047133389 -0.025012726 0.004375963
0.0004770394 -0.025010731 0.0043626423
0.0012807131 -0.025008377 0.0044181771
-0.002096782 -0.024278294 0.00462711
-0.0015871591 -0.024598209 0.0044994564
-0.00052780058 -0.024871165 0.004732559
0.00048907578 -0.024908669 0.004620228
0.0015205102 -0.024669824 0.0045286105
0.0021621767 -0.024205349 0.0044961818
-0.0023777755 -0.0234956 0.0045062462
-0.0016986314 -0.023643674 0.0047354847
-0.00049587351 -0.023587542 0.0049109985
0.0004009977 -0.023428408 0.0049493527
0.0017242851 -0.023796486 0.0045519616
0.0024807667 -0.023491595 0.0045413924
-0.0031430533 -0.022366188 0.0045039011
-0.0026808949 -0.022549184 0.0045082429
-0.001489692 -0.022362439 0.0049229935
-0.00048356259 -0.022440888 0.0049083321
0.00053436967 -0.022532875 0.0049664536
0.0015294672 -0.022577854 0.0049203192
0.0026872098 -0.022606129 0.0044821976
0.0031914818 -0.022392884 0.0045093414
-0.0034322718 -0.021437552 0.0045068595
-0.0026726949 -0.021614507 0.0047332104
-0.0014886184 -0.021409906 0.004931808
-0.00040296814 -0.021346267 0.0048974133
0.00042949809 -0.021554518 0.0049463036
0.0014627071 -0.021459179 0.0049303202
0.0027911486 -0.021722876 0.0046938797
0.0033809021 -0.021439075 0.0045210035
-0.0040704431 -0.020194069 0.0045838817
-0.003627046 -0.020508204 0.004567313
-0.0025100482 -0.020555619 0.0049082092
-0.0014784344 -0.020423086 0.004927909
-0.00042273017 -0.02055827 0.0049203518
0.00038437374 -0.020502364 0.0049285954
0.0014995814 -0.020446356 0.0049185599
0.0026743885 -0.02054872 0.00492483
0.0036031993 -0.020515872 0.0045003658
0.0040997807 -0.020346694 0.0044298498
-0.004132634 -0.019493295 0.0044684839
-0.0036554807 -0.019500775 0.0046083545
-0.0024941673 -0.019515125 0.0049150474
-0.0014112777 -0.019473333 0.0049018892
-0.00039846872 -0.019563997 0.0049205516
0.00051014154 -0.019637208 0.0049473788
0.0014297138 -0.019376855 0.0049316338
0.0025540413 -0.019561658 0.004924383
0.0037362475 -0.019520406 0.0044979984
0.0041892081 -0.019476585 0.0045245988
-0.017329101 -0.018212421 0.0044734068
-0.016569957 -0.018516116 0.004536116
-0.015497471 -0.018453609 0.0045592771
-0.014505961 -0.018249791 0.0044818181
-0.013707657 -0.018089529 0.0044322312
-0.0041587972 -0.01860969 0.0044210013
-0.0036735211 -0.018632872 0.0046250992
-0.0025152226 -0.018479431 0.0048922016
-0.0014441566 -0.018522631 0.0049083191
-0.000371047 -0.018555181 0.0048953635
0.00045515349 -0.018569903 0.0049344278
0.0015370881 -0.018363034 0.0049031652
0.0025038931 -0.018503685 0.0049101068
0.0036354552 -0.018537628 0.0045172423
0.0041664629 -0.018516487 0.0044805654
0.013857823 -0.018044883 0.0042539891
0.014533902 -0.018161392 0.0044985996
0.015506155 -0.018356694 0.0045238873
0.016517457 -0.018454961 0.0045149922
0.017271992 -0.018181469 0.0044548684
-0.01828607 -0.017237926 0.0044981167
-0.017586444 -0.017576844 0.0045879059
-0.016451061 -0.017529864 0.0048211147
-0.015555254 -0.017437721 0.0048278142
-0.014496 -0.017495863 0.0048253196
-0.013456629 -0.017688064 0.0046095909
-0.01256919 -0.017471634 0.0045486242
-0.011751212 -0.017194442 0.0044630175
-0.0040982035 -0.017656663 0.0045903693
-0.0036538257 -0.017491581 0.0045728181
-0.0024995606 -0.017456338 0.0048850854
-0.0013928281 -0.017596532 0.0048907427
-0.00034466721 -0.01763775 0.0049008504
0.00054371497 -0.01748557 0.0049321121
0.0014967109 -0.017470859 0.0048903208
0.0025365199 -0.017429475 0.0048932843
0.0035836129 -0.01749027 0.0046198014
0.0040953392 -0.017472344 0.0044035194
0.01170766 -0.017145121 0.004579532
0.012549398 -0.0174341 0.0044667926
0.013421898 -0.017787831 0.0045308727
0.014233354 -0.017888358 0.0046418826
0.015547689 -0.017347485 0.0049546808
0.016818615 -0.017722238 0.0046672206
0.017614486 -0.017591119 0.0044961907
0.01823161 -0.017232966 0.0045350306
-0.018475611 -0.016478606 0.0044810423
-0.017508226 -0.016537923 0.0048181978
-0.01644418 -0.016490001 0.0048086345
-0.015526789 -0.01646376 0.0048321811
-0.014532798 -0.016503591 0.0048571625
-0.013597484 -0.01648958 0.0048436564
-0.012536951 -0.016489308 0.0048324391
-0.011475532 -0.016612044 0.0045965533
-0.010617545 -0.016361779 0.0044352389
-0.0099289995 -0.016015869 0.0044525005
-0.0040314277 -0.016841939 0.004306044
-0.0035626651 -0.016480397 0.0044680727
-0.0025033231 -0.016524877 0.0048658317
-0.0013143985 -0.016626721 0.0048807161
-0.00041201946 -0.016657773 0.0048701093
0.00056468142 -0.016554775 0.0049019894
0.0015507523 -0.01655128 0.0048902878
0.0025841736 -0.01649626 0.0048838165
0.0034145785 -0.016430384 0.0045643412
0.01062357 -0.016362652 0.0044964561
0.011388074 -0.016695699 0.0044769417
0.01216008 -0.016514175 0.004882744
0.013541145 -0.016537771 0.0049467525
0.014806197 -0.016476285 0.0049079312
0.015722152 -0.016425919 0.0049343789
0.017362893 -0.016288219 0.0049540121
0.018501189 -0.016524944 0.0044183577
0.019072471 -0.016605292 0.0049280021
-0.018381897 -0.01552494 0.0044438415
-0.017587375 -0.015514048 0.0047527892
-0.016442845 -0.015476392 0.0047877738
-0.015509179 -0.01547245 0.0048080669
-0.014496023 -0.015480255 0.0048512788
-0.0135523 -0.015493911 0.0048395293
-0.012469842 -0.015525712 0.0048390278
-0.01151669 -0.015488998 0.0048376862
-0.010476028 -0.015535682 0.0046441415
-0.0096497582 -0.015431839 0.0044965735
-0.0034297719 -0.015519379 0.0044931117
-0.0025149435 -0.015570807 0.0047771796
-0.0013191049 -0.015658839 0.0048684739
-0.00044142251 -0.01547017 0.0048658601
0.00055364351 -0.015505083 0.00490413
0.0014404228 -0.01553047 0.0048691351
0.0026709568 -0.015397116 0.0047349981
0.0032991357 -0.01555636 0.0046037529
0.0097362762 -0.015484297 0.0044382908
0.010384167 -0.015668783 0.0046292758
0.011477951 -0.01538025 0.0049254508
0.012307705 -0.015553828 0.004909799
0.013472669 -0.015436011 0.0049405126
0.014793675 -0.015455605 0.0048932824
0.015606371 -0.015441841 0.0049298899
0.016163286 -0.015285604 0.0049450416
0.017793162 -0.015192635 0.0047439854
0.018397421 -0.015526285 0.0045446227
-0.018220782 -0.014529067 0.0043836846
-0.017654793 -0.014491803 0.0046878066
-0.016394528 -0.014501025 0.0048006629
-0.015531545 -0.014430634 0.0048017972
-0.014473591 -0.014555625 0.0048242351
-0.013486628 -0.014475322 0.0048139836
-0.012481496 -0.014522176 0.0048238165
-0.011506177 -0.014480739 0.0048193121
-0.01043663 -0.014480938 0.0048375288
-0.0096404599 -0.014563454 0.0045428593
-0.0088250535 -0.014365729 0.0044976692
-0.0032477647 -0.014519027 0.0045082136
-0.0024917193 -0.014569715 0.0047534192
-0.0013897725 -0.014548006 0.0048774597
-0.00042076231 -0.014388989 0.0048790327
0.00043107936 -0.014370346 0.0049109617
0.0013268031 -0.014503594 0.0048734737
0.0026807408 -0.014475261 0.0045709363
0.0032346782 -0.014520938 0.0045575127
0.0088533703 -0.014178035 0.0045881043
0.0093964608 -0.014638069 0.0045261867
0.010226256 -0.014661727 0.0047982656
0.011477903 -0.014550115 0.0049287281
0.012467129 -0.014383545 0.0049235085
0.013584025 -0.014401361 0.0049402178
0.014781835 -0.014439587 0.0048784981
0.015674006 -0.014431232 0.0049163778
0.01644006 -0.01433423 0.0049630487
0.017797818 -0.01435241 0.0046648206
0.018214125 -0.014480259 0.0045175157
-0.018109834 -0.013738759 0.0045137415
-0.017590063 -0.013513965 0.004628601
-0.016454462 -0.013486828 0.0047839358
-0.015534768 -0.013480862 0.004791209
-0.014460402 -0.013512957 0.0048112134
-0.01349921 -0.013467303 0.0048113065
-0.012434122 -0.013525081 0.0048079672
-0.011473402 -0.013526421 0.0048085097
-0.01049322 -0.013476599 0.004817442
-0.0093697123 -0.013636525 0.0047028097
-0.0086547825 -0.013384973 0.0045425203
-0.0079830578 -0.013101521 0.0041778353
-0.0043926006 -0.013111295 0.004450826
-0.0034503127 -0.013423348 0.0045381794
-0.0025117635 -0.013553149 0.0046780561
-0.0013373428 -0.013485928 0.0048733726
-0.00043004725 -0.013442519 0.0048675952
0.00045872209 -0.013418751 0.0048959488
0.0013856323 -0.013539705 0.0048724082
0.002603302 -0.013548875 0.0045734155
0.003503009 -0.013317937 0.0045738597
0.0042799492 -0.013113534 0.004547664
0.0085225692 -0.013505446 0.0044551315
0.0092479289 -0.013726765 0.0045934925
0.010317357 -0.013493422 0.0049243784
0.011531297 -0.013580769 0.0049256431
0.012414674 -0.013397123 0.0049113971
0.013435801 -0.013604119 0.0049277404
0.014472956 -0.013317324 0.0049369978
0.015528547 -0.013436422 0.0049300594
0.016301317 -0.013421495 0.0049151927
0.017718496 -0.013439673 0.0045125457
0.018123275 -0.013498613 0.0044052931
-0.017409217 -0.012541701 0.0044832695
-0.016509857 -0.012437876 0.0047722259
-0.015473781 -0.012466333 0.0047609201
-0.014474352 -0.012480785 0.0047860797
-0.013463976 -0.012492021 0.0048066406
-0.01245442 -0.012509837 0.0048040464
-0.011448489 -0.012489337 0.0048043653
-0.01056844 -0.012470254 0.0048243226
-0.0095499717 -0.012541976 0.004846354
-0.008536336 -0.012519451 0.0046268082
-0.0076619633 -0.012339719 0.004563292
-0.006480224 -0.012249288 0.004473649
-0.0054735993 -0.012579386 0.0045893928
-0.0046018073 -0.012597132 0.0047301147
-0.0034518237 -0.012461863 0.0048379018
-0.0023826458 -0.012533187 0.0048432485
-0.0013324034 -0.012538577 0.0048622661
-0.00042789377 -0.012422145 0.0048467615
0.00041714933 -0.012547003 0.0049046464
0.0013888362 -0.012549802 0.0048606447
0.0024019254 -0.012458502 0.0049032052
0.0034657088 -0.012508745 0.0048800721
0.0046223295 -0.012792967 0.0045654001
0.005486913 -0.012534688 0.0045865001
0.0063472628 -0.012199535 0.0045184786
0.0077270246 -0.012428542 0.0045908079
0.0084168604 -0.01265494 0.0045490875
0.0092522325 -0.012504976 0.0048741749
0.010275183 -0.012505247 0.0048998198
0.01144727 -0.012598112 0.0048962152
0.012420065 -0.012440411 0.0049031707
0.013627133 -0.012649023 0.0049202801
0.014384722 -0.012473819 0.0049350234
0.015607936 -0.012358741 0.0049442565
0.016572665 -0.012331733 0.0047782855
0.017433563 -0.012541069 0.004460596
-0.017187212 -0.01168472 0.0044685411
-0.016555136 -0.011436118 0.0045653149
-0.015523945 -0.011424948 0.0047382172
-0.014433566 -0.011448396 0.0047893426
-0.013414164 -0.0115274 0.0047824797
-0.012408902 -0.011553254 0.0047959592
-0.011545711 -0.011471108 0.0047933385
-0.010491746 -0.011530994 0.0048180046
-0.0094895512 -0.011515154 0.0048418283
-0.008548025 -0.011530343 0.0047835903
-0.0074824989 -0.011619041 0.0046469392
-0.006603173 -0.011614881 0.0046454999
-0.0055367677 -0.011453882 0.0048384583
-0.0045444719 -0.01141 0.0048565879
-0.0034604238 -0.011412325 0.0048347535
-0.0023052373 -0.011550742 0.0048378631
-0.0013524768 -0.011508524 0.0048643132
-0.00050273706 -0.011463884 0.004823904
0.00044420175 -0.011565707 0.0049010622
0.0013910091 -0.011499598 0.0048597855
0.002423729 -0.011456969 0.0048920061
0.0035421045 -0.01150168 0.0048693987
0.0046702852 -0.011552024 0.0048826034
0.0054435153 -0.011456843 0.0048643919
0.0065736012 -0.01169231 0.0046716183
0.0074205324 -0.01169032 0.0045548109
0.0084499447 -0.011745071 0.0047376677
0.0093570305 -0.011372969 0.0048457277
0.010321449 -0.011486905 0.0048945108
0.011380806 -0.011572894 0.0048899925
0.012312661 -0.011590709 0.0048818379
0.013536219 -0.011638781 0.0049156062
0.014240807 -0.011349474 0.0049165795
0.015672537 -0.011455337 0.0049420958
0.016649602 -0.011398179 0.0045019966
0.017163839 -0.011698679 0.004517497
-0.016322041 -0.010718092 0.0045673056
-0.015547947 -0.01037018 0.0046097655
-0.014513397 -0.010481588 0.0047736727
-0.013424521 -0.010526902 0.004774401
-0.012464016 -0.010560621 0.0047762068
-0.011525744 -0.010537138 0.0047788345
-0.010539981 -0.010533186 0.004786266
-0.0095539149 -0.010587825 0.0048162243
-0.0085721239 -0.010433577 0.0047748336
-0.0074824574 -0.010533976 0.0048116874
-0.006552672 -0.010505089 0.004813794
-0.0055115209 -0.010491641 0.004806669
-0.0045413189 -0.010455079 0.0048471312
-0.0034358094 -0.010557485 0.0048179436
-0.0022878665 -0.010596836 0.0048289257
-0.0014469345 -0.010402336 0.0048207906
-0.00048623016 -0.010465112 0.0048411442
0.00047225785 -0.010432464 0.0048952792
0.0014129522 -0.010448737 0.0048465477
0.0024099583 -0.01054713 0.0048795249
0.0035092232 -0.010448878 0.004844659
0.0046010562 -0.010493234 0.0048609069
0.0054405411 -0.0105246 0.0048749852
0.0063997069 -0.010579322 0.004889396
0.0076300986 -0.010411195 0.0048937132
0.0087118726 -0.010562452 0.0048748204
0.009349687 -0.010403375 0.0048472309
0.01032479 -0.010424089 0.0048913676
0.011483327 -0.010556303 0.004881809
0.012363919 -0.010596086 0.0049005859
0.013513645 -0.01058228 0.0049124854
0.014318163 -0.010511038 0.0048996056
0.015617094 -0.01025111 0.0045869937
0.016281808 -0.010695864 0.0045494614
-0.015191987 -0.0097467499 0.0045028073
-0.01448546 -0.0095142843 0.0045502456
-0.013535358 -0.009435785 0.0047194702
-0.012515334 -0.0095460694 0.0047559445
-0.011520674 -0.0095056547 0.0047450652
-0.010583359 -0.009508973 0.0047764992
-0.0095391907 -0.0095850751 0.0047825407
-0.008608534 -0.0094117159 0.0047941878
-0.0074196141 -0.0095373299 0.0048038722
-0.0064865146 -0.0094958534 0.004793935
-0.0055252188 -0.0095429495 0.0048281113
-0.0045533674 -0.0095338039 0.0048411284
-0.0034166686 -0.0095560513 0.0048251366
-0.002373938 -0.009552977 0.0048495326
-0.0014792631 -0.0094254455 0.0048194597
-0.00044258364 -0.0094294855 0.0048105526
0.00040861711 -0.0094399508 0.0048939041
0.0014509147 -0.0094868476 0.0048360154
0.0024218722 -0.0094542932 0.0048561599
0.0036476944 -0.0094705522 0.004846619
0.0045499052 -0.0096106119 0.0048750588
0.0054062968 -0.0095197493 0.0048521156
0.0064769159 -0.0095837954 0.0048866156
0.0076814755 -0.0094574429 0.0048737093
0.0086655216 -0.0095559126 0.0048917476
0.0095303655 -0.0094246715 0.0048661199
0.010516734 -0.0094593382 0.0049019093
0.011560199 -0.0093905972 0.0048914328
0.012239931 -0.0095878849 0.0048763538
0.013623155 -0.0093337512 0.0047250562
0.014497139 -0.009447447 0.0045694746
0.015406172 -0.0097938264 0.0044327183
-0.014121095 -0.0089504691 0.0043907636
-0.013390037 -0.0086756041 0.0045378585
-0.012582956 -0.0084363855 0.0045939116
-0.011576679 -0.0085021695 0.0047548367
-0.010514252 -0.0084804175 0.0047725486
-0.0094256569 -0.0084686661 0.0047780713
-0.0085312305 -0.0085436376 0.0047596907
-0.0074512921 -0.0084835412 0.0047963755
-0.0065007997 -0.0084448969 0.0047785486
-0.0055283899 -0.0084902225 0.004794721
-0.0044658436 -0.0084779775 0.0048651267
-0.0034394867 -0.0084562562 0.004856152
-0.0023097999 -0.0085041532 0.0048375069
-0.0014332652 -0.0084230937 0.0048233317
-0.00044221061 -0.008505268 0.0048081684
0.00028194362 -0.0084583834 0.0048659495
0.0013777186 -0.0085237054 0.0048392387
0.0024413378 -0.008489552 0.0048560984
0.0036000754 -0.008514991 0.0048196288
0.0045160083 -0.008546452 0.0048702769
0.0053701438 -0.0085616251 0.0048430255
0.00638426 -0.008663917 0.0048534917
0.0075337011 -0.0084757572 0.0048886491
0.0085920151 -0.0084821694 0.0048796544
0.0094082514 -0.0084442077 0.0049108351
0.010398971 -0.0084519768 0.0048621353
0.011558354 -0.0082597882 0.0048686541
0.012661982 -0.0083822776 0.0044956487
0.013441147 -0.0087009314 0.0046089562
0.014159948 -0.008942835 0.0044149514
-0.012331962 -0.0078511946 0.0043405322
-0.011577341 -0.0074976073 0.0046289163
-0.010472525 -0.0074579958 0.0047787847
-0.0094315633 -0.0075025237 0.0048003318
-0.0085250493 -0.0074693458 0.0047450666
-0.0074247629 -0.0074312184 0.0047728876
-0.0065344754 -0.0074830046 0.0047887322
-0.0055256812 -0.0074363351 0.0048047816
-0.0045342445 -0.0074368846 0.0048286757
-0.003418244 -0.0074749817 0.0048085963
-0.0023108793 -0.0074851112 0.0048186705
-0.0014685066 -0.0075110612 0.0048322002
-0.00054546457 -0.007563272 0.0047827279
0.00033749954 -0.0075003253 0.0048840274
0.0014721954 -0.0075153331 0.0048139091
0.0025047613 -0.0075681629 0.004792301
0.0034413766 -0.0075651444 0.0048477533
0.0043644686 -0.0073682871 0.0048582326
0.0053566596 -0.0075318585 0.004861854
0.0064829546 -0.0075459331 0.0048404126
0.0075350949 -0.0074540791 0.0048946743
0.0084260507 -0.0075518023 0.0048671039
0.0093151843 -0.0074203885 0.0048653493
0.01041545 -0.0075050583 0.0048753493
0.011674952 -0.0075250845 0.0045620333
0.012271096 -0.0078348648 0.004679299
-0.012324722 -0.0064674225 0.0044522812
-0.011564007 -0.006534684 0.0047049131
-0.010495763 -0.0064716223 0.0047520655
-0.0095391776 -0.0064521725 0.004792179
-0.0085866936 -0.0064163087 0.0047648628
-0.0074989707 -0.0064970106 0.0047848113
-0.0065314174 -0.0065139015 0.0047349404
-0.0056010033 -0.0065321205 0.0047994251
-0.0045756754 -0.0065267314 0.0048037264
-0.0034665458 -0.0064929952 0.0047994815
-0.0023177073 -0.0065268199 0.0048225857
-0.0014431183 -0.0065594087 0.0048113884
-0.00047872547 -0.0064677196 0.0047840727
0.00038918975 -0.0065543936 0.0048740963
0.0014929677 -0.0064801928 0.0048199585
0.0025696973 -0.0064980364 0.0048439307
0.0036060894 -0.0064295521 0.004844767
0.0043640127 -0.0063702762 0.0048290687
0.0053740651 -0.0065419897 0.0048488532
0.006580831 -0.0064075324 0.0048300535
0.0076285317 -0.0064736009 0.0048520947
0.0085366974 -0.0066037914 0.0048705176
0.0093687344 -0.006560741 0.0048544537
0.010567886 -0.0064991936 0.0048617315
0.01169687 -0.0066971653 0.0046109571
0.012251216 -0.0063016089 0.0045196759
-0.013053727 -0.0050932956 0.0046642926
-0.012594918 -0.0055084391 0.004537289
-0.011481065 -0.0054959934 0.0047339112
-0.010470335 -0.0054697036 0.0047271838
-0.0095256083 -0.0053965361 0.004781812
-0.0085677262 -0.0054634246 0.004773933
-0.0074652708 -0.005504583 0.0047638346
-0.0065547107 -0.0055174665 0.0047561764
-0.0055667427 -0.005603109 0.0047576237
-0.0045924117 -0.0055123782 0.0047857887
-0.0033816851 -0.0055574598 0.0047805579
-0.0023422847 -0.0055623157 0.0048336806
-0.0014796034 -0.0054811342 0.004786381
-0.00055937754 -0.0055704634 0.0048217895
0.00035868649 -0.0055095805 0.0048680305
0.0014913232 -0.0054426943 0.0048435228
0.0025786809 -0.005437884 0.0048234598
0.0035319258 -0.0053988486 0.0048480732
0.0044380375 -0.0053507341 0.0048109265
0.0053342734 -0.005437559 0.0048395847
0.0064955535 -0.0054934169 0.0048293513
0.0075700404 -0.0054944814 0.0048743365
0.0084283231 -0.0056621684 0.0048674243
0.0094569037 -0.0056128241 0.0048468192
0.010608319 -0.0054956172 0.0048449305
0.011641355 -0.0056298864 0.0048998934
0.012478837 -0.0054565915 0.0044553792
-0.020051902 -0.0040158238 0.0041103894
-0.019401057 -0.0040485603 0.0043585468
-0.01866721 -0.0040558157 0.0043412768
-0.01323278 -0.004363439 0.0043727765
-0.012689234 -0.0045172498 0.004619143
-0.011513212 -0.0045269919 0.0047290009
-0.01045632 -0.0044747009 0.0047028218
-0.0094940001 -0.004467119 0.0047973245
-0.008550874 -0.0044912635 0.0047506248
-0.0074715749 -0.0044499948 0.0047824192
-0.0065532569 -0.0045362827 0.0047545996
-0.0056289672 -0.0045317095 0.004752045
-0.0045324811 -0.004494756 0.004782619
-0.003393125 -0.0045250608 0.0047887219
-0.0023492875 -0.0045196218 0.0048052552
-0.001337824 -0.0044784592 0.0047625476
-0.00044679738 -0.0046736756 0.0047858902
0.00043362271 -0.0044643735 0.0048607131
0.0015594435 -0.0045455345 0.0048186509
0.002565807 -0.0045051286 0.0048347423
0.0035162305 -0.0045455392 0.0048125642
0.0044519757 -0.0044280039 0.0048053064
0.0054332414 -0.0045593297 0.0048116036
0.006605552 -0.0044488516 0.0048108879
0.0075125163 -0.0044902796 0.0048469352
0.0084417909 -0.0047083069 0.0048668105
0.0094099231 -0.0045667258 0.0047960673
0.010556774 -0.0045509129 0.0048414883
0.011650126 -0.0046417168 0.0048389588
0.012641642 -0.0044990177 0.0045557315
0.01310764 -0.0043638065 0.0044781612
-0.022464313 -0.0031744477 0.0044235727
-0.021503152 -0.0033884384 0.0044861655
-0.020503214 -0.0036259859 0.0045040641
-0.019572392 -0.0035519009 0.0046130856
-0.018474117 -0.0035310911 0.0046309242
-0.017483151 -0.0035718898 0.0045750351
-0.016485339 -0.0034610122 0.0044938065
-0.01546077 -0.0032917978 0.0044740052
-0.014512228 -0.003149909 0.0044471091
-0.013401056 -0.0034775108 0.004475282
-0.012622599 -0.0035656299 0.004668518
-0.011444257 -0.0035567207 0.0047195125
-0.01048815 -0.0034830172 0.0047026821
-0.0095420564 -0.0034785783 0.0047791381
-0.0085271169 -0.0034829655 0.0047580036
-0.0075219418 -0.0034722721 0.0047965352
-0.0066184164 -0.0035221281 0.0047563612
-0.0056153904 -0.0034824144 0.0047505638
-0.0045478283 -0.0034537129 0.0047664386
-0.0034428278 -0.0034577311 0.0047647762
-0.0023405806 -0.0033831152 0.0048031365
-0.0014494074 -0.0035656539 0.0047880989
-0.00052024878 -0.0035761036 0.0047694119
0.00027779827 -0.0035393692 0.0048135947
0.0015148008 -0.0035018807 0.0048306342
0.0026433647 -0.0036673867 0.0048165713
0.0035365992 -0.003572081 0.0048418362
0.0044338661 -0.0034855835 0.0048084287
0.0054313196 -0.0036026689 0.0047982587
0.0064903479 -0.0035016211 0.0048295651
0.0074523031 -0.0033740196 0.0048049795
0.0084835105 -0.0035387671 0.0048100012
0.0095181419 -0.0034905055 0.0048127202
0.010459085 -0.0035850666 0.0048359437
0.011636606 -0.0034725897 0.0048438031
0.01273143 -0.0035510072 0.0046915114
0.013405623 -0.0033399439 0.0045471969
0.014486051 -0.0031305847 0.0045146733
0.015487963 -0.0033154725 0.004506364
0.016543189 -0.0035063932 0.0045783888
0.017448116 -0.0036880025 0.0045806272
0.018592207 -0.003841314 0.0045400495
0.019536454 -0.0037767675 0.0045397342
0.020515716 -0.0035888453 0.0045240144
0.021474248 -0.0032945978 0.0044959784
0.022229774 -0.0030727454 0.0044899527
-0.024193514 -0.0022108587 0.0044151973
-0.023441896 -0.0024384332 0.0044384608
-0.022556787 -0.0026124101 0.0045619057
-0.021478206 -0.0024871014 0.0046290723
-0.020536156 -0.002493999 0.0046439203
-0.019561386 -0.0024900809 0.0046571214
-0.018564772 -0.002520025 0.0046745283
-0.017493226 -0.002475485 0.0046742433
-0.016491864 -0.0025420899 0.0046991371
-0.01550466 -0.0025244178 0.0046596765
-0.014573934 -0.002541746 0.0046379976
-0.013569298 -0.0026155764 0.0046359962
-0.012538771 -0.0026369353 0.0047112447
-0.011520961 -0.0026294934 0.0047008246
-0.010465813 -0.0026118183 0.0046977261
-0.0095566474 -0.0025571252 0.0047749029
-0.0085105281 -0.0025320274 0.0047447584
-0.0075126258 -0.0025406682 0.0047785346
-0.0066125398 -0.0025281676 0.004739393
-0.0056068096 -0.0025034251 0.0047566462
-0.0045700842 -0.0025414024 0.0047846125
-0.0034083123 -0.0025893229 0.0047616391
-0.0023549804 -0.0024573745 0.0047710608
-0.0014157452 -0.002566762 0.0047646244
-0.00045578956 -0.0025821594 0.0047333841
0.00030960183 -0.0025362489 0.0047847405
0.0015381435 -0.0024004066 0.0048090327
0.0026153924 -0.0025464438 0.0047968286
0.0034915393 -0.0024903319 0.004785113
0.0044670333 -0.0025440201 0.0048255376
0.0054049171 -0.0025094044 0.0048022526
0.0065160897 -0.0024668537 0.0048565487
0.0074666752 -0.0023440067 0.0048419088
0.0085342051 -0.002459527 0.0048460308
0.0095473519 -0.0023998348 0.0048073512
0.01059233 -0.0024963338 0.0048180609
0.011682483 -0.0023918878 0.0048318179
0.012534967 -0.0024262038 0.004785825
0.013525482 -0.0028289505 0.0045955405
0.014644962 -0.0024836233 0.0048278044
0.015416123 -0.0022318384 0.004876161
0.016438229 -0.0026445438 0.0048337965
0.017431783 -0.0024537747 0.0048986608
0.018473091 -0.002586148 0.0048684794
0.019446358 -0.0024549754 0.0048722336
0.020515736 -0.002409359 0.0048735831
0.021684466 -0.0025941283 0.0046946001
0.022546181 -0.0027427794 0.0045224647
0.023488298 -0.002307748 0.0045080283
0.024126768 -0.0020878348 0.0047290819
-0.025132533 -0.0013624365 0.0044763656
-0.024515923 -0.0015179616 0.0044942712
-0.02356028 -0.0015390554 0.0046168203
-0.022530323 -0.0015102109 0.0046429872
-0.021536812 -0.0014665797 0.0046499283
-0.020467354 -0.0014339521 0.0046528685
-0.019496877 -0.0014557511 0.0046592997
-0.018512946 -0.0015400926 0.0046638511
-0.017492995 -0.0014700375 0.0046986244
-0.016455688 -0.0015281922 0.0046827677
-0.015486551 -0.0014991383 0.0046909307
-0.014586151 -0.0015100895 0.0046304599
-0.01358857 -0.0016086582 0.0047670281
-0.012579832 -0.0017507852 0.0047732671
-0.011427476 -0.0017427352 0.0047451113
-0.01044644 -0.0017822438 0.0047424687
-0.0095639145 -0.0017040217 0.004792715
-0.0085142273 -0.0017335439 0.0048080697
-0.0074260696 -0.0017406117 0.0048568202
-0.0065820501 -0.0016900609 0.0048283455
-0.0055489172 -0.0017589408 0.004782558
-0.0045263446 -0.0017786846 0.0048130951
-0.0033260188 -0.0017650768 0.0048072468
-0.0023968234 -0.0016902852 0.0048323153
-0.0013637061 -0.0016650938 0.0048040813
-0.00046302995 -0.0016779761 0.0047560539
0.00043763011 -0.0016461809 0.0048067262
0.0016406715 -0.0016465642 0.0047426801
0.0026001199 -0.0016889167 0.0047800555
0.003565328 -0.0016545667 0.0048129163
0.0045001651 -0.0017332021 0.0047790338
0.0054557528 -0.0017230019 0.0048117633
0.0065223505 -0.001532635 0.0048843888
0.0075494638 -0.0016119357 0.0047760657
0.0084359879 -0.0016384362 0.0048193051
0.009624403 -0.0016372189 0.0048389295
0.010521829 -0.0016975231 0.0048651933
0.011361669 -0.0016345618 0.0048844307
0.012462963 -0.0015667266 0.0048110071
0.013722208 -0.0016676538 0.0048419544
0.01465007 -0.0015375289 0.0048539005
0.015380071 -0.0012404606 0.0048160688
0.016464693 -0.0014411773 0.0048694466
0.017399322 -0.0016903194 0.0048940987
0.01849688 -0.0015081021 0.0048537301
0.019446995 -0.0015164849 0.004866851
0.020582793 -0.0014272871 0.0048902156
0.021636659 -0.0015982189 0.0048911376
0.022496251 -0.0013387535 0.004858268
0.02357663 -0.0018083643 0.0045864512
0.024520179 -0.0015236464 0.0044905636
0.025115419 -0.0013010411 0.0045393454
-0.025169287 -0.00049714756 0.0044412166
-0.024605688 -0.00052145682 0.0045189625
-0.02351906 -0.00053285633 0.0045790249
-0.022559356 -0.00050618098 0.0046168203
-0.021469427 -0.0005193153 0.0046132738
-0.020530492 -0.00045267315 0.0046198606
-0.019534791 -0.00045104141 0.0046303431
-0.01850928 -0.00051461527 0.004626777
-0.01744785 -0.00050198764 0.0046536336
-0.01645931 -0.00047686894 0.0046637831
-0.015485906 -0.00050958904 0.0046486463
-0.014588517 -0.0005559065 0.0046113543
-0.013727688 -0.0005200663 0.0048204269
0.013733665 -0.00078663067 0.0049190321
0.014575962 -0.00055655115 0.0048560561
0.015411897 -0.00044034462 0.0048536314
0.01665899 -0.00039701862 0.0048113898
0.017342592 -0.00062180177 0.0048803878
0.018712144 -0.00034048504 0.0048356657
0.019561091 -0.00058766105 0.004896393
0.020661 -0.00046547753 0.0048727104
0.021551354 -0.0004494868 0.0048899255
0.022268618 -0.00049130176 0.0048619453
0.023441313 -0.00054335489 0.0049286312
0.024759436 -0.00054803281 0.0044910964
0.0251182 -0.00052400061 0.0045017586
-0.025201885 0.00048499575 0.0043924358
-0.024604933 0.0004798836 0.0045076357
-0.023507128 0.00048792674 0.0046129278
-0.022451356 0.00049410673 0.0046213404
-0.021481246 0.00045831126 0.0045973258
-0.020569867 0.00049448764 0.004628533
-0.019557485 0.00051786017 0.0046262015
-0.018513937 0.00051609863 0.0046450384
-0.01749458 0.00047905475 0.0046402919
-0.016474705 0.0005199312 0.0046636588
-0.015522814 0.00048705281 0.0046486408
-0.014553324 0.00042576765 0.0045959894
-0.01373904 0.00052943709 0.0048119132
0.013916293 0.00094826263 0.0049884473
0.014538722 0.00050137559 0.0048576929
0.015507015 0.00045538801 0.0048656487
0.016317485 0.00039567074 0.0049057333
0.017454363 0.00040983761 0.0048289471
0.018575659 0.0004371604 0.0048444928
0.019540969 0.00053558953 0.0049107433
0.020577822 0.00048324745 0.0049095601
0.021687912 0.00063867378 0.0048437845
0.022415144 0.00048289014 0.0048233266
0.023273591 0.0005926778 0.0049046567
0.024734788 0.00046374224 0.0045632534
0.025133029 0.00048638892 0.0045185159
-0.025197526 0.0012300987 0.0043886127
-0.024457864 0.0015196595 0.0044425754
-0.023558861 0.0015093947 0.0045425245
-0.022545682 0.0014940172 0.0045808968
-0.021457603 0.0014844001 0.0046128938
-0.020513305 0.0014976504 0.0046175784
-0.0194769 0.0015311197 0.0046146545
-0.018467559 0.0015098931 0.0045954767
-0.017452721 0.0015473388 0.0046418463
-0.016431838 0.0014786745 0.0046364767
-0.015469208 0.0015613819 0.0046287212
-0.014534758 0.0015167356 0.0046009221
-0.013568425 0.0015610162 0.0047344384
-0.012553072 0.0016498945 0.0046702223
-0.011484092 0.0016635568 0.0047033639
-0.01046419 0.0017077037 0.0046801409
-0.0095290812 0.0016751026 0.0047091036
-0.0085133435 0.0017158493 0.0046949019
-0.0075115287 0.0015986708 0.0047023818
-0.0065832329 0.0016222317 0.0047697849
-0.00554176 0.0016758529 0.0047007585
-0.0044000698 0.0016778421 0.0047443886
-0.0034489136 0.0017138985 0.0047598737
-0.0024218692 0.0015919568 0.0047621648
-0.0017956856 0.0016621139 0.0046679587
0.0015577863 0.0018872824 0.0049551111
0.0023663978 0.0018911379 0.0049635256
0.0035790098 0.0018969114 0.0049761632
0.0046462268 0.0017006929 0.0049072951
0.005598445 0.0018273592 0.0049923062
0.0063675451 0.0014934108 0.004840353
0.0075407838 0.0015331884 0.0047589857
0.0086523937 0.0017321227 0.004814053
0.0095603308 0.0016334394 0.0048550582
0.010410847 0.0016297053 0.004915351
0.011510823 0.0017903239 0.0048903669
0.012659046 0.0017500647 0.0048436774
0.013461316 0.0017162003 0.0048742993
0.014398424 0.0016235827 0.0049316511
0.015339623 0.0014792947 0.0049218889
0.016492214 0.0014918523 0.0048716548
0.017386176 0.0015679576 0.0048175324
0.018643832 0.001192354 0.0048328037
0.019476855 0.0015067067 0.0048630196
0.020760432 0.0013333495 0.0048451298
0.021198869 0.0014142956 0.0048754574
0.022364181 0.0014554872 0.0048375586
0.023595544 0.0017375704 0.0047862367
0.024551515 0.0015883334 0.0044998629
0.025101861 0.001289334 0.0046111029
-0.024128389 0.0020499565 0.0046316916
-0.023424201 0.0023093077 0.0044362294
-0.022508366 0.0025343276 0.0044936975
-0.021545425 0.0025292218 0.0045662709
-0.020519897 0.0024481791 0.0046116477
-0.019529343 0.0025168569 0.0045984723
-0.018479431 0.0025029881 0.0046080085
-0.017448517 0.0025235496 0.0045975973
-0.016447999 0.0024961496 0.0046357936
-0.015450769 0.002546597 0.004629327
-0.014510764 0.0025721896 0.004560214
-0.013570001 0.0025847093 0.004569144
-0.012521113 0.0025462578 0.00462772
-0.011409692 0.0025266695 0.0046514552
-0.01044824 0.0025381108 0.0046771951
-0.0096409982 0.0025511533 0.0047085402
-0.0085396627 0.002550198 0.0047371052
-0.0075399308 0.0024891358 0.0046935971
-0.0065914472 0.0024761499 0.0046709599
-0.0056464882 0.0024887286 0.0046483497
-0.0045174253 0.0024955289 0.0047094915
-0.0033449102 0.0025118156 0.0047317082
-0.002462412 0.002483363 0.0046701292
-0.0017462873 0.0025732131 0.0047548795
0.0015568683 0.0025959504 0.004948047
0.002364988 0.0025999839 0.0049562422
0.0035708502 0.0026235401 0.0049454402
0.004721567 0.002718898 0.0049534044
0.0054903091 0.0026388415 0.0049083214
0.0063629085 0.0025339727 0.0049168011
0.0074592773 0.0024795036 0.0048930105
0.0087299859 0.0024891477 0.0048959279
0.0095548118 0.0025659762 0.004870146
0.010557932 0.0025355651 0.0048463945
0.011342915 0.0026317199 0.0048719542
0.012649436 0.0025465745 0.0048772735
0.013414607 0.0027472053 0.0045963335
0.014356083 0.0023680867 0.0048580174
0.015362548 0.0024345978 0.0048688152
0.016431306 0.0024959245 0.0048891553
0.017504212 0.0025596712 0.0048957258
0.018536411 0.0023100381 0.0048529268
0.019539613 0.002485866 0.0048722923
0.020656951 0.0023615705 0.0048286952
0.021731734 0.0024842515 0.0049124667
0.022579784 0.0027096972 0.0045783585
0.023447886 0.0024082621 0.0045114043
0.024155743 0.0021547622 0.0045338389
-0.022179201 0.00309078 0.0042923084
-0.021497892 0.0032543826 0.0044214362
-0.020549882 0.0034653235 0.0044540707
-0.019556733 0.003546562 0.0044876616
-0.018515611 0.0035706253 0.004535066
-0.017514385 0.003436296 0.0044836276
-0.016566079 0.0033213682 0.0044079786
-0.015531527 0.003156726 0.0044742003
-0.01469769 0.003066476 0.0042795003
-0.013428721 0.003461045 0.0044380734
-0.012588443 0.0035788051 0.0045996895
-0.011387585 0.0035787697 0.0046157506
-0.010438503 0.0035075196 0.0046153772
-0.009583028 0.0036365241 0.0046470677
-0.0085119605 0.0035970784 0.0046838471
-0.0075354571 0.0035214191 0.0046710591
-0.0065269 0.0035839763 0.0046686013
-0.0055682161 0.0035494138 0.004657262
-0.0045349901 0.0035395846 0.0047169444
-0.0034051589 0.003524184 0.0046611447
-0.0023599991 0.0035843519 0.0046698437
-0.0017463663 0.0035538177 0.0047275443
0.001480907 0.003764003 0.00494071
0.0023501406 0.0037530942 0.0049341009
0.0035026944 0.0037247117 0.0049496987
0.0046907314 0.0036871301 0.0049388539
0.0055027837 0.003652567 0.0049475553
0.0064149876 0.0035963058 0.0048795692
0.0074943695 0.0035223016 0.0049176072
0.0086328918 0.003606332 0.0048164716
0.0095715364 0.0038277868 0.0048928908
0.01040281 0.0036843726 0.0048328778
0.011605912 0.0035176824 0.0048727919
0.012738211 0.0035701944 0.004656808
0.013481021 0.0032814895 0.0045154146
0.014544154 0.0031995473 0.0045342464
0.015546111 0.0033858391 0.004587444
0.016519859 0.0035746864 0.0045436579
0.017544389 0.0037511846 0.0045809923
0.018564675 0.0038229504 0.0046128975
0.019616136 0.0038432246 0.0045379237
0.020542694 0.0036711763 0.0045089861
0.021547707 0.0033483442 0.0045210011
0.022319518 0.0031198536 0.0044427845
-0.013190183 0.0043679494 0.0043682512
-0.012608272 0.0045507555 0.004536625
-0.011469476 0.0045043714 0.0046107573
-0.010452972 0.0044919681 0.0045776581
-0.0095793195 0.0045004911 0.0046352982
-0.0084789163 0.0045051249 0.0046498268
-0.0075231432 0.0045048795 0.0046643596
-0.0065281009 0.0045211022 0.0046359994
-0.0054743993 0.0044960571 0.0046071098
-0.0045713778 0.0044943956 0.0046683238
-0.0034564228 0.0045543197 0.0046647736
-0.0023906461 0.0045279763 0.0046491371
-0.0017689397 0.0044934433 0.0046880576
0.0014629315 0.0046163462 0.0049367393
0.0023520181 0.0045292396 0.0049297023
0.0036058873 0.0045147552 0.0049250512
0.0046333014 0.0044011129 0.0048892484
0.0054766764 0.0044236663 0.0048960787
0.0065219095 0.0044441945 0.0048555401
0.0075485753 0.0044321702 0.004911453
0.0086880624 0.0045682727 0.0048786988
0.0094831986 0.0045590107 0.0048906687
0.010478077 0.0045546005 0.0048439596
0.011454538 0.0044334033 0.0048449584
0.012657593 0.0045586214 0.0045157592
0.013126095 0.0043275352 0.0044511505
0.018597387 0.0040147118 0.0045515588
0.019154117 0.0040188171 0.004554267
-0.013054729 0.0052495641 0.0045064227
-0.012540977 0.0054752789 0.0044843443
-0.011459211 0.0054621678 0.0046119452
-0.010442772 0.0054617147 0.004633856
-0.0095991036 0.0054615452 0.0046128519
-0.0085243741 0.0054878616 0.0046461937
-0.0075494531 0.0055427086 0.0046473774
-0.0065127048 0.0054719872 0.0046309656
-0.0054906909 0.0055089537 0.0045989025
-0.0045532659 0.0054376917 0.0046685273
-0.0034820414 0.0055252947 0.0046535498
-0.0022938424 0.0054463907 0.0046498426
-0.0017655293 0.0055902465 0.004661784
0.0014684094 0.0055021597 0.0049135238
0.0023599139 0.005305741 0.0049363612
0.0035212648 0.0054574935 0.0048853988
0.0046556802 0.0054971687 0.0049105273
0.0054143597 0.0054486576 0.0048539522
0.0065202126 0.0055068545 0.0048542158
0.0074340128 0.0054509947 0.0048840675
0.0085985921 0.0054249498 0.0048885164
0.0095186261 0.0054897447 0.0048728376
0.010455624 0.0055576884 0.0048439484
0.011542925 0.0055735279 0.0048534307
0.012430356 0.0055078757 0.0044527897
0.013025177 0.0052363607 0.0049539474
-0.012306271 0.0064279982 0.0044619292
-0.011524852 0.0065033329 0.004596211
-0.010555455 0.0065088579 0.004610328
-0.0095357997 0.00647423 0.0046362453
-0.0084870206 0.0065307668 0.0046457942
-0.0074897152 0.006537199 0.0046415469
-0.0064904699 0.0065632332 0.0046103625
-0.0055179745 0.0065450557 0.0046223886
-0.0045656553 0.0064831553 0.0046686293
-0.003434347 0.0064964774 0.004648569
-0.0023490665 0.0065165353 0.0046267565
-0.0017631799 0.0066158813 0.0047112019
0.001530397 0.0066066701 0.0049150498
0.002406755 0.0065453378 0.0048749344
0.0034548005 0.0066084662 0.0049004885
0.004484803 0.0065941974 0.0048946985
0.0054707499 0.006644099 0.0048868358
0.0064334483 0.0065639247 0.0048653395
0.0074874852 0.0065151099 0.0048816828
0.0085352929 0.0064742612 0.0048656529
0.0095404154 0.0064229947 0.0048721652
0.010436929 0.006570607 0.0048655351
0.011669911 0.0065280902 0.0046270494
0.012220079 0.0063518314 0.0045260484
-0.012327515 0.0077526933 0.0044216025
-0.011569043 0.0074900538 0.0045414404
-0.010556585 0.0075528393 0.0046018711
-0.0095784385 0.0074657546 0.0046007694
-0.0084647937 0.007498886 0.0046125739
-0.0075306268 0.0075095412 0.0046369368
-0.0065092058 0.0075893071 0.0045980266
-0.0055242134 0.0075433999 0.0046402453
-0.0045708413 0.0074833999 0.0046154764
-0.0034391668 0.0075090271 0.0046184412
-0.0023755005 0.0075446414 0.0046181693
-0.0017648463 0.0076326355 0.0046713254
0.0015340119 0.0076170606 0.0049132416
0.0023677307 0.007523308 0.0049291551
0.0034145059 0.0075847795 0.0048733409
0.0044059311 0.0076432498 0.0048711724
0.0054674312 0.0076695699 0.0048728394
0.0065003322 0.0075871707 0.0048058075
0.0074470649 0.0075320476 0.0048516667
0.0085451584 0.0074445736 0.0048248647
0.0095456578 0.0074332026 0.0048692529
0.010439123 0.0074516665 0.0048287003
0.011595217 0.0074424217 0.0045668297
0.01219416 0.0077964906 0.004608707
-0.014196898 0.0088749202 0.0043653767
-0.013456129 0.0085965265 0.0044518211
-0.012562577 0.0085092001 0.004538992
-0.011538029 0.0085154837 0.004605615
-0.010497848 0.0085534742 0.0045998138
-0.0094977943 0.0084478464 0.0045901951
-0.0084863398 0.0085142571 0.0046137152
-0.0075057209 0.0084965229 0.0046231202
-0.0065430747 0.0084414016 0.0046327799
-0.0054963795 0.0084924242 0.0046327906
-0.004600524 0.008457223 0.004624025
-0.0034437478 0.008474716 0.0046421979
-0.0023937249 0.0084868222 0.004627374
-0.0018139051 0.008451635 0.0046553733
0.001495763 0.0084941862 0.0049098646
0.0024969848 0.0084636556 0.004908185
0.0034469618 0.008437274 0.004900794
0.0044310307 0.008578456 0.0048439517
0.0054505337 0.0085405847 0.0048147319
0.0064538196 0.0085146669 0.004852864
0.0074432991 0.008476587 0.004798579
0.0084212925 0.0084428778 0.0048067719
0.0094793392 0.0084707187 0.0048335916
0.010491265 0.0085040005 0.0048244065
0.011561183 0.0084918942 0.0047729718
0.012581239 0.008425652 0.0045689875
0.013294195 0.0087317284 0.0045392839
-0.016066624 0.0099589983 0.0043955767
-0.015361181 0.0097669177 0.0043893168
-0.014479849 0.0095065497 0.0044650803
-0.013568177 0.0094718188 0.0045330902
-0.012538842 0.0095199794 0.004556485
-0.011543969 0.009516024 0.0045678881
-0.010527438 0.0095204115 0.0045913383
-0.0095186392 0.0095086172 0.0045965193
-0.008470526 0.0095135393 0.0046012192
-0.0075150365 0.0095102396 0.0046286928
-0.0064994157 0.0095055709 0.0046039685
-0.0054973955 0.0095132915 0.0046156468
-0.0045220773 0.0094871223 0.0045957365
-0.0034358327 0.0094766635 0.0046229456
-0.0023670357 0.009465009 0.004602226
-0.0017717944 0.0092888232 0.0046725133
0.0014916238 0.0094817048 0.0048903022
0.0024471756 0.0094952406 0.0048660473
0.0034382385 0.009512404 0.0048750201
0.0045313891 0.0095955534 0.0048341183
0.0054687811 0.009546034 0.0048454083
0.0065420689 0.009522073 0.0048045563
0.007422206 0.0094750635 0.0047963564
0.0084738117 0.0094709331 0.0048170318
0.0095020896 0.0095467241 0.0048478078
0.010523634 0.0094829593 0.0048286836
0.011507172 0.0095365988 0.0048141023
0.012473794 0.0095725637 0.0048192744
0.013611262 0.0093316874 0.0046571433
0.014495499 0.0095513687 0.0045735217
0.015258101 0.009833931 0.004422551
-0.017049801 0.010851663 0.0044730902
-0.016430819 0.010583007 0.004435942
-0.015549893 0.010478519 0.0045376425
-0.01452173 0.010512242 0.0045496188
-0.013547499 0.010511665 0.0045328769
-0.012560793 0.010468034 0.0045404998
-0.011541336 0.010495749 0.0045627458
-0.010505032 0.01048486 0.0045729931
-0.0095208883 0.010503708 0.0045726956
-0.0084704403 0.010524803 0.0045826822
-0.007493367 0.010522531 0.0046142312
-0.0064962502 0.010562731 0.0045939875
-0.0055153798 0.010528789 0.0046289368
-0.0045225029 0.010536492 0.0045702355
-0.0034367794 0.010561869 0.0045979461
-0.0024282311 0.010521145 0.0045739599
-0.0017933678 0.010398568 0.00465817
0.0014860351 0.010476424 0.0048917732
0.0024224429 0.010462197 0.0048821871
0.0034298785 0.010532567 0.0048238523
0.0044730287 0.010509064 0.0048506013
0.0054537393 0.010519641 0.0048101638
0.0064863539 0.01052595 0.0048255208
0.0074495217 0.010487425 0.0047758035
0.0084390631 0.010471847 0.0048036021
0.0095649008 0.010541623 0.0047695995
0.010585718 0.010555835 0.0048272815
0.011498825 0.010527614 0.0048050652
0.01251532 0.010517126 0.0047868532
0.013438961 0.010428075 0.0047960146
0.014499926 0.010372188 0.0048102713
0.015615693 0.010427591 0.004600428
0.016314019 0.010745082 0.0044665621
-0.017192937 0.011571344 0.0043965941
-0.016512277 0.011446301 0.0044860202
-0.015480826 0.011505328 0.0045728888
-0.014545243 0.011515274 0.004529987
-0.013511355 0.011478202 0.0045233481
-0.012526882 0.011499089 0.0045660329
-0.011522441 0.011504375 0.0045630243
-0.010469032 0.011443096 0.0045718229
-0.0094910618 0.011497504 0.0045727128
-0.0084195668 0.01151139 0.0045562303
-0.0074735344 0.01153289 0.0044986135
-0.0065754973 0.011565257 0.004541893
-0.005524592 0.011501828 0.004615149
-0.0044996995 0.011539873 0.0045726327
-0.0034655419 0.011486978 0.0046278783
-0.0024289158 0.011561909 0.0045746164
-0.0018212639 0.011475996 0.0046263672
0.0015341089 0.011486979 0.0048566465
0.0024066933 0.011357055 0.0048331507
0.0034228836 0.0115517 0.0047914367
0.0044846665 0.011403758 0.0047891121
0.005549557 0.011412747 0.0047840099
0.0065825344 0.011645119 0.0046579661
0.0073827421 0.011599896 0.0045844242
0.0084097059 0.011497403 0.0047512716
0.0095333531 0.011581755 0.0047655534
0.010525957 0.011552958 0.0048102955
0.011526405 0.011492467 0.0047819824
0.012480712 0.011536436 0.0048134904
0.013477201 0.011467632 0.0047907918
0.014468047 0.011388263 0.0048474404
0.015469514 0.011469215 0.0048063234
0.01653165 0.011477117 0.0044880048
0.017143525 0.011711798 0.0045145
-0.018144201 0.012923039 0.0047604549
-0.017430827 0.012470995 0.0044269883
-0.016500289 0.012454417 0.0045001418
-0.015491234 0.012517282 0.0045108474
-0.014515074 0.012500227 0.0045582619
-0.013548183 0.012499281 0.0045214589
-0.012547843 0.012547921 0.0045172656
-0.011501823 0.012503666 0.0045565786
-0.010473101 0.0124685 0.0045153745
-0.0094818836 0.012523419 0.0045620808
-0.0086070877 0.012477195 0.0044505778
-0.0076979897 0.012283814 0.0043872925
-0.0064249877 0.012200455 0.0044199042
-0.0054857521 0.012452669 0.004434424
-0.0045008766 0.012623712 0.004509584
-0.0034860815 0.012486652 0.0046232855
-0.0024924693 0.01251851 0.004587526
-0.0017816829 0.012514206 0.0046641547
0.0014585002 0.012584831 0.0048316214
0.0024795472 0.012448712 0.0048062587
0.0034336774 0.012505493 0.0047957846
0.0044919183 0.012661932 0.0045977654
0.0055105104 0.012448911 0.0044937073
0.0063882857 0.012151849 0.0044828192
0.0076557575 0.012374944 0.0045966823
0.0083214734 0.012532881 0.0046575116
0.0094738258 0.012575101 0.0047683134
0.010501563 0.012545443 0.0047927494
0.011480154 0.012579982 0.004768183
0.012449178 0.01255089 0.0047314889
0.01344826 0.012495052 0.0048195482
0.014444989 0.012447446 0.0047740666
0.015476779 0.012547194 0.0047783856
0.016606111 0.01242021 0.0046922849
0.017307883 0.012533037 0.0044425842
-0.018234076 0.013521397 0.0043701036
-0.017535405 0.01347389 0.0044647153
-0.016503869 0.013431868 0.0045056716
-0.015515338 0.01354841 0.0045273788
-0.014511332 0.013486822 0.0045182053
-0.013520044 0.013514056 0.0045034187
-0.012523184 0.013517038 0.0045186724
-0.011486885 0.013512067 0.0045647481
-0.010453938 0.013458899 0.0045257434
-0.0094772596 0.01351817 0.0045202514
-0.0085723568 0.013342055 0.0044819522
-0.0043762038 0.013096862 0.0044465484
-0.0034102327 0.013377049 0.0044691297
-0.0025732527 0.013498468 0.0045551267
-0.0015277913 0.013505333 0.0046699722
-0.00043901123 0.013586681 0.0047377963
0.00046161766 0.013593541 0.0046731401
0.0014865241 0.013555338 0.0047313329
0.0025337227 0.013421327 0.0045983093
0.0034793855 0.013234303 0.0045392681
0.0042504151 0.013107038 0.0044704466
0.0079539297 0.013089088 0.004687238
0.0085370615 0.013408554 0.0045274128
0.0093973745 0.013583524 0.0046780468
0.01047509 0.013533183 0.0047793998
0.011486543 0.0136004 0.0047519733
0.01244919 0.013560448 0.0047620167
0.013415926 0.013526888 0.0047552334
0.01444697 0.013451449 0.0047591873
0.015458276 0.013547333 0.0047999462
0.016541721 0.01348756 0.004781879
0.017573887 0.013458885 0.0045104665
0.018099982 0.01373958 0.0044633625
-0.018343143 0.014529903 0.0043454254
-0.017518492 0.014490736 0.0044865105
-0.016546367 0.014460733 0.0044848789
-0.015524961 0.014538777 0.0045095738
-0.014484446 0.014548555 0.004517626
-0.013481981 0.014468522 0.0045051086
-0.012506895 0.014501019 0.0045191604
-0.011536073 0.014482074 0.0045676311
-0.010468497 0.014464982 0.004539765
-0.0096532311 0.014421733 0.004412835
-0.0089165932 0.014194196 0.0042665326
-0.0033124289 0.014560672 0.00447634
-0.0025312386 0.014531365 0.0045782244
-0.0014798869 0.014468465 0.0046454142
-0.00043987832 0.014546474 0.0046772067
0.00047772645 0.014496569 0.0046274276
0.0014678931 0.014530112 0.0047270902
0.0025515563 0.014521584 0.0045734621
0.003275082 0.014629577 0.0044621294
0.0087129762 0.014207876 0.0044999602
0.0094599351 0.014556198 0.0046230173
0.010505545 0.014559198 0.0047786715
0.011470276 0.0146478 0.0047812443
0.012435503 0.014503569 0.004741515
0.01356368 0.014510169 0.0047996081
0.01451392 0.014466844 0.00475825
0.01551687 0.014524665 0.0047933906
0.01650911 0.014493263 0.0047862898
0.01766427 0.014481201 0.0046195057
0.01814281 0.014543918 0.0045165489
-0.018500866 0.015517063 0.0043664905
-0.017544348 0.01549565 0.0044788718
-0.016566645 0.015506235 0.0044881804
-0.015501643 0.015548726 0.0044840197
-0.014492984 0.015540154 0.0045239809
-0.013507222 0.015533051 0.0044998717
-0.012524391 0.015512638 0.0045042289
-0.011502136 0.0154686 0.0045414795
-0.010543315 0.015501967 0.0044492404
-0.0097227711 0.015306211 0.0043104612
-0.0034212421 0.01552878 0.004456846
-0.0024993739 0.015570488 0.0045862473
-0.0014451524 0.015504026 0.0045876647
-0.0004548764 0.015477582 0.0046684118
0.00047743352 0.015500632 0.0046331105
0.0014817058 0.015509875 0.0046887347
0.002513733 0.015523092 0.0046000141
0.0031902604 0.01552023 0.0045560296
0.0096452935 0.01544439 0.0045419564
0.010475744 0.015543116 0.0045976881
0.011523213 0.015547742 0.0047819964
0.012473561 0.0154671 0.0047435877
0.013493791 0.015474878 0.0047636731
0.014552209 0.015468679 0.0047603282
0.01551987 0.0154634 0.0048023746
0.016525263 0.015549565 0.0047579547
0.017638206 0.015494028 0.0047187172
0.01826532 0.015539556 0.0045361659
-0.01904314 0.016612142 0.0041832291
-0.01853049 0.016539257 0.0043563955
-0.017497757 0.016502846 0.0044617509
-0.016513947 0.016546996 0.0044535049
-0.015559421 0.016512366 0.0044909911
-0.014503034 0.016506845 0.0045113363
-0.013463435 0.016549995 0.0044648121
-0.012469954 0.016543392 0.0044835405
-0.011520877 0.016463228 0.0044288617
-0.010712815 0.016269101 0.0043662665
-0.0040697195 0.016636947 0.0045944448
-0.0035237316 0.016457113 0.0045077554
-0.0025076487 0.016547319 0.0046142912
-0.0014878581 0.016525554 0.0046194531
-0.0004628507 0.016417908 0.0046432968
0.00051457871 0.016499175 0.0045964429
0.0015022474 0.016511152 0.0046574292
0.0025375122 0.016464993 0.004665581
0.0033516141 0.016518351 0.00452581
0.0098811472 0.016037934 0.0045162793
0.010575639 0.016298072 0.0045351801
0.011429348 0.016644873 0.004575606
0.012421248 0.016491966 0.0047091153
0.013509822 0.016526205 0.0047481195
0.014566631 0.016515888 0.0047560171
0.015529 0.016569991 0.0047782515
0.01654443 0.016589707 0.004773567
0.017623013 0.01662208 0.0047374307
0.018415749 0.016560787 0.0045024143
-0.018202402 0.017217763 0.0042456212
-0.01753406 0.01750936 0.0043867398
-0.016464764 0.017493634 0.0044425754
-0.015530918 0.017510148 0.0045031901
-0.014482505 0.017547134 0.0044263382
-0.013498578 0.017529741 0.0044083335
-0.01258324 0.017300498 0.0043811956
-0.011798881 0.017087953 0.004468719
-0.0041229809 0.017621959 0.0044228435
-0.0035253763 0.017452981 0.0045184242
-0.0025483051 0.017498208 0.0046038041
-0.0014801873 0.017504422 0.0045940853
-0.00046035994 0.017432308 0.0046366621
0.00052248553 0.017502826 0.0045739012
0.0015110092 0.017532423 0.0046438067
0.0024816266 0.017471634 0.0046540853
0.0034195306 0.017457081 0.0045855404
0.011665457 0.017190572 0.004566648
0.012544568 0.017480828 0.0044525201
0.013438023 0.017674856 0.004571178
0.01450008 0.017562322 0.0047027133
0.015478493 0.017558243 0.0047397627
0.016519612 0.017542882 0.0047624526
0.017613724 0.017542312 0.0044854903
0.018153319 0.017230053 0.0045690653
-0.017209096 0.018191271 0.0043216334
-0.016448257 0.018302504 0.0043881629
-0.015503855 0.01825113 0.0043446957
-0.014680763 0.018081833 0.0043153558
-0.0042199674 0.01854887 0.0044271862
-0.0035283093 0.018454488 0.0045669721
-0.0025286651 0.018471278 0.0046024523
-0.0015083351 0.018495077 0.0045855585
-0.00045390529 0.018481458 0.0046319878
0.0004917577 0.018499695 0.0045837243
0.0014354516 0.018478248 0.0046503949
0.0024573179 0.018494267 0.0046411217
0.0034951458 0.018502923 0.0045733084
0.0041065812 0.018570239 0.0043317047
0.013720375 0.018070713 0.0045528803
0.014538859 0.018215498 0.0044671404
0.015507634 0.018412048 0.0045466046
0.01653333 0.01843589 0.0044945506
0.017207647 0.018198861 0.0045885728
-0.0042065685 0.019494995 0.0044612796
-0.0035800179 0.019505586 0.0045125452
-0.0025454522 0.019492624 0.0045728507
-0.0015138608 0.019540871 0.0046005319
-0.00044231731 0.019504536 0.0046242443
0.00053215364 0.019535467 0.0045978595
0.0014736369 0.019518742 0.0046551004
0.0024527733 0.019525813 0.0046280557
0.0035087585 0.019541292 0.004517924
0.004111967 0.019500688 0.0043624281
-0.0041021751 0.020445684 0.0044937152
-0.0035336078 0.020538513 0.0045322874
-0.002581802 0.020533644 0.0045877323
-0.0015099735 0.020487448 0.0045815073
-0.0004621885 0.020456184 0.0046231612
0.00054296316 0.020473277 0.0045569967
0.0014502069 0.020490196 0.0046608215
0.0025157477 0.020534357 0.0046224357
0.0034263446 0.020494284 0.0045049228
0.0040247785 0.020411685 0.0040709213
-0.0040109255 0.021131583 0.0045007705
-0.0034321346 0.021501219 0.0044472176
-0.0025549943 0.021525672 0.004554518
-0.0015097819 0.021488499 0.0045764446
-0.00044606233 0.021484993 0.0045924149
0.00054677087 0.021485016 0.0045734057
0.001469471 0.021460393 0.0046601128
0.0025464271 0.021519491 0.0045458819
0.0032807353 0.021463662 0.0045050252
-0.0031972888 0.022434946 0.0044620032
-0.0025850269 0.022538571 0.0044777016
-0.0015123972 0.022494053 0.0045468141
-0.00047450187 0.022498552 0.0045750877
0.00054529856 0.022494111 0.0045501464
0.0014338897 0.022481686 0.0046514659
0.0025117174 0.022477729 0.0045206971
0.0031677326 0.022169968 0.0042973892
-0.003068069 0.023156697 0.0043577813
-0.0024415602 0.023455059 0.0044313446
-0.0015533725 0.023497328 0.0045263488
-0.0004710191 0.023471169 0.0046123206
0.00047981666 0.023477672 0.0045660739
0.0014737687 0.023524433 0.0045599001
0.0023707619 0.023357589 0.0044512069
-0.0021988535 0.024291268 0.0045441296
-0.0014820392 0.024573518 0.0044356389
-0.00046762842 0.024651319 0.0044572549
0.00051475072 0.024706639 0.0044678329
0.001432432 0.024516739 0.0044419416
0.0021066167 0.024105981 0.0045589902
-0.0013397235 -0.025013987 0.0053806189
-0.00055415888 -0.025007235 0.0052751973
0.00048795095 -0.025006186 0.005276355
0.0011928012 -0.02500405 0.0052812612
-0.0021470669 -0.024235789 0.0053602373
-0.001538532 -0.024474554 0.0053578913
-0.00048172282 -0.024596114 0.0053996476
0.00054050167 -0.024611693 0.0054022614
0.0014885837 -0.024546547 0.0053465017
0.0021228446 -0.024244221 0.0053298031
-0.0024159406 -0.023505606 0.0053535029
-0.0015639694 -0.02354791 0.005403386
-0.00049498968 -0.023514174 0.0053818058
0.00051758846 -0.023500249 0.0054090354
0.0015229312 -0.023521585 0.0053896522
0.0023168758 -0.023490513 0.0053499592
0.003033146 -0.023042638 0.0052830954
-0.00314976 -0.022325303 0.0053406213
-0.0024906604 -0.022499403 0.0052996688
-0.0015351337 -0.022531435 0.0053836931
-0.00049953355 -0.022495475 0.0053544273
0.00052883255 -0.022476798 0.0054037534
0.0015438356 -0.022486817 0.0054098596
0.0025373369 -0.022521606 0.0053866431
0.0031640956 -0.022387287 0.0053561064
-0.0033645686 -0.021438966 0.0053273481
-0.0024950921 -0.021500509 0.0053501702
-0.001575885 -0.021511253 0.0053818407
-0.00052539579 -0.021505641 0.0053702886
0.00051012315 -0.021452203 0.0053774752
0.0015595228 -0.021489015 0.0053944113
0.0025576362 -0.021479182 0.005426236
0.0033666624 -0.02143788 0.0053454586
-0.0034538985 -0.020502068 0.0053392155
-0.0024510892 -0.020490665 0.0053818533
-0.0015540147 -0.02048655 0.0053754454
-0.00050683779 -0.020518107 0.0053599468
0.0005171072 -0.02048626 0.0053699948
0.0015408236 -0.020499015 0.0053536147
0.0025087202 -0.020517163 0.0053886571
0.0034903781 -0.02051799 0.0053945952
0.0040540667 -0.02055838 0.0052231136
-0.0041654678 -0.019481353 0.0052539576
-0.0034700958 -0.019526783 0.0053417129
-0.002466619 -0.019472199 0.0053668888
-0.001563527 -0.019468993 0.0053931484
-0.00048531152 -0.019509979 0.0053786677
0.00055491237 -0.019514471 0.0053654946
0.0015789781 -0.019501008 0.005377729
0.0025164781 -0.01951991 0.0053811022
0.0034969384 -0.019535977 0.0053658225
0.0041872174 -0.019578049 0.0051979301
-0.017179178 -0.018321313 0.0052148695
-0.016491815 -0.018372856 0.0052169831
-0.015534961 -0.018329216 0.0052055633
-0.014450975 -0.01816698 0.0051589226
-0.013718367 -0.018083056 0.0052362205
-0.0041548968 -0.018497869 0.0052201226
-0.0034658527 -0.01851687 0.0053156991
-0.0024392151 -0.01847302 0.0053415913
-0.0015118576 -0.01847212 0.0053241774
-0.00050422561 -0.018520979 0.0053680171
0.00056282466 -0.018513469 0.0053623705
0.0015710078 -0.018485261 0.0053815045
0.0025533375 -0.018545637 0.0053911102
0.0035016614 -0.018520713 0.0054064426
0.0041738059 -0.018686492 0.005235259
0.013819928 -0.018034868 0.0050964989
0.014515461 -0.018122897 0.0053717
0.015511093 -0.018304372 0.0053970786
0.016502699 -0.018381611 0.0054100123
0.017191045 -0.018190781 0.0053410325
-0.018225385 -0.017325262 0.0051896176
-0.017401222 -0.017536081 0.0052806134
-0.016440583 -0.017574724 0.0052386513
-0.015499938 -0.017507596 0.0052310997
-0.014566376 -0.017570203 0.0052604177
-0.013481434 -0.017557546 0.0052522654
-0.01249097 -0.017324863 0.0052239764
-0.011405393 -0.017059069 0.005164979
-0.0040946952 -0.017616993 0.0051705767
-0.0034669524 -0.017508203 0.0053094639
-0.0024243277 -0.017480059 0.0053368239
-0.0015354601 -0.017470714 0.0053474652
-0.00048664663 -0.017522689 0.0053616306
0.00054307882 -0.017508129 0.005321038
0.0015324951 -0.017499357 0.0053419448
0.0025080594 -0.017502319 0.0053640925
0.0034684243 -0.017520705 0.0053868275
0.0041574705 -0.017582253 0.0052359877
0.011835343 -0.017136892 0.0053765886
0.012521763 -0.017309122 0.0053508072
0.013485517 -0.017518278 0.0054356693
0.014474423 -0.017527372 0.0055301492
0.015477884 -0.017537335 0.0054800399
0.016507387 -0.017493768 0.0055333674
0.017528107 -0.017469838 0.0054308577
0.018164553 -0.017199378 0.0053538373
-0.01842491 -0.016591689 0.0052130208
-0.017476687 -0.016605854 0.0052574892
-0.016475355 -0.016577339 0.0052410001
-0.015440589 -0.016566001 0.0052545643
-0.014507379 -0.016575111 0.005235971
-0.013550299 -0.016559968 0.0052683055
-0.012440215 -0.016512332 0.005266563
-0.01153082 -0.016557969 0.005255945
-0.010743434 -0.016342942 0.0052343579
-0.009897124 -0.016012184 0.005058106
-0.0034303637 -0.016504487 0.005287529
-0.002451835 -0.016536513 0.0053393431
-0.0015248974 -0.016516522 0.0053378916
-0.00052640936 -0.01660206 0.005340395
0.0005105501 -0.016565459 0.0053493669
0.0015411343 -0.01652549 0.0053471853
0.0024745984 -0.016504297 0.0053559407
0.0033622538 -0.016503194 0.0053849765
0.0040264875 -0.016906016 0.0051181642
0.010650382 -0.016342066 0.005344579
0.011471029 -0.016548598 0.0054112077
0.012500725 -0.016501317 0.0054484708
0.013548315 -0.016441328 0.0054875053
0.014465561 -0.016497128 0.0054763751
0.015462697 -0.016515179 0.0054430733
0.016469238 -0.016496759 0.0055171689
0.017476613 -0.016518274 0.0055132704
0.01850138 -0.016513713 0.005407108
-0.018408114 -0.01558412 0.0052249944
-0.017428949 -0.015610253 0.0052218917
-0.016458256 -0.015508651 0.0052230889
-0.015475675 -0.015552788 0.0052265432
-0.014496566 -0.015481818 0.0052601937
-0.013499481 -0.015548166 0.0052560102
-0.01249606 -0.015533341 0.0052398555
-0.011507418 -0.015560614 0.0052211219
-0.010575699 -0.015451166 0.0052751517
-0.0097402781 -0.015273616 0.0052866596
-0.0033376722 -0.015517165 0.0052953395
-0.0024193828 -0.015546029 0.0053043109
-0.0015508676 -0.015514845 0.0053075417
-0.00048294821 -0.015596069 0.0053215032
0.00056915788 -0.015541991 0.0053336564
0.0014900261 -0.015510548 0.0053414293
0.0024579347 -0.015497755 0.0053488724
0.0032850555 -0.015590374 0.0054648337
0.0097795771 -0.015364528 0.0053300634
0.010461419 -0.01554269 0.0054322742
0.011468021 -0.01554671 0.0054126768
0.012502325 -0.015465004 0.0054438319
0.013511118 -0.015455558 0.0054790396
0.014516543 -0.015487223 0.005485998
0.015479136 -0.015494305 0.0054538879
0.01650166 -0.015530994 0.0054801176
0.017480731 -0.015492738 0.0054612528
0.018375766 -0.015575552 0.0054349019
-0.018253403 -0.014539861 0.005222545
-0.017461952 -0.014562074 0.0051705171
-0.016450215 -0.014453082 0.0052116155
-0.015481206 -0.014497338 0.0051810453
-0.014493607 -0.014447583 0.0052072206
-0.013468908 -0.014490589 0.0052339723
-0.012482391 -0.014555775 0.0052500875
-0.011514116 -0.014477781 0.0052259048
-0.010554108 -0.014466319 0.0052546272
-0.0096551105 -0.014421152 0.005272306
-0.0086543746 -0.01404972 0.0050603282
-0.003263603 -0.014486504 0.005234241
-0.0025144296 -0.014483222 0.0053193509
-0.0015141126 -0.014466078 0.0053184773
-0.00047099369 -0.014510151 0.0053261495
0.00056115031 -0.014470806 0.0053073834
0.0015406946 -0.014432422 0.005319681
0.0025052149 -0.014522315 0.0053399112
0.003201955 -0.014515862 0.0053336895
0.0089182556 -0.014199651 0.0052491729
0.009508417 -0.014455764 0.0053913458
0.010508399 -0.014485479 0.0054152561
0.011498907 -0.014493893 0.0054420661
0.012491507 -0.014529395 0.005439756
0.013510512 -0.014484277 0.0054471591
0.014518115 -0.014518297 0.0054395376
0.015463938 -0.014497311 0.0054660942
0.01645554 -0.014508827 0.0055015078
0.017481422 -0.014476079 0.0054591782
0.018194871 -0.014567452 0.0054321745
-0.018163271 -0.013763017 0.0052012848
-0.017433479 -0.01352337 0.0051852404
-0.016528869 -0.013423575 0.0052213096
-0.015518297 -0.013465979 0.0052109105
-0.01451195 -0.013542365 0.0052327202
-0.013442274 -0.0134771 0.0052257827
-0.012473729 -0.013531127 0.0052604028
-0.011456658 -0.013504615 0.0052389195
-0.010524239 -0.013440486 0.0052545113
-0.0094851954 -0.013431257 0.0052716099
-0.0086491527 -0.013379929 0.0051304889
-0.0044474406 -0.013103073 0.0051918412
-0.0033570933 -0.013411922 0.0052412283
-0.0024636579 -0.01346904 0.0053069131
-0.0015345861 -0.013512121 0.0053216037
-0.00046125153 -0.013465283 0.0053045675
0.00056050136 -0.013476117 0.0053025037
0.0015031806 -0.013429258 0.0053149988
0.0024562301 -0.013523747 0.0053398381
0.0033657267 -0.013261438 0.005301367
0.0044391397 -0.013045511 0.0052772337
0.0086624818 -0.013370727 0.0053631905
0.0094710793 -0.01348609 0.0054200571
0.010482975 -0.013515454 0.0054075788
0.011535627 -0.013473533 0.0054063261
0.012516471 -0.01351772 0.0054232208
0.013529239 -0.013496358 0.0054571745
0.01449823 -0.013519048 0.0054504485
0.015471702 -0.013509169 0.0054388708
0.016460458 -0.013514394 0.0054836068
0.01753635 -0.013459338 0.0054160482
0.018242992 -0.013744366 0.0051955008
-0.0173833 -0.012640379 0.0052141403
-0.016583392 -0.012521083 0.0052109309
-0.015494482 -0.012512598 0.0052011833
-0.014564053 -0.012534904 0.0052356576
-0.01347183 -0.012552968 0.0052301153
-0.012509781 -0.012590165 0.0052491366
-0.011450387 -0.012478583 0.005246528
-0.010534037 -0.012508669 0.0052516251
-0.0094856843 -0.012529809 0.0052879988
-0.0085301772 -0.012429207 0.0052661956
-0.0074956589 -0.0121646 0.0051351925
-0.0063364329 -0.012204659 0.0052367211
-0.0054456326 -0.012408154 0.0052788691
-0.0044697393 -0.012514031 0.0052816514
-0.0034880973 -0.012550793 0.0052667959
-0.0024801539 -0.012463653 0.0052968543
-0.0015482195 -0.012579249 0.0053229486
-0.00044549583 -0.012544355 0.0052872077
0.00057474925 -0.012574012 0.0053398097
0.0015773275 -0.012465283 0.0053165117
0.0025206197 -0.012471613 0.0053612851
0.0035118267 -0.012504179 0.0053430642
0.0045281388 -0.012568978 0.0053053149
0.0054350737 -0.012353309 0.0053769341
0.0062545952 -0.012241801 0.0053303335
0.0078015625 -0.012393122 0.0053171888
0.0084852632 -0.012523688 0.0053742523
0.0094872564 -0.01249207 0.0054167127
0.010498225 -0.012513029 0.0054120566
0.011512121 -0.012507887 0.0054179113
0.012527089 -0.012515715 0.0054217656
0.013516288 -0.012484615 0.0054644789
0.014517307 -0.012521752 0.0054254904
0.015483375 -0.012563115 0.0054750182
0.016536832 -0.012478286 0.0054687997
0.017367601 -0.012563809 0.0053688209
0.01802193 -0.012709163 0.0051735169
-0.017175971 -0.01172526 0.0052691856
-0.016471695 -0.011535108 0.0051624947
-0.015473987 -0.011493254 0.0052318699
-0.014539365 -0.011518832 0.0052160514
-0.013442636 -0.011601792 0.0052198195
-0.012496318 -0.011588945 0.0052449894
-0.011401875 -0.011556613 0.0052149282
-0.010466277 -0.011510206 0.0052370657
-0.0095192054 -0.01155581 0.0052814982
-0.008468939 -0.01152886 0.005243774
-0.0074654515 -0.01149705 0.0052593919
-0.0065249167 -0.011571494 0.0052509513
-0.0055354196 -0.011508743 0.0052820044
-0.0044920617 -0.011517635 0.0052992729
-0.0035211982 -0.011538713 0.0052585565
-0.0025080973 -0.011529986 0.00527426
-0.001517552 -0.011593114 0.0053228396
-0.00044666263 -0.011537652 0.0052863308
0.00057027745 -0.011608125 0.0052977623
0.0016323701 -0.011484719 0.0053392528
0.0025232558 -0.011504406 0.0052792053
0.0034919472 -0.011509054 0.0053665615
0.004505523 -0.011534217 0.0052885092
0.0054659676 -0.011496615 0.0053568194
0.006474507 -0.011561212 0.0053510261
0.0074804276 -0.011494543 0.0053484528
0.0084946025 -0.011530448 0.0053778808
0.0094953701 -0.011505804 0.0053752246
0.010502289 -0.01150323 0.0053933403
0.011553227 -0.011491954 0.0054189325
0.012507425 -0.011541872 0.0053817788
0.013533873 -0.011524541 0.0054146927
0.014494166 -0.011517244 0.0054297247
0.015486487 -0.011511642 0.0054154564
0.01649091 -0.011492252 0.005438637
0.017198877 -0.01173109 0.0054582446
-0.016241791 -0.010766326 0.0052152378
-0.01543481 -0.010444026 0.0052201618
-0.014542427 -0.010494607 0.0051811612
-0.013431065 -0.010534992 0.0052011316
-0.01248813 -0.010579511 0.005210517
-0.011449385 -0.010465533 0.0052131875
-0.01049934 -0.010498269 0.0052313427
-0.0095640859 -0.010505293 0.005246589
-0.0085146008 -0.010495168 0.0052139969
-0.0074440963 -0.010498962 0.0052382769
-0.006511989 -0.010501487 0.0052422816
-0.0055386769 -0.010465983 0.0052588913
-0.0044928119 -0.010463766 0.0052868407
-0.0034900662 -0.010466713 0.0052494956
-0.0024831081 -0.010512293 0.0052646301
-0.0015613941 -0.010461795 0.005295103
-0.0004471642 -0.010430211 0.0052575427
0.00058804342 -0.010490541 0.0052770022
0.0015677465 -0.010489129 0.0053154924
0.0025380421 -0.010508537 0.005309816
0.0035013941 -0.01047423 0.005327818
0.0045174272 -0.010480206 0.0052742651
0.0054365564 -0.010517832 0.0053528021
0.0064788447 -0.01049087 0.0053327447
0.0074681947 -0.010503803 0.0053722919
0.0084930779 -0.010482399 0.0053632893
0.0094986549 -0.01052398 0.0053775166
0.010513623 -0.010494374 0.0053757248
0.011531103 -0.010479148 0.0054016807
0.012503381 -0.010508619 0.0053787045
0.01349555 -0.010491015 0.0054290676
0.014496009 -0.01048628 0.0054086666
0.015516608 -0.010499586 0.0054165656
0.016330691 -0.010670537 0.0053472822
-0.015346021 -0.0098603703 0.0052538961
-0.014369926 -0.0095291464 0.0052118818
-0.013481895 -0.0095464289 0.0051968331
-0.012510881 -0.009421424 0.0052263788
-0.011469262 -0.0093673458 0.0052365819
-0.010527313 -0.0094709806 0.0051677157
-0.0094914604 -0.0094483616 0.005221629
-0.0085031604 -0.0094498582 0.0052371388
-0.0074482467 -0.0095081003 0.0052505904
-0.006523469 -0.0094785588 0.0052469284
-0.0055405041 -0.009473443 0.0052721472
-0.0044778436 -0.0094122952 0.0052749813
-0.0034615656 -0.009434063 0.0052828612
-0.0024686379 -0.0094532752 0.0052821073
-0.0015408567 -0.0094206277 0.0052831164
-0.00045025596 -0.0093537299 0.0052596745
0.00056248187 -0.0094368514 0.0052887779
0.0015729219 -0.0094591044 0.005316854
0.0025208888 -0.0095045632 0.0053184163
0.0034853234 -0.0094833411 0.0053322548
0.0044771493 -0.0094862804 0.0053077792
0.0054325238 -0.0094702709 0.0053559463
0.0064500761 -0.0094684325 0.0053358423
0.0074524861 -0.0095153116 0.0053815977
0.0085097579 -0.0094471434 0.0053528328
0.0095269661 -0.009505176 0.0053737937
0.010530661 -0.0094884364 0.0053593381
0.011563523 -0.0094773397 0.0053892503
0.012525871 -0.0094662579 0.0053713568
0.013477065 -0.0094555803 0.0054303585
0.014417768 -0.0095173437 0.0053597293
0.015201673 -0.0098263891 0.00532539
-0.013304705 -0.0087523041 0.0052644745
-0.012503803 -0.0084481845 0.0052127135
-0.011484042 -0.0084344568 0.0052177683
-0.010424217 -0.008455026 0.0052105472
-0.0095141828 -0.0084637851 0.0052251546
-0.0085048126 -0.008436108 0.0052249888
-0.00744884 -0.0086081102 0.0052371509
-0.0064978269 -0.0086090602 0.0052600806
-0.005581521 -0.0085369404 0.0052711666
-0.004430857 -0.0084656766 0.0052784937
-0.0034253178 -0.0085165938 0.0052731824
-0.0024118435 -0.0084802881 0.0052653295
-0.0015747128 -0.0085196076 0.0052894596
-0.00045173339 -0.0084906658 0.0052658287
0.00053235906 -0.0084681949 0.0052883904
0.0015678573 -0.0085021313 0.0053205215
0.0025011676 -0.0084913364 0.0053045996
0.0034878547 -0.0085075349 0.0053042159
0.0044872803 -0.0085240006 0.0053001228
0.0054378035 -0.008466199 0.0053746887
0.0064365268 -0.0085615888 0.0053508258
0.0074536824 -0.0085297413 0.005363869
0.008511642 -0.0084874406 0.0053521534
0.0094929151 -0.0084891403 0.0053774384
0.010474541 -0.0084799407 0.0053577786
0.011498574 -0.008488101 0.0053679394
0.012471352 -0.0084870644 0.0053523835
0.013343222 -0.0087474864 0.0053830729
0.014028818 -0.0089557841 0.0052883313
-0.012228921 -0.0077163056 0.0051654866
-0.0114568 -0.0075600096 0.0052282596
-0.010436011 -0.0074321944 0.0051942677
-0.0095517905 -0.0075351945 0.0052075176
-0.0085220672 -0.0075247851 0.0051904595
-0.0074258563 -0.0075765629 0.0052225362
-0.0064106947 -0.0075856866 0.0052178046
-0.0054959389 -0.0075100968 0.0052360632
-0.0044287522 -0.0075118779 0.0052331653
-0.0034849395 -0.0075749895 0.0052632587
-0.0023818715 -0.0075193839 0.0052832053
-0.0015520758 -0.0075235241 0.0052688965
-0.00041249979 -0.0075602331 0.0052745636
0.0006086987 -0.0075360895 0.0052719391
0.0015863668 -0.0075169052 0.0052986089
0.002517764 -0.0075232452 0.0052797953
0.0035061538 -0.007509944 0.0052797925
0.0044513945 -0.0075571458 0.0052497122
0.005388068 -0.0074923574 0.005290586
0.0064948807 -0.0075452523 0.0052915653
0.0074754469 -0.0075191204 0.0053607165
0.0085259415 -0.0075265649 0.0053401124
0.0094975568 -0.0075021959 0.0053798012
0.010458907 -0.0075042015 0.0053761103
0.011500205 -0.0075070965 0.0053818896
0.012223857 -0.007819254 0.0053105955
-0.012253908 -0.0064674523 0.0051879454
-0.011463034 -0.0065461085 0.0052313437
-0.010434959 -0.0064890627 0.005189016
-0.0094868252 -0.0065555638 0.0052170521
-0.0084747607 -0.0065398454 0.0051867352
-0.007372654 -0.0064498717 0.005212429
-0.0063611502 -0.006487139 0.0052066399
-0.0054904101 -0.0063988366 0.005204509
-0.0045010708 -0.0064461119 0.005220247
-0.0034114541 -0.0064827735 0.0052500642
-0.0024307913 -0.0064269523 0.0052319001
-0.0015540752 -0.0065343739 0.0052358788
-0.00043668647 -0.0064750682 0.0052566906
0.00059274066 -0.0064904117 0.0052839359
0.0015221032 -0.006461421 0.0052936114
0.0024401925 -0.0065010749 0.0052835308
0.0034968248 -0.0065104566 0.0052745608
0.0045514917 -0.0065459781 0.0052702771
0.0054327389 -0.0064643836 0.0052794339
0.0064877509 -0.0065088621 0.0053035086
0.0074788309 -0.0064973729 0.005339704
0.0085361637 -0.0064923526 0.0053245849
0.0095019126 -0.0064844675 0.0053398488
0.010481663 -0.006484326 0.0053527453
0.011495464 -0.0064866012 0.0053448356
0.012213147 -0.0062534008 0.0053273058
-0.0130103 -0.0052983989 0.0050815763
-0.012505838 -0.0054989532 0.0052289297
-0.011466832 -0.005600831 0.00521628
-0.010472514 -0.0054625594 0.0052474174
-0.0095060701 -0.0055923271 0.0052259378
-0.0085136387 -0.0055781356 0.0051975464
-0.007418857 -0.0054775826 0.0052193319
-0.0064261341 -0.0054458524 0.0052220719
-0.0055042421 -0.0054021017 0.0052274787
-0.0044538612 -0.0053356206 0.0052446891
-0.0034550014 -0.0054680067 0.0052445047
-0.0024493344 -0.0054581244 0.0052793934
-0.0015462365 -0.0055108988 0.0052431989
-0.00040281465 -0.0055053332 0.0052384725
0.00053592323 -0.0054464843 0.0052918685
0.0015484685 -0.0055047031 0.0053217583
0.0024907959 -0.005520809 0.0052907974
0.0035117094 -0.0054852865 0.0053084819
0.0044944379 -0.0054984409 0.0052979244
0.0053941747 -0.0054896781 0.0053208182
0.0064498833 -0.0054421723 0.0052941125
0.0074990629 -0.0055314903 0.0053194584
0.0085683204 -0.0054305876 0.0053112982
0.0094993087 -0.0054997108 0.0053505972
0.010439026 -0.0053990213 0.005332503
0.011474117 -0.0054978984 0.0053722435
0.012367856 -0.0053978385 0.0052969954
-0.019488946 -0.0040375926 0.005098735
-0.01885864 -0.0040686792 0.0052653342
-0.013180979 -0.0042598303 0.0051950128
-0.012554842 -0.0045518223 0.0052202097
-0.01149187 -0.0046384735 0.0052087489
-0.010473093 -0.0045236307 0.0052241576
-0.0095704263 -0.0045925425 0.0052299616
-0.0085743926 -0.0045702537 0.005209527
-0.007514073 -0.0045329574 0.0052166157
-0.0063275364 -0.0045936499 0.005200176
-0.0055257804 -0.0045287134 0.0052158618
-0.0044739284 -0.0044718129 0.0052116821
-0.0034004285 -0.0045311581 0.0052409703
-0.0023763585 -0.0045524738 0.0052655423
-0.0014858308 -0.0045326771 0.0052012894
-0.00039361927 -0.0046406672 0.0052278745
0.00057949068 -0.0045918468 0.0052661765
0.0015136752 -0.0045266817 0.005281203
0.0024509525 -0.0045260671 0.0052747461
0.0034936983 -0.0045533897 0.0052596
0.0046089753 -0.0045262342 0.0052919788
0.005426628 -0.0045327083 0.005292004
0.0064366399 -0.0044367379 0.0053060311
0.0075244647 -0.0045365151 0.0053291661
0.0086173899 -0.0044952701 0.005312046
0.0095498776 -0.0045437696 0.0053480663
0.010404384 -0.0044949041 0.0053317267
0.011476543 -0.0045071077 0.0053626299
0.012490218 -0.0044883415 0.0053178235
0.013149422 -0.0043525989 0.00514392
-0.022386106 -0.0031591393 0.0051309881
-0.021520987 -0.0031543137 0.0051403777
-0.020483799 -0.0034728977 0.0051560989
-0.019501561 -0.003385609 0.0051940111
-0.018451093 -0.0035381257 0.0051402282
-0.017587237 -0.0034920326 0.0052161352
-0.016635647 -0.003347239 0.0051523075
-0.015545549 -0.003234369 0.005148734
-0.014686018 -0.0031239898 0.0051377136
-0.013415628 -0.0033546388 0.0051846737
-0.012582842 -0.0035640781 0.0052185869
-0.011477027 -0.0036461705 0.0052004745
-0.01044987 -0.0035377308 0.0052455454
-0.0095544811 -0.0034975936 0.0052276915
-0.0085382396 -0.0034945153 0.0052183094
-0.0074765552 -0.0034720623 0.005248148
-0.0063440399 -0.0035588562 0.0052308138
-0.0054593068 -0.0035777634 0.0051952731
-0.0044728676 -0.0034711591 0.0051959557
-0.003411246 -0.0036087823 0.0051970109
-0.0024234375 -0.0035207099 0.0052340995
-0.00153758 -0.0035447809 0.0051735067
-0.00044162563 -0.0035458116 0.0052306899
0.00054379966 -0.0035751122 0.0052748974
0.0015083525 -0.0034938387 0.005273263
0.0024467541 -0.0034652604 0.0052463263
0.0034723787 -0.0035302257 0.0052600359
0.0046063811 -0.0035188273 0.0053041447
0.0053829919 -0.0035011279 0.0052825473
0.0064640963 -0.0035138226 0.0052740942
0.0074834768 -0.0034980499 0.0052961777
0.0085731512 -0.0034890254 0.0053219311
0.009514167 -0.0035149388 0.0053164405
0.010390702 -0.0036021043 0.0053114747
0.011420268 -0.0035458701 0.0053666509
0.01256372 -0.0034881895 0.0053599859
0.013319192 -0.0034010254 0.0052666026
0.014670588 -0.0031125541 0.005292126
0.015533178 -0.003260968 0.0052891942
0.016491184 -0.0032818206 0.0053740302
0.017540775 -0.00347505 0.0053490526
0.018525058 -0.0035613147 0.005348864
0.019521844 -0.0035704812 0.0053536412
0.020466587 -0.0034780861 0.0053316308
0.021465207 -0.0032531284 0.0053355768
0.02214223 -0.0030879953 0.0051779156
-0.024017543 -0.0024417907 0.0050281105
-0.023278916 -0.0023717103 0.0051701963
-0.022519713 -0.0024000439 0.0051621352
-0.021504628 -0.0025283443 0.0051492504
-0.020516858 -0.0024817286 0.005140435
-0.019559288 -0.0023767035 0.0051864022
-0.018419769 -0.0025130385 0.0051662773
-0.01751364 -0.0025901143 0.0051766071
-0.016368983 -0.0025089683 0.0051396126
-0.015457046 -0.0024116337 0.0051756166
-0.014518219 -0.0025381963 0.0051662172
-0.013534485 -0.0023452174 0.0051976223
-0.012677887 -0.0025186953 0.0051923343
-0.011470485 -0.0025811892 0.0051872409
-0.010516689 -0.0025463912 0.0052130264
-0.0095341243 -0.0023900445 0.0052162097
-0.0086358646 -0.0024807383 0.0051912437
-0.0074636736 -0.0024549104 0.0051951329
-0.006265535 -0.0025064957 0.0052223625
-0.0054160696 -0.0025914463 0.0052401135
-0.0044290805 -0.0024960169 0.0052155685
-0.0034803983 -0.0026189494 0.0052582743
-0.0024105757 -0.0024728468 0.0052613453
-0.0015112591 -0.0026001642 0.0051775528
-0.00045836746 -0.0026261276 0.0052236007
0.0005547725 -0.0025428978 0.0052857213
0.0015089002 -0.002611686 0.005289068
0.0024553882 -0.0025311499 0.0052707824
0.0035331491 -0.0026202369 0.0052369372
0.0045534899 -0.0026823836 0.0052774516
0.0054353834 -0.0026239378 0.0052682864
0.0064191963 -0.0025732408 0.005304262
0.0074803466 -0.00255155 0.0052895029
0.0086480603 -0.002586927 0.0052808323
0.0095479377 -0.0026022349 0.0052920086
0.010401351 -0.002611255 0.0053108139
0.011449379 -0.002647212 0.0053204601
0.012532976 -0.0025144499 0.0053549483
0.01349493 -0.0025302162 0.005348329
0.014452296 -0.0024946507 0.0053491145
0.015484428 -0.0025164851 0.0053204717
0.016482843 -0.0024915983 0.0053517185
0.017482491 -0.0024796608 0.0053549791
0.018527096 -0.0024986779 0.0053786226
0.01950489 -0.0024996807 0.0053633293
0.020547204 -0.002493144 0.0053938651
0.021523772 -0.0024880562 0.0053764917
0.022512544 -0.0025203547 0.0053885533
0.023406001 -0.0022466555 0.0053256871
0.024126347 -0.0020046113 0.0053418982
-0.025179377 -0.0011762301 0.0051181465
-0.024317928 -0.0016124329 0.0051291832
-0.023410814 -0.0016132074 0.0051281201
-0.02228439 -0.0015098349 0.0050952123
-0.021513047 -0.0015318653 0.0051406948
-0.02051422 -0.0014840076 0.0051573399
-0.019687843 -0.0013333838 0.0051154085
-0.018515125 -0.0014344478 0.0051504201
-0.017492546 -0.001592812 0.0051710773
-0.016426185 -0.0014105845 0.0051597916
-0.015403772 -0.0013614256 0.0051605357
-0.014566545 -0.0017826898 0.0051359758
-0.013549265 -0.0014746899 0.0055335774
-0.012509498 -0.0016066214 0.0054679392
-0.011476918 -0.001611835 0.0054826201
-0.010479313 -0.0015943757 0.0055660591
-0.0094725844 -0.0015643805 0.0055464115
-0.0084708752 -0.0015808034 0.0055787619
-0.0074960268 -0.0015617876 0.0055225827
-0.0064365789 -0.0015955193 0.0055066058
-0.0055472716 -0.0015742296 0.0055502462
-0.004508053 -0.001584261 0.0055071777
-0.0034752593 -0.0015819513 0.0055238619
-0.0024408801 -0.001594504 0.0055166488
-0.0015222599 -0.0015798677 0.0054274476
-0.00047097052 -0.0016259851 0.0054285456
0.00053787412 -0.0015838977 0.0054083392
0.0014901133 -0.0016194651 0.0054384703
0.0024483155 -0.0016011196 0.0054485183
0.0034717096 -0.0016216645 0.0054737297
0.004544544 -0.001624395 0.0054662013
0.0054529416 -0.001619693 0.0054655261
0.0064692074 -0.0016162811 0.0054107388
0.0074889483 -0.001607901 0.0054886644
0.0085892314 -0.0016429517 0.0054102605
0.0095439926 -0.0015935198 0.0055150036
0.010477168 -0.0016021437 0.0055416166
0.011508885 -0.0016782893 0.0054657687
0.012565598 -0.0016360456 0.005429883
0.013491518 -0.0014843718 0.0053763855
0.01452137 -0.0014649876 0.0053219632
0.015449643 -0.0015443233 0.005318909
0.016444942 -0.0015724829 0.005328041
0.01744955 -0.0014884659 0.0053760405
0.018527998 -0.0015343491 0.0053515499
0.019497398 -0.0014670716 0.0053794445
0.0205024 -0.0014845746 0.0053566415
0.021523902 -0.0015234478 0.0053901379
0.022518251 -0.0015352343 0.0053761899
0.023498924 -0.0015520258 0.0053618513
0.024448218 -0.0014160201 0.0053336835
0.025141418 -0.0010937942 0.0052778758
-0.025215618 -0.00037671451 0.0050860224
-0.024423309 -0.00059563731 0.0050986866
-0.023435181 -0.00047583412 0.0050980593
-0.022298522 -0.00039876089 0.0050797719
-0.021568693 -0.00058373547 0.0051463367
-0.02053774 -0.0004958784 0.0051505994
-0.019604795 -0.00047413018 0.0051199277
-0.018441737 -0.00054080965 0.0051470366
-0.017339261 -0.00049445394 0.0050660754
-0.016458375 -0.00039170496 0.0051698498
-0.015606452 -0.00055511179 0.0051883757
-0.014570771 -0.00069327396 0.0052028764
-0.013712701 -0.00057123427 0.0055847121
0.013499832 -0.00046779413 0.0054323948
0.014509768 -0.00043398704 0.0052945474
0.015405993 -0.00049324782 0.0052908859
0.016396848 -0.00049183308 0.00532023
0.017448328 -0.00051855709 0.005340666
0.01855492 -0.00050390785 0.0053439047
0.019529225 -0.00049376872 0.0053326492
0.020519992 -0.00050290913 0.0053621801
0.02149809 -0.00049269176 0.0053567868
0.02246999 -0.00053126045 0.0053920192
0.023489902 -0.00049082388 0.0053802091
0.024513794 -0.00049802405 0.0053296373
0.025120888 -0.00049882435 0.0052600089
-0.025155436 0.00066026975 0.005190094
-0.024408203 0.00044814911 0.005085594
-0.023560585 0.00044879754 0.0051449263
-0.022203146 0.00058997766 0.0050776098
-0.021749457 0.00038979776 0.0051748641
-0.02058652 0.00057635776 0.0050884718
-0.019651605 0.00048716005 0.0051478376
-0.018360104 0.00038386256 0.0051025185
-0.017625008 0.00048966607 0.005122833
-0.016345851 0.00063157361 0.0051201312
-0.015839897 0.00039757171 0.0050720214
-0.013719566 0.00048837945 0.0056276652
0.013468529 0.00055664574 0.0054607131
0.014468066 0.00052617007 0.0053373049
0.015421851 0.0005283358 0.0052984213
0.01643062 0.00054702006 0.0052987472
0.017475683 0.00045472584 0.0053181774
0.018581944 0.0004991006 0.0053359596
0.01952971 0.00049895665 0.0053271973
0.020522149 0.00050235097 0.005340117
0.021485968 0.00051490153 0.0053375568
0.022485992 0.00050397025 0.0053665908
0.023571735 0.00048928574 0.0053903926
0.024546443 0.00046458052 0.0053277868
0.025090003 0.00052411581 0.0052623767
-0.024350885 0.0013213205 0.0051225433
-0.023663728 0.0016413173 0.0050833281
-0.02219177 0.0013726193 0.0051140981
-0.021761838 0.0015458756 0.0051334724
-0.020638105 0.0015541449 0.0050993003
-0.019545166 0.0016441161 0.0051232339
-0.018386548 0.0016901091 0.0050891084
-0.017316211 0.0015262887 0.0050563328
-0.01637586 0.0014834581 0.0050808191
-0.015459334 0.001381962 0.0051134783
-0.014471178 0.0011363653 0.005022787
-0.013521254 0.0013557954 0.0055185808
-0.012486217 0.0014373699 0.0055066128
-0.01147398 0.0014596736 0.0055125202
-0.010489182 0.0014579198 0.0054793027
-0.0095116775 0.0014507642 0.0055215717
-0.0085396338 0.0014532021 0.0054727076
-0.0074459058 0.0014603551 0.0055085737
-0.0064085177 0.0014642499 0.0054685674
-0.0055060522 0.001466444 0.0054753628
-0.0045845634 0.0014705203 0.0055434937
-0.0034903504 0.0014788759 0.005505499
-0.0025440415 0.0014795831 0.0054912362
-0.0017570091 0.0017117027 0.0053915689
0.0014072175 0.001679442 0.0054519563
0.0024632311 0.001619383 0.0054142871
0.0034285407 0.0015867505 0.0054694964
0.0045052562 0.001589874 0.0055256821
0.0054534674 0.0015793222 0.0054546082
0.0065428745 0.001605081 0.0053801453
0.007444147 0.0016078444 0.0055243094
0.0085391933 0.0016973895 0.0053775571
0.0094867377 0.0016334973 0.0055207759
0.010506923 0.0015994868 0.005548947
0.011437377 0.0016322307 0.0054858462
0.012476547 0.0016625139 0.0054201321
0.013459336 0.001470234 0.0054339017
0.014526309 0.0015374442 0.005300872
0.015464511 0.0014818507 0.0053092805
0.01643453 0.0014784527 0.0053083044
0.017475545 0.0014868819 0.0052982615
0.018502044 0.0015338761 0.0053285174
0.019501904 0.0014742424 0.0053144339
0.020486232 0.001512734 0.0053410209
0.021530921 0.0014946101 0.0053267949
0.022496309 0.0014894016 0.0053622508
0.023492685 0.001462349 0.0053533632
0.024425281 0.0014489967 0.0053056753
0.02513063 0.0013060669 0.005254826
-0.02393757 0.002188337 0.0051177572
-0.022315187 0.0024107059 0.0050879363
-0.021557227 0.0027033321 0.0050197435
-0.020578118 0.002408355 0.0050734575
-0.019667478 0.0025526856 0.0050624358
-0.018392544 0.0023814412 0.0050644716
-0.017346444 0.0025096652 0.005059212
-0.016274909 0.0025228583 0.0050551849
-0.015084909 0.0022038892 0.0050482498
-0.014687809 0.0026522472 0.0050691306
-0.013777104 0.0025584458 0.0051024607
-0.012451338 0.0026769422 0.005031113
-0.011341406 0.0024832049 0.0051251887
-0.010391089 0.0027179136 0.0050505302
-0.0094263954 0.002038551 0.0050711501
-0.0082958993 0.0024058591 0.0050635487
-0.0062837414 0.002373891 0.0050723506
-0.0043582753 0.0026887311 0.0050864602
-0.0017533541 0.0025367385 0.005600357
0.0013224096 0.0026286363 0.005418425
0.0024069473 0.0025019622 0.0052306606
0.0034220479 0.0025431381 0.0052083759
0.0044604181 0.0024870734 0.0052421112
0.0054896302 0.0024459879 0.0052454174
0.0064653428 0.0024830687 0.0052403798
0.0075587831 0.0025413521 0.0051981527
0.0086001726 0.0025479707 0.0052080182
0.0096442848 0.0025636882 0.0052077561
0.010440089 0.0025427658 0.0051887184
0.011411299 0.0025522751 0.0052433354
0.012434782 0.0025674615 0.0052492702
0.013446679 0.0025459437 0.0052836025
0.014477011 0.0025483991 0.0052802903
0.015454826 0.0025031054 0.0052926722
0.016522385 0.0025171777 0.0052817236
0.0174652 0.0024981832 0.0052955458
0.018511783 0.0025335725 0.0052958415
0.019490203 0.002472098 0.0053052162
0.020482978 0.002570173 0.0053071459
0.021503683 0.0025299655 0.0053212927
0.022506291 0.0025011804 0.0053086821
0.023445858 0.0023567413 0.0052467813
0.024190621 0.0020675678 0.0053115264
-0.021486405 0.0032495381 0.0051143114
-0.020119853 0.0035429234 0.0051424252
-0.019581569 0.0034641298 0.0051131975
-0.018732252 0.003274665 0.0050712363
-0.017614057 0.0032465931 0.0050796401
-0.016124809 0.0030865557 0.0050195786
-0.015490275 0.0031575072 0.0051561049
-0.014653686 0.0030183997 0.0050865673
-0.013413589 0.0033567164 0.0050099436
-0.012716684 0.0032059131 0.0050386786
-0.011400484 0.0035614958 0.0051171146
-0.0093367398 0.0032639231 0.0051032053
-0.0072350404 0.0034958359 0.0050553237
-0.0052478714 0.0038314366 0.0050572548
-0.0017668012 0.0035973841 0.0055453572
0.0013377558 0.0035666758 0.0053968229
0.0024275784 0.0035146028 0.005197831
0.0033685451 0.0035239181 0.0051966286
0.0044634566 0.0035197739 0.0052308668
0.0054450645 0.0034265011 0.0052350829
0.0065214373 0.0035216655 0.005230587
0.0075314473 0.0034717761 0.0052202302
0.0085401451 0.0034788477 0.0052635511
0.0095663778 0.0035292946 0.0052372813
0.010455505 0.0035525674 0.005216422
0.011431132 0.0035647862 0.0052657509
0.012458388 0.0034864584 0.0052693649
0.013340263 0.0034193664 0.0051878556
0.014487618 0.0031500682 0.0052527809
0.015509157 0.0032967352 0.0052594766
0.016472735 0.0033770364 0.0052740332
0.017480763 0.0035132361 0.0052952245
0.018512618 0.0035601186 0.0053089987
0.01953299 0.0035992209 0.0052859625
0.020509006 0.0034780339 0.0052876412
0.021450693 0.0033402827 0.0053036744
0.022249447 0.0031220594 0.0052142623
-0.012589092 0.0041025337 0.0050637489
-0.011385838 0.0046839137 0.0050161798
-0.010272184 0.0040956098 0.0050274003
-0.0095347567 0.004638541 0.0050760214
-0.0081411526 0.0043931073 0.005030755
-0.007227357 0.0048121097 0.0050445423
-0.0061205141 0.0049524652 0.005028653
-0.0017607348 0.0044794031 0.005599054
0.0013590349 0.0044837808 0.0054219351
0.0024685399 0.0045163743 0.0052023525
0.0034039204 0.0044416967 0.0051570903
0.0045355773 0.004497197 0.0052394839
0.0054930709 0.0044786492 0.0052133137
0.0065230438 0.0044770869 0.005242289
0.0074744853 0.004365114 0.0052235248
0.0085347556 0.0044640084 0.0052686809
0.0095638996 0.0045107324 0.0052504581
0.010435678 0.0044539324 0.0052558794
0.011450522 0.0044797189 0.005265214
0.012470245 0.0044982238 0.0052675451
0.01317963 0.0044716964 0.0052170772
0.017978478 0.004029708 0.0051281285
0.018457195 0.004012756 0.0052884193
0.019196345 0.0040074033 0.0050438656
-0.012641327 0.0051994408 0.0050740228
-0.01137959 0.0054801814 0.0050920048
-0.010283722 0.0057089496 0.0050092088
-0.0081698596 0.0054644626 0.0050240261
-0.0075180698 0.0057770452 0.0052000107
-0.0062099979 0.0054853749 0.005042458
-0.0042435601 0.0052452912 0.0050429055
-0.0017380737 0.0054607205 0.005575316
0.001359052 0.0055055246 0.0054470128
0.0024562033 0.0055113267 0.0051987502
0.0034697098 0.0054584658 0.0051499577
0.0045267907 0.0054833824 0.0052224207
0.0055853967 0.0055487771 0.0051967273
0.0065375348 0.0055316561 0.0052276594
0.0074718143 0.0054661678 0.0051867287
0.0085637132 0.0054664137 0.0052528074
0.0095555624 0.0054982645 0.0052212928
0.010445322 0.0054371892 0.0052381535
0.011472768 0.0054806783 0.0052609607
0.012294687 0.0054802126 0.0051770336
-0.011075223 0.0065637091 0.0051417602
-0.0092564477 0.0062667173 0.0050646667
-0.0080785966 0.00677313 0.0050021857
-0.0071465746 0.0061305058 0.0050221318
-0.0065586939 0.0064193904 0.0050106244
-0.005112038 0.0063374219 0.0050153099
-0.0017592352 0.0065015457 0.0055829273
0.0013309477 0.0064932345 0.0053740158
0.0024602802 0.0065252385 0.0051943883
0.0034061652 0.0064906431 0.0051611313
0.0045493506 0.0065453202 0.0052101365
0.0055911774 0.0065591084 0.005182201
0.0065871575 0.0065872632 0.0052214535
0.0075379331 0.0065637007 0.0051697739
0.0085134236 0.0065020216 0.0052407468
0.00950188 0.0064602988 0.0052089933
0.010488149 0.0064948122 0.005225745
0.011398585 0.0064856899 0.0052614049
0.012244946 0.0064164582 0.0051723276
-0.010962074 0.0072947158 0.005117618
-0.0092993956 0.0074671512 0.0050927741
-0.008268035 0.0076522869 0.0050039273
-0.0074035926 0.0073173456 0.0051717218
-0.005152144 0.0074293828 0.0050192326
-0.0041342899 0.0076787462 0.0050017913
-0.0017415918 0.0075996998 0.0055744825
0.001321687 0.0075369598 0.0054512271
0.0023840049 0.0074875494 0.0051627164
0.0034602154 0.0074926354 0.0051531992
0.0045268331 0.0075145424 0.005191125
0.00562478 0.0075089093 0.0051661935
0.0065723052 0.0074800914 0.0052328049
0.0074709039 0.0074669356 0.0051516723
0.0084487377 0.0074770194 0.0052273017
0.00946791 0.0075048776 0.0052024703
0.010454012 0.0075196298 0.0052373866
0.011413041 0.007536279 0.0052435626
0.012116558 0.0078543313 0.0052416474
-0.013288571 0.0088121668 0.0051338361
-0.012424501 0.0084759444 0.0050839507
-0.010907804 0.0084211752 0.00510934
-0.0093597593 0.0082766023 0.0051131877
-0.008287034 0.0081654098 0.0052203992
-0.0075795683 0.008496738 0.005135301
-0.005565071 0.0082502514 0.0051700976
-0.0020031594 0.0087670023 0.0059251878
-0.0017729573 0.0085065393 0.0055748709
0.0013009097 0.0085392762 0.005420309
0.0024554008 0.0084808059 0.0051569017
0.0034530526 0.0084506599 0.005137634
0.0045827092 0.0084784348 0.0051521221
0.0055456348 0.0084641352 0.0051707737
0.0065536345 0.0084555075 0.0052043316
0.007448541 0.0084514143 0.0051672775
0.0084733153 0.0084897168 0.0052072941
0.0095471004 0.0085525801 0.0052037654
0.010462294 0.0084901256 0.0051842909
0.011461547 0.0085451836 0.0052306154
0.012487704 0.0085540581 0.0052121822
0.013186442 0.0087430561 0.0052595567
-0.015473671 0.0097713452 0.005035047
-0.014637872 0.0094774012 0.0050565153
-0.013538875 0.009750816 0.0050816149
-0.01265758 0.0094848443 0.0051047322
-0.010785531 0.0096999779 0.0050869845
-0.0091602691 0.0093580512 0.0051062219
-0.0082179252 0.0092747379 0.0051999521
-0.0078091724 0.009226447 0.0051079378
-0.0054814275 0.0097093116 0.0051426236
-0.0020079631 0.0096561639 0.0059329867
-0.0017847357 0.0094440272 0.0055776904
0.0013162497 0.0094642797 0.0054057129
0.002414725 0.0095477561 0.0051480257
0.003502642 0.0095018037 0.0051381765
0.0045113531 0.0094146691 0.0051915785
0.0055747447 0.0095069939 0.0051747141
0.006584547 0.0094679417 0.005174953
0.0075493627 0.0095376121 0.0051450524
0.0084651969 0.0094965706 0.0052038063
0.0094620734 0.0095480708 0.0051802243
0.010422097 0.0095334584 0.0051907785
0.011445222 0.0095243957 0.0052016699
0.012508745 0.0094654001 0.0052066487
0.013459128 0.0095209936 0.005221115
0.014425587 0.0096153952 0.005172655
0.015198283 0.0098774061 0.0051773544
-0.016537143 0.010790261 0.0050402358
-0.015354767 0.010843536 0.0050166082
-0.014711531 0.010245003 0.0050302399
-0.013470334 0.010725926 0.0050651669
-0.012528197 0.010704766 0.0050829491
-0.011748198 0.010118774 0.0050564734
-0.010541308 0.010514698 0.0051067816
-0.0092231389 0.010372195 0.0050755581
-0.0086362706 0.010695633 0.005113469
-0.0074669523 0.010267284 0.0051042372
-0.006303987 0.010149168 0.0051044924
-0.0037274829 0.01057727 0.0051418422
-0.0020130554 0.010549872 0.0059412695
-0.001743887 0.010479348 0.0055772737
0.0012873881 0.010449945 0.0053994698
0.0024316525 0.010578367 0.0051657623
0.0033422506 0.010479669 0.0051512518
0.0044885301 0.010442173 0.0051570809
0.0055822302 0.010529278 0.0051657502
0.0065399911 0.010557058 0.0051927674
0.00751522 0.010484524 0.0051433239
0.0085085211 0.010502674 0.0051956689
0.0094840704 0.010515683 0.0051801722
0.010456316 0.010582108 0.005181815
0.011450098 0.010494155 0.005220138
0.012502209 0.010504841 0.0051890616
0.013465309 0.010501495 0.0052043237
0.014533983 0.010465146 0.0052008643
0.015550188 0.010557385 0.0052141552
0.016293783 0.010764042 0.0051833605
-0.016231928 0.011646684 0.0050537912
-0.01447895 0.011137238 0.0050283624
-0.01352527 0.011738119 0.0050769239
-0.012247782 0.011813482 0.0050353799
-0.011688833 0.011461228 0.0050342437
-0.010508744 0.01155933 0.0050715785
-0.0091545489 0.011398061 0.0050583524
-0.0083269645 0.011713433 0.0050902944
-0.007514033 0.011346409 0.0050993105
-0.0062582749 0.011160037 0.0050872304
-0.0053991601 0.011130744 0.0051163053
-0.0048446581 0.011043768 0.0051011848
-0.0036697064 0.011919928 0.005150524
-0.0020179371 0.011448638 0.0059490609
-0.0017588933 0.011490065 0.0055372468
0.0012898135 0.01147521 0.005403012
0.0024930029 0.011501473 0.0051544174
0.0034494745 0.011390551 0.0051259282
0.004496587 0.01147568 0.0051523875
0.0056076739 0.011477212 0.0051574069
0.0065581687 0.011550042 0.0051488443
0.0075300592 0.011421571 0.0051393555
0.0084400047 0.011492073 0.0051870532
0.0094996309 0.011532457 0.0051499228
0.010463768 0.011512431 0.0051652235
0.011451065 0.011510912 0.0052171671
0.01249137 0.011506413 0.0051748967
0.013449378 0.011446422 0.0052001672
0.014520865 0.011497407 0.0052195531
0.015580805 0.011533557 0.0052206283
0.016457079 0.011523809 0.0051747533
0.017212195 0.011785191 0.0050582858
-0.017770469 0.012848506 0.005062107
-0.016318098 0.012553637 0.0050764997
-0.015504805 0.012276566 0.0050861132
-0.014349787 0.012312006 0.0050080884
-0.013377987 0.012606733 0.0050862925
-0.012381414 0.012370507 0.0050629969
-0.011629521 0.012789759 0.0050125485
-0.010520452 0.012639564 0.0050643631
-0.009087991 0.012407803 0.0050407005
-0.0085785696 0.012593828 0.0050582192
-0.0061556245 0.012306249 0.0050657354
-0.0052461755 0.01236338 0.005125301
-0.0047959457 0.012603647 0.0050660186
-0.0035236981 0.012884941 0.0051231594
-0.0020230669 0.012352009 0.0059574423
-0.0017554892 0.01249198 0.0055644284
0.0012569258 0.012475475 0.0054891813
0.0024440561 0.012477169 0.0051259226
0.0034501352 0.012448521 0.0050942237
0.0044598393 0.012469945 0.0051431633
0.0055021816 0.012299976 0.0051571787
0.0061751334 0.012202306 0.005154022
0.0077179922 0.012260502 0.0051351395
0.0084230471 0.012509555 0.0051382706
0.0095277866 0.012485982 0.005140814
0.010477854 0.012464122 0.0051537622
0.01141879 0.012500551 0.005172072
0.012522043 0.012504287 0.0051547224
0.013466772 0.012478732 0.0051902896
0.014525668 0.012477378 0.0051868539
0.015544537 0.012513929 0.0052059772
0.016504975 0.012516337 0.0051666782
0.017277185 0.012657743 0.0051318612
-0.017685652 0.013860498 0.0050449772
-0.016250666 0.013501063 0.0050604893
-0.015493774 0.013181238 0.0050711231
-0.013469122 0.013568408 0.0050972393
-0.012386892 0.013270491 0.0050557796
-0.011570306 0.013503331 0.0050066807
-0.01043373 0.01350908 0.0050471891
-0.0092020277 0.013902256 0.0050174808
-0.008723516 0.013171193 0.0050313985
-0.0035521924 0.013208238 0.0050767274
-0.0023137648 0.013469481 0.0052512162
-0.0015737845 0.013372403 0.0055282637
-0.00053810427 0.013511837 0.0054913918
0.00051505567 0.013501058 0.0055063027
0.0012785174 0.013385588 0.0053577698
0.0025144084 0.013453873 0.0051162899
0.003372015 0.013309872 0.0050825728
0.0086376509 0.013366452 0.0051161358
0.0094942227 0.013487366 0.0051534669
0.010571144 0.013473565 0.0051694079
0.011504591 0.013450011 0.005176953
0.012523666 0.013540968 0.0051490455
0.013548867 0.013505281 0.0051794946
0.014536875 0.013492152 0.0051591787
0.015534445 0.013448576 0.0051928605
0.01647822 0.013474061 0.0051734434
0.017446442 0.01356527 0.0051960545
0.018151267 0.013930883 0.005140027
-0.017602839 0.014861083 0.0050277803
-0.01618357 0.014439302 0.0050447546
-0.01547709 0.01453098 0.0050488701
-0.014040387 0.014580518 0.0051130699
-0.013179812 0.014409893 0.0050661629
-0.012494943 0.014213486 0.0050759972
-0.01038667 0.014335746 0.0050372174
-0.0096749039 0.014623838 0.0050037717
-0.0034106171 0.014774038 0.0050448766
-0.0024527493 0.014477475 0.0051042056
-0.0014723288 0.014454193 0.0050858273
-0.00054887269 0.014571974 0.0051377583
0.00043182692 0.014474728 0.0050985194
0.0014145762 0.014380122 0.0051188515
0.0025001154 0.014525034 0.0051139574
0.0030739927 0.01458911 0.005090618
0.0087928362 0.014303385 0.0050344029
0.009407022 0.014445258 0.0051447349
0.010526858 0.014514365 0.0051615299
0.01145329 0.014489177 0.0051735626
0.012443018 0.014501434 0.0051319515
0.013474839 0.014484199 0.0051593171
0.014518025 0.014508891 0.0051421365
0.015522045 0.01444273 0.005189464
0.016453026 0.014487262 0.0051648775
0.017413421 0.014504265 0.0052046999
0.018192913 0.014574952 0.0050969548
-0.017898832 0.015699608 0.0050126752
-0.016117524 0.015368296 0.0050290488
-0.015460531 0.015873488 0.0050267428
-0.014084142 0.015474254 0.0050977715
-0.013151499 0.015303319 0.0050512105
-0.012392512 0.015256898 0.0050570038
-0.011490857 0.015888046 0.0050833104
-0.010622099 0.015426438 0.0050651934
-0.0034949153 0.015658125 0.0050513782
-0.0024498668 0.015529012 0.0050791386
-0.001358464 0.015461375 0.005119795
-0.00058314967 0.015409004 0.0051090876
0.00042814284 0.015459829 0.0051075998
0.0014403693 0.015390988 0.0051037841
0.0025095283 0.015585113 0.0051156785
0.0032006274 0.015593803 0.0050249984
0.0097629279 0.015351142 0.0050964211
0.010511688 0.015515427 0.0051491447
0.011446944 0.015506282 0.0051297192
0.012492849 0.015459084 0.0051594698
0.013518174 0.015517148 0.0051460499
0.014510303 0.015453412 0.0051492653
0.015460681 0.015463364 0.0051878411
0.016388467 0.015491397 0.0051468611
0.01741099 0.015515842 0.0051714694
0.018232502 0.015496062 0.0050648637
-0.017142648 0.016001849 0.0050091892
-0.016052771 0.016288036 0.0050132936
-0.01550533 0.016523885 0.0050361441
-0.014127856 0.016364768 0.0050825612
-0.013422425 0.016465548 0.0050302176
-0.012291346 0.016283482 0.005038396
-0.011870457 0.016719427 0.0050382526
-0.0035121639 0.016455315 0.0050524808
-0.002448617 0.016576415 0.0050586346
-0.0013159404 0.016519032 0.0051081069
-0.00054171862 0.016401287 0.0051032826
0.00039624717 0.016413102 0.0050898152
0.0013815924 0.016515486 0.0050884592
0.0025283624 0.016486483 0.0051215556
0.0032183412 0.016759224 0.0050485292
0.0099699497 0.016052723 0.0050964137
0.010684196 0.016365446 0.0051300046
0.011502799 0.016501429 0.0051495782
0.012453178 0.016462594 0.005110845
0.013534061 0.016520588 0.0051522884
0.014525362 0.016441749 0.0051359194
0.015466676 0.016485056 0.0051771435
0.016418444 0.016481491 0.0051373607
0.01746767 0.016532814 0.0051549911
0.018349962 0.016498091 0.005085248
-0.015178112 0.017454341 0.005067151
-0.014171347 0.017252142 0.005067423
-0.013081755 0.017230941 0.0050172498
-0.0035220429 0.01735018 0.0050454955
-0.0025910528 0.017534357 0.0050576208
-0.001442227 0.017491052 0.0050906255
-0.00047341251 0.017464275 0.0050848499
0.0005223538 0.017464494 0.0050819675
0.0013523294 0.017570563 0.0050929841
0.0025285997 0.017499497 0.0050941925
0.0034159005 0.017652327 0.0050662481
0.011806209 0.017184814 0.005154117
0.012589106 0.017336879 0.0051139235
0.013532948 0.017533215 0.0051289573
0.014479837 0.01748115 0.0051256097
0.015393881 0.017461512 0.0051429067
0.016423371 0.017494554 0.0051336046
0.01740925 0.017470716 0.0051733647
0.018244004 0.017273422 0.0051260004
-0.0042513949 0.01845026 0.0050886995
-0.0036550264 0.018462565 0.0050522322
-0.0026840591 0.018546363 0.0050546625
-0.0013576838 0.01834723 0.0050993902
-0.00042267764 0.018474815 0.005061903
0.00046986531 0.018538566 0.0050587114
0.0013946479 0.018508753 0.0050739581
0.0025026815 0.018460853 0.0050982293
0.0035993571 0.018528631 0.0050633163
0.004013421 0.018623868 0.0050371042
0.013748774 0.018061377 0.0051430482
0.014631432 0.018211998 0.0051271636
0.015515822 0.018200949 0.0051509012
0.016443402 0.018228699 0.0051179463
0.017171888 0.018177547 0.0051595406
-0.0041879695 0.019313421 0.0051026652
-0.003356674 0.019324873 0.0050732498
-0.0027390793 0.019684443 0.0050431965
-0.0014459725 0.01934083 0.0050994405
-0.00040041222 0.019467873 0.0050681871
0.00058917858 0.019427465 0.0050929436
0.001342012 0.019435789 0.0050481982
0.0024628451 0.019424031 0.0050710537
0.0035673138 0.019386137 0.0050612809
-0.0033679167 0.020260219 0.0050577968
-0.0025695991 0.020536147 0.0050614132
-0.0013854548 0.020368526 0.005073017
-0.00053943566 0.020484384 0.0050649866
0.00064371934 0.020528248 0.0050698514
0.0013122795 0.020442447 0.0050862934
0.0024854043 0.020430177 0.0050654709
0.0033251501 0.020568395 0.0050771344
-0.0032600835 0.021138737 0.0050392258
-0.0026202477 0.021400927 0.0050475737
-0.0012357843 0.021374529 0.0050589633
-0.00043503815 0.021534005 0.0050374554
0.00064874406 0.021496505 0.0050555123
0.0013958205 0.021522254 0.0050610802
0.0023618476 0.021539753 0.0050885407
0.0031372095 0.021506635 0.0050156731
-0.0032360812 0.022085279 0.0050397976
-0.0026705256 0.022265173 0.0050337687
-0.0013434179 0.022446575 0.0050631682
-0.00043959994 0.022468394 0.0050378502
0.00062899769 0.022339176 0.005041854
0.0014646136 0.022386447 0.0050713867
0.0023185462 0.022376627 0.0050496864
-0.0028589144 0.023138653 0.0050005447
-0.001444326 0.023526181 0.005045326
-0.00064787199 0.023498327 0.0050272029
0.00071496988 0.023382679 0.0050391317
0.00162648 0.0235024 0.0050505036
0.0022686641 0.023030475 0.0050332826
-0.0013262375 0.024340615 0.0050413045
-0.00050654588 0.024379995 0.0050463784
0.00063151098 0.024401868 0.0050554764
0.0011669947 0.024217974 0.0050218841
-0.013513804 -0.0014862624 0.0065471153
-0.012458382 -0.00155022 0.0064942441
-0.011470936 -0.0015427815 0.0064563644
-0.010550776 -0.0015396856 0.0065185768
-0.009482176 -0.0015353326 0.0065289568
-0.0085271234 -0.0015313056 0.0065459367
-0.0074948147 -0.0015254162 0.006524811
-0.0065053469 -0.001522953 0.0065707155
-0.0055263061 -0.0015179908 0.0065264101
-0.004529133 -0.0015158063 0.0065141805
-0.0033953595 -0.001509391 0.0065563829
-0.0024575558 -0.0015091078 0.0064890659
-0.0015042234 -0.0015025653 0.0065329554
-0.00044847254 -0.0014968406 0.0065428833
0.00043242396 -0.001492038 0.0065322965
0.0014813794 -0.0014898721 0.0065466645
0.0024861554 -0.0014884642 0.0064678816
0.0034563814 -0.0014815814 0.0065668547
0.0045429915 -0.0014793457 0.0064836042
0.0055427467 -0.0014734172 0.0065094992
0.0064909435 -0.0014678463 0.0065200608
0.0074361428 -0.0014672066 0.0065233423
0.0085729333 -0.0014642392 0.0064984187
0.0095726345 -0.001456862 0.0065651964
0.01051763 -0.0014527593 0.0064670825
0.011475984 -0.0014500638 0.006473633
0.01252851 -0.0014478147 0.006570884
0.01323061 -0.0013410697 0.006478542
-0.013727036 -0.00052885304 0.0065521416
0.013261239 -0.00055018568 0.0064787176
-0.013690799 0.00053993374 0.0065371543
0.013248815 0.00050079322 0.0064675971
-0.014001065 0.0012808072 0.0063178027
-0.013522917 0.0013636274 0.0065273079
-0.012533251 0.0014533544 0.0064452579
-0.011490036 0.0014560627 0.0064495401
-0.010462558 0.0014593698 0.0065088528
-0.0095384652 0.0014634788 0.0064657638
-0.00853296 0.0014688806 0.0065052244
-0.0074696592 0.0014707261 0.0065409145
-0.0065010749 0.0014792546 0.0065001254
-0.0055843028 0.0014777589 0.0064676381
-0.0045295372 0.0014845469 0.0064687724
-0.0034485282 0.0014907581 0.0064659142
-0.0024608746 0.0015241806 0.0065840147
-0.0017474282 0.0015829618 0.0064370628
0.0009927639 0.001867858 0.0065097827
0.0014872035 0.0015798741 0.0063654063
0.002515889 0.0015073367 0.0064736637
0.0034539031 0.0015129279 0.0064258012
0.0045032063 0.0015143912 0.0064760656
0.0055410368 0.001520367 0.0064344974
0.0064855013 0.0015276324 0.0065156468
0.0074567683 0.0015321499 0.0064814552
0.0084854644 0.0015334417 0.0065343217
0.0095413309 0.0015392622 0.0064682434
0.010451901 0.0015433824 0.0064656525
0.01150796 0.0015481972 0.0064591444
0.012541427 0.0015507669 0.0064707864
0.013185794 0.0013658599 0.006495866
-0.0020059301 0.0026829243 0.0067869695
-0.0016678193 0.0025273869 0.006488143
0.00098831835 0.0025227768 0.0065128459
0.0012497324 0.0025087846 0.0064308923
-0.0020085722 0.0035257563 0.0068047717
-0.0016928794 0.0035082398 0.0064896313
0.00098605524 0.003362081 0.0065046586
0.0011947812 0.0035495316 0.0064108106
-0.0020157257 0.0044521648 0.0068149641
-0.0017168052 0.0044594724 0.0065284958
0.00098237465 0.0045324834 0.0064916033
0.0012033739 0.004513653 0.0064223288
-0.0020193048 0.0054401672 0.0068305926
-0.0017333506 0.0054745879 0.0065612909
0.00097928313 0.0055861906 0.0064713163
0.0012323569 0.00550299 0.0064520086
-0.0020208568 0.0065197451 0.0068641664
-0.001731923 0.0065144422 0.0065266443
0.00097554974 0.0065828874 0.0064612259
0.0011878845 0.0065128463 0.0063797338
-0.0020305035 0.0075759743 0.0068658842
-0.0017218634 0.0075513213 0.0065401611
0.00097279454 0.0074042329 0.0064513558
0.0012410856 0.0074911383 0.0064474656
-0.002031341 0.0085590621 0.0068917978
-0.0017177848 0.0085512307 0.0065297661
0.00096780004 0.0083906427 0.0064305943
0.0012018193 0.0084924316 0.0063706324
-0.0020347121 0.0094932448 0.0069063418
-0.0017694054 0.00947503 0.006518411
0.00096566876 0.009441766 0.0064231236
0.0012065873 0.009477701 0.0064016962
-0.0020471974 0.010409711 0.0069182748
-0.0017038921 0.010466923 0.0065062717
0.00096358417 0.01051074 0.0064248475
0.001216923 0.010486621 0.0063949376
-0.0020510072 0.011260274 0.0069316463
-0.0017052155 0.011545339 0.0065239221
0.00095231162 0.011564804 0.0063845897
0.0012258231 0.011496169 0.0064536752
-0.0020516885 0.012454201 0.0067734639
-0.0016962595 0.012553253 0.0065470887
0.00096365943 0.012522087 0.0062896688
0.0012552415 0.012462365 0.0064573404
-0.0020491281 0.013251061 0.0064635612
-0.0015419762 0.01341676 0.0065622102
-0.00047170528 0.013500259 0.0064804265
0.0005121844 0.013479603 0.0064606164
0.001252542 0.013294246 0.0064443499
-0.013540884 -0.0014382041 0.0075317291
-0.012523239 -0.0015335565 0.0074721635
-0.011556418 -0.0015270236 0.0075035887
-0.010497157 -0.0015208357 0.0074856128
-0.0095267771 -0.0015196325 0.0075681643
-0.0085202316 -0.0015165573 0.0074720653
-0.0075260745 -0.0015129857 0.0075339065
-0.0065640411 -0.001506006 0.0074265786
-0.0055240463 -0.0015035401 0.007534028
-0.0045574615 -0.0014994426 0.0075776665
-0.0034783357 -0.0014925282 0.0075543094
-0.0024846487 -0.0014918537 0.0075816219
-0.001470284 -0.0014856283 0.0075341626
-0.00046856771 -0.001482926 0.007541934
0.00054563797 -0.0014802604 0.0075089536
0.0015040706 -0.0014732189 0.0075498116
0.0024919354 -0.0014701557 0.0075972932
0.0034840049 -0.0014652977 0.0075251791
0.0045634392 -0.0014632146 0.0075714192
0.0054900474 -0.0014556104 0.0075382064
0.0065036453 -0.0014544347 0.0074449233
0.0075001419 -0.0014484086 0.0075569735
0.0085641276 -0.0014472721 0.0075042206
0.0095628342 -0.0014413178 0.0075059296
0.010498649 -0.0014359847 0.007505801
0.011523388 -0.0014329624 0.0074785803
0.012573826 -0.0014278231 0.0075526466
0.013263837 -0.001289144 0.0074856142
-0.013668653 -0.00050517137 0.0074734441
0.013311823 -0.00050919445 0.0075371321
-0.013692495 0.0005256717 0.0074995719
0.013303324 0.00052426377 0.007485826
-0.013563241 0.0013665081 0.0075351372
-0.01246988 0.0014695381 0.0074800886
-0.01155123 0.0014725691 0.0074725542
-0.010509226 0.001477781 0.007482429
-0.0095664337 0.0014784051 0.0074668447
-0.0085662529 0.00148526 0.0074484702
-0.0075451746 0.0014920454 0.0075588985
-0.0064951703 0.0014947242 0.0075485124
-0.0055015087 0.0014982614 0.0074129994
-0.0045778132 0.0014998053 0.0075243297
-0.0034767091 0.0015112945 0.0075237984
-0.0024449064 0.0015083865 0.0076019824
-0.001778948 0.0017498209 0.0075036935
0.00096985372 0.0019247073 0.0077128811
0.0014364386 0.0016316855 0.0074808775
0.0024806203 0.0015258183 0.007545033
0.0034979775 0.0015314689 0.0075071515
0.0045845127 0.0015332854 0.0075596808
0.0054822317 0.0015379471 0.0074622296
0.0064478535 0.0015411079 0.0075166537
0.0075272066 0.0015486466 0.0075020948
0.0085808123 0.0015513042 0.0074657304
0.0095097478 0.0015570414 0.0075461664
0.010456271 0.0015615581 0.0075016259
0.011544984 0.0015647786 0.0075161322
0.012511882 0.0015696367 0.0074747996
0.013256181 0.0013172766 0.0075597079
-0.0017564375 0.0025290854 0.0075114765
0.00099551235 0.0026844149 0.0078529678
0.0012140705 0.0025778695 0.0075194966
-0.0017648985 0.0035004758 0.0074980096
0.00096885132 0.0030204689 0.0077080904
0.0012044504 0.0035892718 0.0075191665
-0.0017334626 0.0044447635 0.0075091571
0.00096782786 0.0040989174 0.0077030929
0.0011925076 0.0044019609 0.0075270012
-0.001772845 0.0054681897 0.0075237327
0.00098114531 0.0052381949 0.00773424
0.0011979534 0.0054185269 0.0075023789
-0.001766018 0.0065347143 0.0075186505
0.00096579595 0.0062068189 0.0076934616
0.0011929377 0.006471274 0.0074823629
-0.0017543274 0.0076060868 0.0074635642
0.00098012376 0.0075255437 0.0076899752
0.0012143125 0.0075073461 0.0074889767
-0.0020107392 0.0081988629 0.007478375
-0.0017536139 0.0085228421 0.0074692601
0.00096391176 0.0082514398 0.0076842853
0.0012123644 0.0084410161 0.0074083637
-0.0020128544 0.0096471561 0.0075060748
-0.0017706335 0.0094480254 0.0074785724
0.0009629323 0.0092507312 0.0076795481
0.0011971876 0.0094319778 0.0074338471
-0.0020154752 0.010769668 0.007522508
-0.0017358682 0.010502832 0.0074743875
0.00098822359 0.010324707 0.0076229563
0.0012363805 0.010506252 0.0074655293
-0.0020221141 0.011728228 0.0073607196
-0.0017528635 0.011545382 0.0075066937
0.00098440493 0.011421011 0.0076185414
0.0012441932 0.011576165 0.0074305451
-0.0020255446 0.01255763 0.0073728305
-0.0017276995 0.012562228 0.0074515711
0.00098588562 0.012426679 0.0075610774
0.0012763579 0.012572696 0.0074254451
-0.0020288471 0.013365448 0.0075750151
-0.0014936202 0.013428856 0.0075077778
-0.00053921138 0.01351169 0.007431644
0.00055451895 0.0134933 0.0074622426
0.001232311 0.013432174 0.0075568128
-0.013469115 -0.0014108538 0.0084933983
-0.012497996 -0.0015154763 0.0084898453
-0.011536676 -0.0015107697 0.0084936786
-0.010578024 -0.0015080004 0.008505147
-0.0094975149 -0.0015041932 0.0085095614
-0.0084775137 -0.0014995735 0.0084860744
-0.0075043044 -0.0014936541 0.008533868
-0.006517929 -0.001492406 0.0085032228
-0.0055304738 -0.0014874005 0.0084922519
-0.0044824253 -0.0014854909 0.0085385609
-0.0034111179 -0.0014790391 0.0085002985
-0.00247006 -0.0014743248 0.00854511
-0.0015528732 -0.001470614 0.0085062357
-0.00045915155 -0.0014673674 0.0085716834
0.00046472717 -0.0014627838 0.0085869441
0.0015013841 -0.0014580085 0.0085098762
0.0024969666 -0.0014521425 0.0085515818
0.0034926191 -0.0014518313 0.0084881363
0.0045593376 -0.0014468621 0.0085769799
0.0054491372 -0.001440477 0.0085268905
0.0064617 -0.0014366782 0.0084936675
0.00752202 -0.0014324635 0.0085535757
0.0085183978 -0.0014322682 0.0085154157
0.0094634797 -0.0014276974 0.0085229073
0.010535575 -0.0014221282 0.0085144248
0.0115096 -0.0014180241 0.0085026734
0.012472841 -0.0014143554 0.0085231774
0.013276068 -0.0012990144 0.0084291678
-0.013696994 -0.00054880191 0.0085466281
0.013302391 -0.00052856863 0.0085239764
-0.013638023 0.00047328771 0.0085019683
0.01334319 0.00048822715 0.0085867587
-0.013542495 0.0013739965 0.0085009988
-0.012504692 0.0014838182 0.0085111484
-0.011528943 0.0014898037 0.0085229045
-0.010478617 0.0014962241 0.0086119594
-0.0095151244 0.0014967199 0.0084979385
-0.0085514029 0.0015005947 0.0084627019
-0.0075233369 0.0015082451 0.0085607208
-0.006475742 0.0015113752 0.0085546887
-0.0055574267 0.0015176632 0.0085352808
-0.0045490083 0.0015205906 0.0085841827
-0.0034120905 0.0015261191 0.0085581178
-0.002513733 0.0015303064 0.0084975827
-0.001825021 0.001587583 0.008483584
0.0014888695 0.0016372706 0.008460274
0.0025193896 0.0015420509 0.008489986
0.0033657691 0.0015380727 0.0083435904
0.0045429533 0.001549008 0.0085150357
0.0055652037 0.0015564025 0.0085498877
0.0064955615 0.0015591953 0.0085562924
0.0075280629 0.0015615749 0.0083886934
0.0085692015 0.0015622259 0.0083927531
0.0094860019 0.0015689551 0.0084762387
0.010519689 0.0015750404 0.008555891
0.011503172 0.0015818941 0.0084900679
0.012484157 0.0015837069 0.0085031763
0.013257518 0.0013878033 0.0085318238
-0.0020236908 0.0027378337 0.0083626145
-0.0017546051 0.0024622772 0.00856754
0.0012370903 0.0024971012 0.0085297767
-0.0020254899 0.0038644343 0.0084039299
-0.0017864469 0.0035073757 0.008601699
0.0011882551 0.0034646511 0.0086204717
-0.002027303 0.0049717999 0.008444245
-0.0017602257 0.0044797244 0.0085854493
0.00099954987 0.0044566076 0.0089172721
0.0012497634 0.0044369418 0.0085223997
-0.0017487672 0.0054855151 0.0085538086
0.00099879596 0.0057454063 0.0088679213
0.0012252616 0.0054855761 0.008466281
-0.0020288457 0.0060597062 0.0084828185
-0.0017457475 0.0064641545 0.0085818628
0.0012402022 0.0064603542 0.0084951809
-0.0020243363 0.0073883343 0.0087542981
-0.0017217221 0.0075381408 0.0085231503
0.00099801412 0.0070063653 0.0088195987
0.0012302299 0.0075045768 0.008542099
-0.0020318271 0.0081823561 0.0085583124
-0.0017024544 0.0085473014 0.0085246684
0.00099741085 0.0082408786 0.0087725269
0.0012333099 0.0085401731 0.0084781041
-0.0020333733 0.0092180166 0.0085953465
-0.0017654069 0.0095137246 0.0085446527
0.00099734636 0.0094863214 0.0087826159
0.0012518349 0.0095068207 0.0084549915
-0.002034758 0.010236747 0.008631479
-0.0017013234 0.010472921 0.0085666506
0.00099706615 0.010597952 0.0087000215
0.0012774109 0.010403747 0.0084856637
-0.002036256 0.011239446 0.008667347
-0.0017423523 0.01149072 0.0085119903
0.000994456 0.011607418 0.0087030279
0.001266072 0.011459817 0.0085253557
-0.0020376462 0.012226043 0.0087023396
-0.0017177562 0.012539372 0.0085079614
0.00099339895 0.012703073 0.0086399661
0.001291768 0.01256339 0.0084959073
-0.0020201001 0.013330769 0.0087529793
-0.0014530815 0.013439858 0.0084982459
-0.00049131305 0.013530512 0.0085231224
0.00060413074 0.013529344 0.0085255755
0.0012601269 0.013431626 0.0085216165
-0.013518705 -0.0014215388 0.0094942534
-0.012460661 -0.0015022617 0.0094886078
-0.011461623 -0.0014955919 0.0095277634
-0.010499599 -0.0014915821 0.0094728163
-0.0094512869 -0.0014892006 0.0095051704
-0.0085147507 -0.0014826485 0.0095410664
-0.0075046481 -0.0014824286 0.0094556008
-0.006491045 -0.0014764791 0.0094815791
-0.0055099274 -0.0014716629 0.0094569568
-0.0045327288 -0.0014679977 0.0095020477
-0.0035243002 -0.0014633371 0.0094685825
-0.0024879999 -0.0014613105 0.0094652968
-0.0015650964 -0.0014550325 0.0094696321
-0.00051785412 -0.0014540523 0.0094478363
0.00050668634 -0.001447608 0.0095117446
0.0015064713 -0.0014430523 0.0095016686
0.0025120936 -0.0014417515 0.0094595402
0.0035077455 -0.001435648 0.0094736107
0.0045301872 -0.001432196 0.0094840601
0.0055715283 -0.0014276156 0.0094778165
0.0065011433 -0.0014249611 0.0095103905
0.0075263507 -0.001421152 0.0094991997
0.0085151279 -0.0014162428 0.0095218513
0.009549791 -0.0014135897 0.0094364062
0.010528182 -0.0014049667 0.0095130075
0.01146993 -0.0014046666 0.0094963377
0.012477802 -0.0014024724 0.0094775725
0.013286917 -0.0012799453 0.0095503619
-0.013671133 -0.00061824376 0.0094616907
0.013342454 -0.00058997917 0.009494246
-0.013637272 0.00049057818 0.0095391348
0.013328578 0.0004904145 0.0094887121
-0.013540853 0.0013940203 0.009503331
-0.012518012 0.0014978562 0.0095346849
-0.011456552 0.0015048601 0.0095369043
-0.010492574 0.0015083249 0.0095456736
-0.0094914921 0.0015105755 0.0095420461
-0.0084955636 0.0015180109 0.0095291827
-0.0075287134 0.0015175106 0.0094501516
-0.0064587006 0.0015244961 0.0095076505
-0.0054402337 0.0015314205 0.009540664
-0.0045501725 0.001533449 0.0095119867
-0.0034834712 0.0015382901 0.0094658574
-0.0025098897 0.0015444085 0.0095210616
-0.0017382718 0.0016198931 0.009385258
0.00097556715 0.0018416143 0.0094059231
0.0015258817 0.0015958735 0.0094023328
0.002499202 0.0015561797 0.0094724977
0.0034884093 0.0015597945 0.0093752909
0.0045647393 0.0015658579 0.0094711371
0.0054852297 0.0015698031 0.0095063224
0.006428733 0.0015720102 0.0094447713
0.0074874558 0.0015745705 0.0094032539
0.0084552029 0.0015819228 0.0094953282
0.009487425 0.0015866751 0.0094744796
0.010491543 0.0015927977 0.0095094014
0.011467624 0.0015935058 0.0094980253
0.012549778 0.0015976678 0.0094724931
0.013323288 0.0013949251 0.009497555
-0.0020237516 0.0023490172 0.0097726872
-0.0017316927 0.0025097604 0.0094824051
0.00097154209 0.002550981 0.0093119061
0.0012473587 0.0024548576 0.0093726134
-0.0020276224 0.003417151 0.0097747659
-0.0016835534 0.0035873374 0.0094918134
0.00096938497 0.0035170596 0.0092878202
0.0012220194 0.00355756 0.0094454549
-0.0020346339 0.0045014354 0.0098043159
-0.0016933153 0.0045628338 0.0095773591
0.00096844079 0.0045354767 0.0092930328
0.0012651528 0.0044727162 0.0094690602
-0.0020384293 0.0056059691 0.0098131159
-0.0017233725 0.0055211172 0.0095209656
0.00096198992 0.0055116657 0.009264539
0.0012622835 0.0054265726 0.0094631501
-0.0020415958 0.0065508517 0.0098184487
-0.0017059653 0.0065209949 0.0095435465
0.00096370262 0.0065520839 0.009239194
0.0012378276 0.0064853751 0.0094707506
-0.0020396127 0.0075629069 0.009677886
-0.0017004982 0.0075382646 0.0095645655
0.0009561702 0.0074936445 0.0092322035
0.0012623578 0.0075483699 0.0094902031
-0.0020354937 0.0084568318 0.0095154848
-0.0017021678 0.0085017914 0.0095223458
0.00096786889 0.0086036865 0.0093026254
0.0012674606 0.0085443296 0.0094912043
-0.0020352178 0.0094216634 0.0095031327
-0.0017142206 0.0094908411 0.0095639424
0.0009647613 0.0095512215 0.0092362566
0.0012513363 0.0095034689 0.0094458517
-0.0020456081 0.010447043 0.0095915943
-0.0017139426 0.010505108 0.0095751574
0.00095968304 0.010620969 0.0092760203
0.0012458253 0.01051924 0.0094871894
-0.0020516047 0.011520137 0.0095380722
-0.0017093108 0.011566283 0.0095495349
0.0009583903 0.011522711 0.0092219533
0.0012437061 0.011567061 0.0094972495
-0.0020481267 0.012539129 0.0094814291
-0.0017045279 0.012541301 0.0095731607
0.00095883105 0.012433562 0.0093044247
0.0012703765 0.012582299 0.0095472056
-0.00205659 0.013039462 0.0098896073
-0.0015484017 0.013401384 0.009486042
-0.00052213902 0.01354441 0.0095273629
0.00058241916 0.013512051 0.0094941286
0.0012700516 0.013428777 0.0094948653
-0.01400829 -0.0014131246 0.010823445
-0.013489584 -0.0014039365 0.010443771
-0.012538171 -0.0014857558 0.010496699
-0.011532494 -0.0014800123 0.010528891
-0.01048922 -0.0014788349 0.010484391
-0.0094629666 -0.0014791936 0.010468374
-0.0084656728 -0.0014702411 0.010491587
-0.0075022271 -0.0014653944 0.010526617
-0.0065582586 -0.0014628621 0.010481786
-0.0055048009 -0.0014579265 0.010465904
-0.004559672 -0.0014540408 0.010584559
-0.0034644746 -0.0014525468 0.010401635
-0.0024850431 -0.0014472674 0.010537158
-0.001482318 -0.001441449 0.010466613
-0.00049935287 -0.0014400705 0.01048441
0.00052000821 -0.0014327907 0.010474704
0.0014565372 -0.0014302999 0.010450025
0.0024668905 -0.001427039 0.010540687
0.0034591593 -0.001424806 0.010418977
0.0045505762 -0.0014181989 0.010558342
0.0054843104 -0.0014127871 0.010458332
0.0065515614 -0.0014087996 0.010477929
0.0075218822 -0.0014046279 0.010466428
0.0084771952 -0.0014032825 0.010530933
0.0095251789 -0.0013968128 0.01046877
0.010570761 -0.0013931966 0.010513162
0.011513356 -0.0013875911 0.010493539
0.012527015 -0.0013784902 0.010475437
0.013382669 -0.0012772628 0.010558981
-0.013700294 -0.00054368307 0.010477937
0.012988056 -7.298938e-05 0.010554096
0.013286185 -0.00057992706 0.01051337
-0.0136787 0.00050787965 0.010485361
0.012983742 0.00095078279 0.010523857
0.013330972 0.00048877968 0.010452112
-0.013494808 0.0014161138 0.010492885
-0.01253544 0.0015135286 0.010464688
-0.011564493 0.0015197123 0.010542
-0.010524607 0.0015215088 0.010519502
-0.0094702737 0.0015240689 0.010519868
-0.0084856423 0.0015310178 0.010524753
-0.0074818335 0.0015345233 0.010501336
-0.0064696758 0.0015382 0.01054136
-0.0054693944 0.0015456845 0.010515125
-0.0045539807 0.0015427569 0.010511938
-0.0035588061 0.0015529667 0.01046204
-0.0025961143 0.0015555843 0.010557574
-0.0017919866 0.0016636674 0.010454021
0.0015248554 0.0016066835 0.010502766
0.002557579 0.0015700774 0.010568929
0.0035121436 0.0015751016 0.010467203
0.0045115291 0.0015744349 0.010548573
0.0054681785 0.0015834182 0.010544101
0.0064693349 0.0015867025 0.010497606
0.007424518 0.0015909469 0.010545745
0.0084686037 0.0015942899 0.01050765
0.0095450506 0.0016012042 0.010482185
0.010503492 0.0016063548 0.010574842
0.011511068 0.0016117514 0.01054035
0.012473512 0.0016144703 0.010506246
0.013222253 0.0014205632 0.010583043
-0.0017081841 0.0025165291 0.010495039
0.00098887598 0.0021877442 0.010442026
0.0012360582 0.0024648553 0.010503998
-0.0017422686 0.0035682756 0.010548986
0.00097775972 0.0034659775 0.010651056
0.0012522753 0.003540993 0.010472638
-0.0017511515 0.0045174733 0.010525881
0.00098774896 0.0048159766 0.010310251
0.0012346478 0.0044839559 0.010505934
-0.0020024406 0.005446875 0.010455157
-0.0017087975 0.0054845954 0.010486064
0.00099075679 0.0057815518 0.010416121
0.0012066596 0.0055054743 0.0105267
-0.0020075324 0.0065969457 0.01046314
-0.0017481969 0.006522086 0.01051514
0.00099387229 0.0064239493 0.010271776
0.0012696142 0.006541898 0.010503505
-0.0020223723 0.00747693 0.010465513
-0.0017087652 0.0075074686 0.010425458
0.00099228998 0.0073386701 0.010294698
0.001318172 0.0074832439 0.010535741
-0.0020369946 0.0085590556 0.010364456
-0.001719998 0.0083994437 0.010494604
0.00098603859 0.0083690863 0.010351553
0.0012757663 0.0085210064 0.01050938
-0.0020371734 0.0096452711 0.010304926
-0.0017484649 0.00941524 0.010500451
0.00098457944 0.0095323501 0.010333958
0.0012504969 0.0095511647 0.010493181
-0.0020412835 0.010478696 0.010314685
-0.0017345292 0.010455982 0.010483562
0.00097830617 0.010696011 0.010333053
0.0012662052 0.010501638 0.010558491
-0.0020425736 0.011443535 0.010359753
-0.0017295011 0.011494176 0.010540724
0.00097581308 0.011406352 0.010391992
0.0012678535 0.011555461 0.01050472
-0.0020484582 0.012461394 0.010355385
-0.0017087572 0.01250123 0.010517296
0.00097218785 0.012542118 0.010346255
0.001289153 0.012558847 0.010481223
-0.0020740505 0.013335526 0.010473352
-0.0015081974 0.013450418 0.010470851
-0.00044786889 0.013563738 0.010509305
0.00050740957 0.013561483 0.010501582
0.0012461063 0.013398911 0.01051282
-0.014014333 -0.0013765714 0.011762405
-0.013531137 -0.0013923056 0.011502425
-0.012531013 -0.0014702805 0.011497469
-0.011447123 -0.0014658634 0.011499655
-0.010495953 -0.0014610775 0.01151615
-0.0095215542 -0.0014575107 0.011511534
-0.008542981 -0.0014552983 0.011482633
-0.0074782483 -0.0014501952 0.011494209
-0.0064785765 -0.0014455027 0.011463193
-0.0055015744 -0.0014404658 0.011510771
-0.0045629772 -0.001438808 0.011577815
-0.0035154459 -0.0014345555 0.011411983
-0.0024655447 -0.0014296813 0.011477187
-0.0015122874 -0.0014233473 0.01156599
-0.00044817483 -0.0014204133 0.011534782
0.00045643823 -0.0014162319 0.011552876
0.0015180118 -0.0014124045 0.011507671
0.0025024989 -0.0014085463 0.011507016
0.0035182051 -0.0014053641 0.011419463
0.0045531155 -0.0014000788 0.011546806
0.005475305 -0.0013969418 0.011499483
0.0064742775 -0.0013932156 0.011463138
0.0074760919 -0.0013865349 0.011481359
0.0085046897 -0.0013847477 0.011485434
0.0094978902 -0.0013806982 0.011467895
0.010503078 -0.0013759244 0.011518285
0.011465707 -0.0013733512 0.011500394
0.012512167 -0.0013609671 0.011452681
0.013267988 -0.001267679 0.011553907
-0.014013893 -0.00032144645 0.011228276
-0.013653031 -0.00048738721 0.011437825
0.012993071 -0.00068168441 0.011140522
0.013329879 -0.00053184957 0.011531925
-0.014023298 0.00044477149 0.011655264
-0.01366785 0.0004927722 0.011464719
0.012988237 0.0004592973 0.011110608
0.013306119 0.00052246306 0.01149972
-0.014031589 0.0011647935 0.011363256
-0.013512827 0.0014300601 0.011535984
-0.012545365 0.0015284256 0.011479856
-0.011503054 0.0015348699 0.011558769
-0.010512594 0.0015414938 0.011480575
-0.0095215319 0.0015425753 0.011543198
-0.0085114874 0.0015496635 0.011493271
-0.0074813203 0.001553055 0.011525118
-0.0065045715 0.0015555385 0.011503708
-0.0055068233 0.0015637873 0.011576209
-0.0045613893 0.0015638078 0.011513649
-0.0035109962 0.0015720169 0.011571592
-0.0024760386 0.0015764917 0.011526179
-0.0018353797 0.0016855759 0.011674086
0.00096041756 0.0018721223 0.01194311
0.0015429176 0.0016279001 0.011668549
0.0025048961 0.0015894718 0.011529346
0.00351044 0.0015936677 0.0115876
0.0044960887 0.0015964804 0.011538778
0.0054895212 0.0016021739 0.011590007
0.0065296376 0.0016049694 0.011544893
0.0075149229 0.0016106087 0.011573843
0.0085463906 0.0016151795 0.011557464
0.0095279673 0.0016190729 0.011578328
0.010486884 0.001622811 0.011479784
0.011485932 0.001625947 0.011535952
0.012529125 0.0016265217 0.011534369
0.013294028 0.0014138186 0.011548541
-0.0020002685 0.0027321076 0.011859516
-0.0017334224 0.0024929994 0.011601274
0.00097449159 0.0024365508 0.011683437
0.0012486549 0.0024662195 0.011629008
-0.0020035466 0.0034890799 0.011864474
-0.0017497184 0.0034966776 0.011586237
0.00097354315 0.0034873337 0.011749926
0.0012328731 0.0035704589 0.011574952
-0.0020067992 0.0042459532 0.011869567
-0.0017543589 0.0045222561 0.011557864
0.00096332014 0.0044559422 0.011772244
0.0012638699 0.00459137 0.011488023
-0.0020173537 0.005506881 0.011870898
-0.0017466553 0.0055028051 0.011504566
0.00096583244 0.0054632798 0.011744853
0.0012666141 0.005575839 0.011504111
-0.0020248431 0.0065521561 0.011882712
-0.0017269898 0.0064829397 0.011525685
0.00096573948 0.0064714663 0.011698821
0.0012766039 0.0065165735 0.011530087
-0.0020159562 0.0074404031 0.011743613
-0.0017045168 0.0074800909 0.011517207
0.00096500688 0.0074761887 0.011651009
0.0012728956 0.007516121 0.011487852
-0.0020247907 0.0084395446 0.011823968
-0.001693395 0.0085136443 0.011500397
0.00095990585 0.0085496577 0.011678264
0.0012516879 0.0084987655 0.0115552
-0.0020345957 0.009509949 0.011847492
-0.0017178287 0.0095055755 0.011528908
0.00095222064 0.0095333233 0.011706324
0.0012393587 0.0094971517 0.011519632
-0.0020286404 0.010564514 0.011750247
-0.0017198478 0.010465579 0.011520136
0.00095443887 0.01041295 0.011608521
0.0012670198 0.010488214 0.011519426
-0.0020245304 0.011576431 0.011836696
-0.0016915881 0.011503393 0.011486012
0.00095344934 0.011433615 0.011637666
0.0012279644 0.011492992 0.011502792
-0.0020305929 0.012508948 0.011723794
-0.0017176208 0.012504622 0.011470231
0.00094788638 0.012377348 0.011587527
0.0012948555 0.012550076 0.011517233
-0.0020332537 0.013258014 0.011720978
-0.0015417276 0.013454662 0.011559928
-0.00051524956 0.013577089 0.011527052
0.00057266816 0.013530514 0.011520299
0.0012559621 0.013441795 0.011519482
-0.014032017 -0.0014744126 0.012107586
-0.013519334 -0.0013870021 0.012516728
-0.012527348 -0.0014559951 0.012473164
-0.011506176 -0.0014511101 0.012504363
-0.010527967 -0.0014473768 0.012519286
-0.0095432829 -0.0014423225 0.012578248
-0.0085130874 -0.0014371064 0.012513401
-0.0075210952 -0.0014342436 0.01249191
-0.0064648781 -0.0014304824 0.012488282
-0.0055026985 -0.0014246735 0.012519527
-0.004537324 -0.0014237105 0.01251907
-0.0035306385 -0.0014169344 0.012514569
-0.002431646 -0.0014147619 0.012523445
-0.001431709 -0.0014082185 0.012571839
-0.00048989762 -0.0014062461 0.012546665
0.00052300357 -0.0013994199 0.01254991
0.0015341341 -0.0013969712 0.012535685
0.0024335328 -0.0013971959 0.012525633
0.0034724497 -0.0013901963 0.0125042
0.0045269364 -0.0013859564 0.012505426
0.0054785823 -0.0013795238 0.012517766
0.0064483546 -0.0013827555 0.012474026
0.0074869222 -0.0013725411 0.012508496
0.0084956903 -0.0013673281 0.01252607
0.0095159477 -0.0013648578 0.012530333
0.010498113 -0.0013605919 0.012493963
0.011501959 -0.0013587408 0.012527072
0.012548175 -0.001353646 0.012472094
0.013314725 -0.001283062 0.012492664
-0.014016749 -0.00062887225 0.012282901
-0.013708914 -0.0005229048 0.012484139
0.013311932 -0.00049881631 0.012475112
-0.01403106 0.00056499016 0.012455161
-0.013705468 0.00053945865 0.012490996
0.01299106 0.00059177354 0.012397583
0.013314946 0.00047858839 0.012455899
-0.014023126 0.0011557577 0.012298801
-0.013541712 0.0014321764 0.012488276
-0.012494138 0.0015449595 0.012496894
-0.011545228 0.0015479735 0.012495619
-0.010513617 0.0015532633 0.012506751
-0.0094580865 0.00155961 0.01255159
-0.0084893852 0.0015616727 0.012483867
-0.0075854459 0.0015649906 0.012500892
-0.0065361378 0.0015724412 0.012443792
-0.0055429558 0.0015755834 0.01240256
-0.0044776155 0.0015795791 0.012542116
-0.0035388041 0.0015846369 0.012564621
-0.0024979138 0.0015902499 0.012486607
-0.0017890179 0.0016878147 0.012594854
0.00095431757 0.0016081203 0.012037653
0.00154477 0.001616155 0.012531054
0.002486333 0.0016019337 0.01249497
0.0035078679 0.0016055127 0.012596597
0.004489603 0.0016101552 0.012505333
0.005538723 0.0016161713 0.012446634
0.0065425946 0.0016204515 0.012504815
0.0075634993 0.0016225874 0.012517748
0.0085148262 0.0016274839 0.012490468
0.0094843814 0.0016315442 0.012498832
0.010488397 0.0016354125 0.012482231
0.011464672 0.0016410871 0.012515834
0.012469922 0.0016455781 0.012502508
0.013292252 0.0014153166 0.012482435
-0.0020434815 0.0024024283 0.012542075
-0.0017159109 0.0024806904 0.012593801
0.00096299057 0.0024266932 0.01248243
0.0012376731 0.002422726 0.012526087
-0.0020490959 0.0035274115 0.012533506
-0.0016763338 0.0034403626 0.012619155
0.00098206103 0.0033090336 0.012858099
0.001283564 0.0034529387 0.012492186
-0.0020358297 0.0043436051 0.012601129
-0.0016953736 0.0044764536 0.01250625
0.00098079361 0.0042276829 0.012809282
0.0012730127 0.0045209364 0.012453709
-0.0020438335 0.0054477882 0.012671533
-0.0017264924 0.0055171419 0.012518893
0.00097421737 0.0052542491 0.012754641
0.0012712341 0.0055193254 0.012528047
-0.0020482247 0.0065663392 0.012627847
-0.0017255141 0.006453197 0.012504532
0.00097438355 0.0065677622 0.01280642
0.0012115279 0.0065264083 0.012479629
-0.0020518843 0.0074970596 0.012698586
-0.0017678059 0.0074968836 0.012497713
0.00095912628 0.0075819986 0.012526912
0.0012801099 0.0074490309 0.012536047
-0.0020526412 0.0085827224 0.012743186
-0.0016952996 0.0084936284 0.012502396
0.00095976703 0.0084515996 0.012614398
0.0012940578 0.0085246777 0.012536597
-0.0020335503 0.0095550148 0.012585919
-0.0017570928 0.0095268255 0.012516528
0.0009547731 0.0093545467 0.012563495
0.0012666513 0.0095679453 0.012474041
-0.0020552087 0.010568183 0.012622793
-0.0017477403 0.01046616 0.012501863
0.00095236464 0.010281223 0.012525929
0.0012665886 0.010478502 0.012455648
-0.002061832 0.01152093 0.012581152
-0.0017204104 0.011418385 0.012452169
0.00094410684 0.011487058 0.012424261
0.0012741562 0.01146295 0.012471285
-0.0020659834 0.012501152 0.012534681
-0.001703108 0.012519223 0.012473055
0.00094881025 0.012657229 0.012377192
0.0012726735 0.012515837 0.012471051
-0.0020487085 0.013365672 0.012433604
-0.0015025423 0.013483198 0.012532989
-0.00047071243 0.013589786 0.01253735
0.00050894474 0.01358851 0.012515046
0.0012677993 0.013474511 0.012477666
-0.013487156 -0.0013476028 0.013527607
-0.012520546 -0.0014377774 0.013549351
-0.01148478 -0.0014347968 0.013497268
-0.01049444 -0.0014290327 0.013591319
-0.0094874594 -0.0014294995 0.013499743
-0.0084949294 -0.0014221885 0.013533727
-0.0075027258 -0.0014189712 0.013508856
-0.0065183961 -0.0014123819 0.013539753
-0.0055143032 -0.0014103879 0.013536834
-0.0045029703 -0.0014054782 0.013544804
-0.0034112155 -0.0014042616 0.013429749
-0.0025328002 -0.0013978255 0.013534765
-0.0015932769 -0.0013951409 0.013455372
-0.00046039411 -0.0013890133 0.013590065
0.00047723684 -0.0013868193 0.013509864
0.0015021367 -0.0013819912 0.013465784
0.0025429951 -0.0013769167 0.013517158
0.0035550238 -0.0013787708 0.013467328
0.004511612 -0.0013689399 0.01351717
0.0055173268 -0.0013650195 0.013519479
0.0064988947 -0.0013610485 0.013496554
0.0074742055 -0.0013591792 0.013525461
0.0085486649 -0.0013535093 0.013511444
0.009498775 -0.0013498227 0.013560509
0.010485377 -0.0013465772 0.013550974
0.011447916 -0.0013416139 0.013491471
0.012496763 -0.0013382313 0.01347688
0.013309921 -0.001242652 0.013495187
-0.013692991 -0.0005509968 0.013490368
0.01298021 -0.00034600589 0.01381158
0.01332405 -0.00053121574 0.013455489
-0.013664667 0.00049578428 0.013535411
0.013304798 0.00049970695 0.013448004
-0.014024578 0.0015557637 0.013678852
-0.013539595 0.0014173032 0.013472227
-0.012526792 0.0015626062 0.013541469
-0.011518593 0.0015652843 0.013497619
-0.01056309 0.0015688906 0.013465521
-0.0094770165 0.0015715173 0.013446885
-0.0085069565 0.0015776949 0.013519213
-0.0075092325 0.0015826055 0.013428604
-0.0064902371 0.0015881693 0.013526338
-0.0054799602 0.0015925543 0.013445701
-0.0045754458 0.0015925808 0.013491107
-0.0034319926 0.001603293 0.013468035
-0.0025118424 0.0016170808 0.013454143
-0.0017118645 0.001762757 0.013617586
0.000984265 0.0018328478 0.013207338
0.0014368613 0.0016971537 0.01347386
0.0025043818 0.0016194992 0.013470306
0.003409191 0.0016237542 0.013509538
0.0045348029 0.0016244793 0.01346009
0.0055293217 0.001630206 0.013472026
0.0064986981 0.001636792 0.013555147
0.0074586282 0.0016390519 0.013447041
0.0085073123 0.0016446091 0.01346795
0.0095311897 0.0016463778 0.013429617
0.010502431 0.0016527855 0.01345788
0.011510607 0.0016575017 0.013534697
0.012533835 0.0016570729 0.013548148
0.013267736 0.0013852193 0.01346851
-0.0020095906 0.0027025056 0.013245012
-0.001714199 0.0025385027 0.013460712
0.00098240969 0.0027858091 0.01316531
0.0012845254 0.0025380303 0.013456413
-0.0020067974 0.0035343152 0.013129208
-0.0017049065 0.0035703555 0.01348608
0.00098811323 0.0034681007 0.013134314
0.0012351633 0.0035341543 0.013409841
-0.0020178624 0.0045700655 0.013257511
-0.0016892772 0.0045188386 0.013498448
0.00097168313 0.0043613366 0.013296391
0.0012684349 0.0045029484 0.013456043
-0.0020287782 0.0054771197 0.013253069
-0.0016750532 0.0055448371 0.013479934
0.00097413769 0.0056542847 0.013368011
0.0012277416 0.0054974291 0.01350802
-0.002032365 0.0063662594 0.013422374
-0.0016957072 0.0065467046 0.01347776
0.00096596504 0.0065515088 0.013523329
0.0012519588 0.006488686 0.013570236
-0.0020295247 0.0075043659 0.013459312
-0.0016990611 0.0075293169 0.013498605
0.00097063521 0.0075926976 0.013375372
0.0012424107 0.0074673141 0.013534694
-0.0020257004 0.0085598892 0.013618343
-0.0017293658 0.0085642748 0.013503921
0.00096551393 0.0086885421 0.013448774
0.001266863 0.008445885 0.013557245
-0.0020586415 0.0093917241 0.013391224
-0.0017170073 0.0095735546 0.013483391
0.00095745968 0.0093875434 0.013439928
0.0012306381 0.0095425183 0.013520434
-0.0020518678 0.010389795 0.013470576
-0.0017525231 0.010563636 0.013467154
0.00095587317 0.010530601 0.013475408
0.0012293863 0.010538426 0.013472345
-0.0020500848 0.011411296 0.013448698
-0.0017552628 0.011539903 0.013494998
0.00095171417 0.011545681 0.013490977
0.0012559736 0.011423319 0.013499013
-0.0020560846 0.012444601 0.013454596
-0.0017442161 0.012515204 0.013478818
0.00094854925 0.012648382 0.013569173
0.0012756408 0.012436852 0.013494241
-0.0020523989 0.013311597 0.013454513
-0.0014929443 0.013506356 0.01355667
-0.0005414146 0.013606721 0.013468175
0.00059633696 0.013592768 0.013496959
0.0012649215 0.013406296 0.013479636
-0.014024592 -0.0014263391 0.014631133
-0.013516619 -0.0013591342 0.014497885
-0.012514763 -0.0014241176 0.014483642
-0.011467279 -0.0014220512 0.014500797
-0.010485011 -0.0014183165 0.014517626
-0.0095007839 -0.0014120981 0.014525375
-0.0085351653 -0.0014077828 0.014538309
-0.0075041233 -0.0014046086 0.014493878
-0.0065099862 -0.0014009447 0.01447897
-0.0055472236 -0.0013957453 0.014553106
-0.0045605362 -0.0013925107 0.014508779
-0.00345695 -0.0013887549 0.014478077
-0.0024395611 -0.0013810496 0.014525998
-0.0014712099 -0.0013790356 0.01445187
-0.00049878634 -0.001378394 0.014510871
0.0005393349 -0.0013720988 0.014509008
0.0014815173 -0.0013677893 0.014459294
0.0024880995 -0.0013624256 0.014497789
0.0034829178 -0.0013635431 0.014472029
0.004530787 -0.0013551381 0.014489264
0.0054774354 -0.001350026 0.014498527
0.0065342789 -0.0013484685 0.014468346
0.0075276531 -0.0013434581 0.014509071
0.0085142143 -0.0013380866 0.014502741
0.0095228264 -0.0013341386 0.014528322
0.01052258 -0.0013302293 0.014509134
0.011501528 -0.0013288906 0.014455852
0.012514271 -0.0013159853 0.014475811
0.013310308 -0.0011800445 0.014469665
-0.01402309 -5.8747828e-05 0.014053172
-0.013695243 -0.00053010718 0.014526882
0.012957565 -0.00036480743 0.01440999
0.013312235 -0.00051258859 0.014497153
-0.014003703 0.00053679012 0.014013615
-0.013693057 0.00047673073 0.014518447
0.012954443 0.00049078075 0.014609729
0.013318814 0.00052799366 0.014515483
-0.014006352 0.001581375 0.014961211
-0.013553483 0.0014061483 0.014514169
-0.012552897 0.0015748512 0.014463789
-0.011538897 0.0015806929 0.014509675
-0.010484544 0.0015848683 0.014410646
-0.0094806505 0.0015878753 0.014433533
-0.0084918011 0.0015945561 0.014517141
-0.007547556 0.0015955251 0.014487928
-0.006471368 0.0016046211 0.014500978
-0.0054566744 0.0016089441 0.014519928
-0.004511544 0.0016101648 0.014383535
-0.0035046984 0.001617313 0.014527087
-0.0024929598 0.0016320397 0.014503504
-0.0017105862 0.0017451803 0.014509685
0.00097235828 0.001776505 0.014368115
0.0015887464 0.001650286 0.014483009
0.0025805654 0.0016361495 0.014510302
0.0034945235 0.0016379766 0.014524717
0.0045547066 0.0016397701 0.014454775
0.0054188506 0.0016472222 0.014490433
0.0064173094 0.0016521411 0.014496311
0.007508216 0.0016522112 0.014478878
0.0084725013 0.0016600036 0.014523268
0.0094980402 0.0016634103 0.014452633
0.010483359 0.0016675694 0.014408758
0.01150596 0.0016741722 0.014523942
0.012518491 0.0016561584 0.014494048
0.013298213 0.001401622 0.014479513
-0.0020114556 0.0026340708 0.014524072
-0.0016986193 0.002548452 0.01445937
0.00095260877 0.0024342188 0.014503323
0.0012608637 0.0024532371 0.01448521
-0.0020126945 0.0035081811 0.014297555
-0.0017442279 0.0035477877 0.014502439
0.00095332891 0.003480383 0.014448069
0.0012954394 0.0035897524 0.014485062
-0.0020201905 0.0045277984 0.014454382
-0.0017252543 0.0045409785 0.014448285
0.00095247437 0.0045017614 0.014433811
0.0012260055 0.0044700778 0.014467865
-0.0020217267 0.0055019134 0.014400284
-0.0017284714 0.0055032508 0.014465248
0.00094830623 0.0054762214 0.014441133
0.0012675693 0.0054951948 0.014525511
-0.0020242184 0.0063926429 0.014376764
-0.001716507 0.0064984621 0.014456405
0.00093993585 0.0065317308 0.014447782
0.0012717808 0.0064713447 0.014499828
-0.0020387126 0.0075391317 0.014496346
-0.0017401224 0.0075101713 0.014500256
0.00094035984 0.0074864575 0.014447005
0.0012509435 0.007490864 0.014510952
-0.002056716 0.00859237 0.014631549
-0.0017092699 0.0084873503 0.014522519
0.0009347017 0.0084053539 0.014478759
0.0012673663 0.008612006 0.014494995
-0.0020320362 0.0092872232 0.014532341
-0.0017668953 0.0095177731 0.014540187
0.00093557168 0.009467816 0.014408842
0.001252073 0.0095798224 0.014480835
-0.0020403569 0.010368383 0.014634477
-0.0017054288 0.01046841 0.014546538
0.00093041919 0.010484749 0.014555831
0.001239236 0.010510468 0.014414338
-0.0020473083 0.011381307 0.014469522
-0.0017277242 0.01145712 0.014552807
0.00092389865 0.011469035 0.01447563
0.0012362561 0.011498696 0.01442327
-0.0020385173 0.012490611 0.014531367
-0.0016971558 0.012485384 0.014569235
0.00092119665 0.012471397 0.014436098
0.0012343167 0.012467874 0.014473943
-0.0020389035 0.013237219 0.014351133
-0.0015230685 0.01348771 0.01451876
-0.00050831004 0.013623642 0.014498646
0.00054590008 0.013577596 0.014480655
0.0012398551 0.013435021 0.014456762
-0.014033154 -0.0011841874 0.015579323
-0.013527159 -0.0013323076 0.015501508
-0.012495566 -0.0014105842 0.01548624
-0.011488765 -0.0014027795 0.015511044
-0.010491048 -0.0013996657 0.015521271
-0.0094745671 -0.0013968943 0.015545267
-0.0084642628 -0.0013914496 0.015495648
-0.0074639628 -0.0013874935 0.015557708
-0.0065608779 -0.0013873026 0.015464394
-0.0055279778 -0.0013777495 0.015505292
-0.0045593628 -0.0013762387 0.015489639
-0.0035110256 -0.0013721383 0.015563964
-0.0025654465 -0.0013681352 0.015545095
-0.001501921 -0.0013609774 0.01554629
-0.00050414965 -0.001362254 0.015491014
0.00049342157 -0.001355866 0.01551221
0.0014996638 -0.0013487132 0.015497032
0.002564668 -0.0013475259 0.015562945
0.0035101897 -0.0013434362 0.01552627
0.0045212707 -0.0013402909 0.015476714
0.0054968293 -0.0013341167 0.01548167
0.0064865239 -0.0013322101 0.015507304
0.0075242915 -0.0013279652 0.015504765
0.008476465 -0.0013226827 0.015528335
0.0095009096 -0.0013205245 0.015540738
0.010549107 -0.001314052 0.015498389
0.011466274 -0.0013112644 0.015485227
0.012513779 -0.0013026522 0.015473121
0.013320325 -0.0012035388 0.015499565
-0.014025722 -0.00042874017 0.015694002
-0.013705965 -0.00047152425 0.015474994
0.012974344 -0.00049965456 0.015247787
0.013275678 -0.00047426773 0.015526728
-0.014027495 0.00053640082 0.015496718
-0.013694907 0.00049398316 0.01552119
0.012967994 0.0005709239 0.015325737
0.013298119 0.0004930062 0.015516114
-0.014039446 0.0012077449 0.015691098
-0.013557926 0.0014301331 0.015535778
-0.012492191 0.0015919637 0.01552559
-0.011522432 0.0015978054 0.015542183
-0.01052839 0.0015976602 0.01549877
-0.00953345 0.0016030025 0.015500679
-0.0085313143 0.0016068344 0.015486608
-0.0075389901 0.0016139511 0.015538687
-0.0064965859 0.0016163642 0.015539274
-0.0054756557 0.0016232071 0.015537499
-0.0044630542 0.0016211928 0.015477108
-0.0035708384 0.0016318216 0.0155527
-0.0024558066 0.001651087 0.015559695
-0.0017285525 0.0016966949 0.015547914
0.0009748275 0.0018143601 0.015518475
0.0015002876 0.0016931745 0.015491086
0.0024336611 0.0016467511 0.015576577
0.0035354143 0.0016532373 0.015473112
0.0044705453 0.0016560912 0.01548592
0.0054938039 0.0016632384 0.015567493
0.0064532189 0.0016652894 0.015451306
0.0075116302 0.0016721258 0.015520494
0.0085264035 0.0016714148 0.015457233
0.00951296 0.0016793007 0.015481236
0.010534957 0.0016828005 0.015486606
0.011552306 0.0016887666 0.015588595
0.012452371 0.0016888579 0.015515831
0.013267352 0.0013780354 0.015515512
-0.0020360802 0.002581852 0.015532136
-0.001690489 0.0024885647 0.015556904
0.00096346397 0.0024773614 0.015731886
0.0012667821 0.002503732 0.015512881
-0.0020423266 0.0034817462 0.015497535
-0.0017137161 0.0035613242 0.015544315
0.00095453439 0.0033569704 0.015640983
0.0012512499 0.0035382507 0.015559142
-0.0020474549 0.0044797561 0.015607491
-0.0017194477 0.004587404 0.015538349
0.00096275745 0.0045631938 0.015625214
0.0012426521 0.004506621 0.015480249
-0.002054187 0.0054740747 0.015577974
-0.0017208855 0.0055238027 0.015441319
0.00095538673 0.0056298599 0.015532935
0.0012538673 0.0055078114 0.015481022
-0.0020636995 0.0064673433 0.01555278
-0.0017283248 0.006485838 0.015530056
0.00095642387 0.0064562056 0.015645433
0.0013017828 0.0064600296 0.015474021
-0.0020501793 0.0074473601 0.01554437
-0.0017161854 0.0074906251 0.015514791
0.00095366966 0.0075227916 0.01557515
0.0012673064 0.0074588591 0.015488164
-0.0020623712 0.0085051032 0.015498077
-0.0017102257 0.0084580351 0.015451517
0.00093715562 0.0085899839 0.01544866
0.0012484516 0.0084951557 0.015461245
-0.002059134 0.0095791286 0.01557686
-0.0016808899 0.0094216084 0.015466628
0.00094691984 0.0095081097 0.015533862
0.0012622917 0.0095333233 0.015435501
-0.0020600145 0.01050253 0.015506676
-0.0017273404 0.010494897 0.015513713
0.00093038211 0.010481576 0.015447806
0.0012576125 0.010451635 0.015427508
-0.0020641368 0.011470768 0.015446205
-0.0017405461 0.011525096 0.015509391
0.00093263626 0.011636867 0.015530695
0.0012548239 0.011480227 0.015484965
-0.0020727513 0.012503428 0.015472377
-0.0017282096 0.012485494 0.01555184
0.00094794389 0.012498024 0.01560723
0.0012523406 0.012532771 0.01550917
-0.0020712051 0.013391058 0.015456246
-0.0015008458 0.01350052 0.015521957
-0.00050911738 0.013636834 0.015460974
0.00052218331 0.013615699 0.015485536
0.0012503157 0.013456831 0.015534743
-0.014031168 -0.0012294964 0.016810246
-0.013531364 -0.0013309367 0.016479129
-0.012492176 -0.0013947749 0.016472138
-0.011530828 -0.0013870203 0.016470775
-0.010531209 -0.0013850515 0.016491968
-0.0094944099 -0.0013794578 0.016571628
-0.0085215587 -0.0013789982 0.016450781
-0.0074864235 -0.0013730555 0.016468097
-0.0065031969 -0.0013675115 0.016494602
-0.0055160234 -0.0013665925 0.016499747
-0.0045220349 -0.0013599986 0.016520269
-0.0035222759 -0.0013565555 0.016448935
-0.0024569666 -0.0013514634 0.016515523
-0.0014987231 -0.0013478799 0.016517023
-0.000461905 -0.0013450733 0.016536763
0.00048056486 -0.0013377062 0.016561139
0.0014774527 -0.0013361748 0.016501363
0.0024647312 -0.0013308314 0.016485164
0.0034910045 -0.0013278382 0.016469777
0.0045140046 -0.001323987 0.016512368
0.0054962989 -0.0013191175 0.01652292
0.0065024942 -0.0013149126 0.01650008
0.0074655064 -0.0013113645 0.016503468
0.0085253678 -0.0013088967 0.016511735
0.0094718812 -0.0013009728 0.016508477
0.01050378 -0.0013002496 0.016487047
0.01146363 -0.0012955028 0.016449578
0.012454197 -0.0012923054 0.016474655
0.013290739 -0.001192621 0.016470401
-0.014034515 -0.00061157858 0.016819362
-0.013729401 -0.00049229333 0.016445953
0.012970372 -0.00060594548 0.016711047
0.013266742 -0.00044583247 0.016507231
-0.014029762 0.00041453802 0.01656042
-0.013748242 0.00052483071 0.016459189
0.012982516 0.00011863094 0.016700178
0.013311816 0.00053169666 0.01653949
-0.014027964 0.0013635786 0.016649101
-0.013533177 0.0014786043 0.016518146
-0.012469406 0.0016093859 0.016502079
-0.011527162 0.0016121763 0.016614504
-0.010523872 0.0016177674 0.016501751
-0.0095065683 0.0016177826 0.016487427
-0.0085152099 0.0016252622 0.016462669
-0.0075947312 0.0016280743 0.016499693
-0.0065545198 0.0016343774 0.016544439
-0.0054378165 0.0016404032 0.016500665
-0.0045391126 0.001641036 0.016513702
-0.0035153788 0.0016481692 0.016500063
-0.0024502787 0.0016704843 0.016562177
-0.0017553389 0.0017453122 0.016633637
0.00093122543 0.0018758727 0.016822556
0.0015012126 0.0017403242 0.016564202
0.0025608845 0.0016672242 0.016525835
0.0035685797 0.0016704415 0.01649563
0.0045307386 0.001674436 0.016521391
0.0054184035 0.001677528 0.01644106
0.006508308 0.0016833658 0.016555026
0.0075642816 0.0016871312 0.016495185
0.0085382964 0.0016902334 0.016486229
0.0095523279 0.0016943769 0.016468676
0.01053086 0.001700931 0.01649623
0.011484836 0.001702877 0.016564941
0.012548937 0.0016740715 0.016522838
0.013263718 0.0013704358 0.016496452
-0.0020404353 0.0026378855 0.016589222
-0.0017101623 0.0025124878 0.016524153
0.00094333297 0.0025251184 0.016855992
0.0012543992 0.0024754039 0.016570492
-0.0020389296 0.0036446331 0.016639845
-0.0017468227 0.0034581404 0.016560862
0.00093953317 0.0034564578 0.016786836
0.0012574383 0.003513858 0.016506376
-0.0020268906 0.0045261229 0.016771834
-0.0017481005 0.0044584936 0.016533785
0.00092685141 0.0045479229 0.016791221
0.0012766811 0.004514372 0.016466824
-0.0020287223 0.0053421003 0.01673156
-0.0017614701 0.0055136648 0.016542587
0.00093434594 0.0055677132 0.01676332
0.0012435303 0.0055880803 0.016436568
-0.0020498636 0.0066204942 0.016577762
-0.0017307502 0.0064429729 0.016480658
0.00092682376 0.0065233409 0.016713079
0.0012542889 0.0065673557 0.016393872
-0.0020513264 0.0076398361 0.016507378
-0.0017272293 0.0074661882 0.016495217
0.00092368072 0.007504628 0.01661117
0.0012244616 0.0074907327 0.016473727
-0.0020420325 0.0085747745 0.016452232
-0.0017350535 0.0085330131 0.016483029
0.00092881132 0.0085489918 0.016548444
0.0012068041 0.0085353553 0.016412217
-0.0020590613 0.0095200203 0.016470095
-0.0017066316 0.0095022684 0.016461628
0.00092977082 0.0094871772 0.016501436
0.0012206472 0.0095450645 0.016401762
-0.0020478428 0.01053339 0.016534902
-0.001723608 0.01046468 0.016505769
0.00093532779 0.010488986 0.016585531
0.0011945757 0.01050218 0.016458867
-0.0020554843 0.011493069 0.016488319
-0.0017031074 0.011495096 0.016484367
0.00093091786 0.011497775 0.016423507
0.0011848052 0.011494217 0.016532348
-0.0020698556 0.012463423 0.016359836
-0.0017027386 0.0125215 0.016483836
0.00093457813 0.012480149 0.016468164
0.001244041 0.012467696 0.016594989
-0.0020558788 0.013367004 0.016406531
-0.0015216992 0.013519946 0.01647228
-0.00047767541 0.013653367 0.016445953
0.00057893072 0.013601945 0.016481852
0.0013256822 0.013452218 0.016523294
-0.014005412 -0.0011357842 0.017723016
-0.013530837 -0.0013058209 0.017521327
-0.012526706 -0.0013771895 0.017482923
-0.01152057 -0.0013744828 0.01749092
-0.010490632 -0.0013714302 0.017528864
-0.0094279042 -0.0013670215 0.01752387
-0.0085211741 -0.0013604321 0.017472481
-0.0074872938 -0.0013553662 0.017484494
-0.0064749373 -0.0013553211 0.017532518
-0.0054980973 -0.0013501578 0.017483987
-0.0044875555 -0.0013444925 0.017526986
-0.003496794 -0.0013415731 0.017477753
-0.0024493164 -0.0013383116 0.01750795
-0.0014881677 -0.0013315175 0.017495191
-0.00048593429 -0.0013306956 0.017533166
0.00049829978 -0.0013247667 0.017511778
0.0015011433 -0.001321909 0.017495129
0.0025324535 -0.0013166922 0.017482344
0.0035432363 -0.0013126204 0.017516125
0.0044743237 -0.0013075565 0.017537754
0.0055237212 -0.0013052035 0.017490003
0.0064773578 -0.0013000258 0.017520184
0.0074325413 -0.0012975226 0.017499095
0.0085212057 -0.0012917536 0.017490981
0.0094871717 -0.0012895699 0.017500123
0.010453456 -0.0012863347 0.017508818
0.011529474 -0.0012790679 0.017490383
0.012468965 -0.0012743268 0.017450614
0.013274262 -0.0011760931 0.017547388
-0.014033586 -0.00054492633 0.01727658
-0.013712892 -0.00049185153 0.017465854
0.012996129 -0.00030606822 0.017706303
0.013311516 -0.00049125642 0.017518662
-0.014008114 0.00045545003 0.017681863
-0.013695084 0.00047139317 0.017481858
0.012993488 0.00039560138 0.017711125
0.013276001 0.00050925591 0.017541308
-0.014021171 0.0012776538 0.017381385
-0.013578753 0.0014333582 0.017484332
-0.012504248 0.0016240112 0.017522326
-0.011447984 0.0016271451 0.017511368
-0.010490481 0.0016296209 0.017426046
-0.0094830226 0.0016368517 0.017487988
-0.0084753605 0.0016403702 0.017537421
-0.0075350637 0.0016437764 0.01750806
-0.0065068412 0.0016484857 0.017528664
-0.0054894863 0.0016522002 0.017420568
-0.0045342529 0.0016567903 0.017485518
-0.0035322648 0.0016643675 0.017469781
-0.0024736437 0.0016783288 0.017519286
-0.0016765613 0.0017770918 0.017513411
0.00094618998 0.0018116137 0.017058639
0.0014977691 0.0017213085 0.017497713
0.0024467378 0.0016820749 0.017589431
0.0034789953 0.0016853294 0.017471084
0.0044630449 0.0016890799 0.017499302
0.0054693492 0.0016938874 0.017428698
0.0065021524 0.0016995653 0.01754817
0.0075224857 0.0017015592 0.017496541
0.008523399 0.0017044494 0.017541835
0.0095246099 0.0017142699 0.017500062
0.010500772 0.0017149277 0.017483618
0.011442839 0.0017177219 0.017469928
0.012513543 0.0016908124 0.017510472
0.013271692 0.0014493426 0.017511921
-0.0020616341 0.0024417692 0.017614594
-0.0017406926 0.0024751206 0.017531503
0.00093846157 0.0026414115 0.017346539
0.0012257521 0.0024357175 0.017498778
-0.0020610201 0.0035024243 0.0175847
-0.0017022974 0.0034847956 0.017543549
0.00093462411 0.0036175447 0.017629357
0.0012083504 0.0035031363 0.017486
-0.0020609861 0.0046002264 0.017465426
-0.0017296408 0.0045452463 0.017485276
0.00094124512 0.0044775256 0.01737033
0.0012077664 0.0045025642 0.017482897
-0.0020555011 0.0054564113 0.017617755
-0.0017269605 0.0055306605 0.017523177
0.00093143876 0.0055466066 0.017428886
0.0012202917 0.0055230334 0.017499629
-0.002051366 0.0064224624 0.017569551
-0.0017056345 0.0064894892 0.017453665
0.00093355629 0.0065337759 0.017396789
0.0012211885 0.006523869 0.017432334
-0.0020573377 0.0075413627 0.017584683
-0.0017400705 0.0075757443 0.017510552
0.00093542895 0.0075045554 0.01757353
0.0012456222 0.0074687926 0.017454237
-0.0020682982 0.0086173769 0.017602358
-0.0017408894 0.0085669495 0.017464815
0.00093616894 0.0085079651 0.01750833
0.0012435191 0.0085239774 0.01748991
-0.0020650185 0.0095349271 0.017585991
-0.0017700859 0.0095225936 0.017480269
0.00093965034 0.0095194113 0.017500531
0.0012355993 0.0095550055 0.017479898
-0.0020630183 0.010473026 0.017579176
-0.0017572425 0.010495153 0.017482787
0.00093856727 0.010436497 0.017483549
0.0012620197 0.010461053 0.01754711
-0.002070853 0.01155559 0.017538395
-0.0017280129 0.011468987 0.017510083
0.00093682291 0.011403757 0.017456168
0.0012860288 0.011422332 0.017464766
-0.0020618727 0.012538888 0.017524449
-0.0017414263 0.012491157 0.01748745
0.00093147642 0.012456411 0.017385956
0.0012701573 0.012453154 0.017445605
-0.0020775385 0.013437008 0.017550262
-0.0015199198 0.013527113 0.017533576
-0.00045066996 0.013668871 0.017450698
0.00055484695 0.013610436 0.017478667
0.0012475949 0.013423998 0.017497696
-0.014018687 -0.0011938674 0.018588642
-0.013492769 -0.0013029986 0.018525496
-0.01252027 -0.0013623205 0.018454427
-0.011486332 -0.001358549 0.018519126
-0.010490153 -0.001354472 0.018440695
-0.0094923563 -0.0013493688 0.018524982
-0.0084461821 -0.0013447941 0.01851665
-0.007488477 -0.0013439945 0.018451735
-0.0064695999 -0.0013367073 0.018525992
-0.0055570216 -0.0013340629 0.018433634
-0.0045269774 -0.001329696 0.018490052
-0.0035497113 -0.0013250519 0.018484814
-0.0025163407 -0.0013217472 0.018475089
-0.0015322104 -0.0013191444 0.018477142
-0.00050933246 -0.0013127831 0.018460799
0.0005230871 -0.0013079504 0.018487388
0.0015473005 -0.0013061392 0.018484851
0.0025503044 -0.0013011965 0.018477557
0.0035741827 -0.0012981979 0.01848671
0.0044932556 -0.0012931816 0.018483261
0.0055249473 -0.0012894154 0.018471535
0.0064571961 -0.0012826941 0.018466165
0.0075339628 -0.0012812477 0.018502265
0.0085072424 -0.0012743465 0.018515283
0.0094759949 -0.0012720684 0.018529367
0.01051586 -0.0012680349 0.018470768
0.011547322 -0.0012659545 0.018454578
0.012542927 -0.0012596754 0.018485457
0.013259784 -0.0011664294 0.01852621
-0.014015734 -0.00043596706 0.01826687
-0.013702865 -0.00051357265 0.018483335
0.012967457 -0.00060527679 0.018501937
0.01330162 -0.00051250751 0.018496368
-0.014029453 0.00061155745 0.01834495
-0.013700207 0.00049665989 0.01850394
0.012971772 0.00043107936 0.018478666
0.013274363 0.00051316357 0.018551255
-0.014043164 0.0014710176 0.01851452
-0.013550795 0.0014820755 0.018499829
-0.012490835 0.0016368506 0.018470913
-0.011507121 0.0016430004 0.018521816
-0.010489964 0.0016490122 0.018550109
-0.009541492 0.0016519941 0.018482322
-0.0084709218 0.0016555403 0.018483367
-0.0074384827 0.0016607174 0.018518334
-0.0065014656 0.0016635618 0.01852376
-0.005517351 0.0016703331 0.018526465
-0.0045326017 0.0016727411 0.018497393
-0.0035887235 0.0016776753 0.018460929
-0.0025207938 0.001689496 0.018500229
-0.0017727196 0.0018031688 0.01845959
0.00094087736 0.0017945223 0.018402349
0.0014709395 0.0017457465 0.018478498
0.0025288495 0.0016976909 0.018558165
0.0035285708 0.0017022387 0.01846052
0.0045789275 0.0017071669 0.018489053
0.0055402168 0.0017111249 0.018583529
0.006480502 0.0017150837 0.018524896
0.0074630654 0.0017198089 0.018533176
0.0085150544 0.0017230446 0.018507302
0.0095280996 0.0017283002 0.01850934
0.010479241 0.0017327253 0.018552216
0.011508902 0.0017351694 0.018520067
0.012565375 0.0017096115 0.018463843
0.013310446 0.0014278716 0.018471984
-0.0020400567 0.002575625 0.018326454
-0.0017835451 0.0025283976 0.018545946
0.00094358157 0.0025609739 0.018139247
0.0012190185 0.002565742 0.01847758
-0.002056211 0.0035878983 0.018455038
-0.0017836485 0.0034297023 0.018507963
0.0009368906 0.0034726188 0.018311251
0.0012245122 0.0035365496 0.018457742
-0.0020449127 0.0044101309 0.018494317
-0.001765212 0.004514588 0.018518481
0.0009358899 0.0044355756 0.018401014
0.0012245859 0.0044967663 0.018506156
-0.0020495115 0.0055454741 0.018472677
-0.0017688187 0.0055723526 0.018547524
0.00093684188 0.0054961229 0.018649088
0.0012697391 0.0055244719 0.018484481
-0.0020615847 0.0066457461 0.018480342
-0.001728275 0.006507461 0.018540481
0.00094086508 0.0065199737 0.01851636
0.0012617883 0.0064904839 0.018484369
-0.0020575228 0.0075427657 0.018558063
-0.0017206208 0.0075164028 0.018532664
0.00093193667 0.0075271726 0.01864294
0.0012142393 0.0075000171 0.018443998
-0.0020614059 0.008548799 0.018565821
-0.0017124031 0.008581127 0.018486328
0.00093400676 0.0084668826 0.018709393
0.0012251101 0.008546005 0.018483676
-0.0020608762 0.0095155509 0.018531675
-0.0017212181 0.0095112761 0.018493654
0.00092875195 0.0094700456 0.018627523
0.001237398 0.0094811339 0.01847011
-0.0020753469 0.010460056 0.018572913
-0.0017083877 0.01046212 0.018421061
0.000931844 0.01052855 0.01863086
0.0012444205 0.01050118 0.018447444
-0.002083977 0.011435932 0.018546257
-0.0017414592 0.011468003 0.018503604
0.0009177929 0.011562436 0.018597456
0.001225088 0.011474551 0.018482996
-0.0020773397 0.012585836 0.018614057
-0.0017079131 0.012492136 0.018505139
0.00092885958 0.012544369 0.01853523
0.00126 0.012511852 0.018480813
-0.0020589246 0.013475015 0.018551189
-0.0015254248 0.013547618 0.018492769
-0.00046193579 0.013683927 0.018486705
0.00056141737 0.013638448 0.018478973
0.0012801399 0.013519054 0.018477147
-0.014042089 -0.0011224197 0.019710328
-0.013496381 -0.0012730429 0.019506773
-0.012480079 -0.0013033177 0.019482121
-0.011522148 -0.0013047691 0.019479651
-0.010486602 -0.0013070483 0.019520992
-0.0094925379 -0.0012849958 0.019511113
-0.0085341409 -0.0012969052 0.019474361
-0.0075234971 -0.0012871446 0.019474445
-0.0064804773 -0.0012824757 0.019465521
-0.0055043572 -0.001304218 0.019488996
-0.0045233262 -0.0012864062 0.019538086
-0.0034925065 -0.0012650706 0.019525941
-0.0024682654 -0.0012683644 0.019431582
-0.0015035573 -0.00129371 0.01943399
-0.00050076406 -0.0012916483 0.019446043
0.00047381024 -0.0012703831 0.019537535
0.0014980782 -0.00126966 0.019476959
0.0025234893 -0.0012731707 0.019443519
0.0034903286 -0.0012701505 0.019538429
0.0045317509 -0.0012647667 0.019490939
0.0055509098 -0.0012529043 0.019546639
0.0064731976 -0.001248645 0.019467432
0.0074966559 -0.0012455402 0.019511398
0.0085741179 -0.0012477399 0.019513361
0.0095424848 -0.0012420111 0.019484077
0.010482719 -0.0012373751 0.019521881
0.011494894 -0.0012427855 0.019455602
0.01249351 -0.0012389092 0.019502336
0.013313403 -0.0011473243 0.019509988
-0.014026229 -0.00050804549 0.019593157
-0.013544187 -0.00050753524 0.019550081
-0.012506276 -0.00050106819 0.019783717
-0.011539143 -0.00052075973 0.019740582
-0.010495419 -0.00048238586 0.019781776
-0.0095189298 -0.00046813622 0.019767193
-0.0085518658 -0.000498351 0.019763766
-0.0075299866 -0.00049916195 0.01976932
-0.0065617249 -0.00052811048 0.019817637
-0.0055095567 -0.00055655587 0.019773448
-0.0045011467 -0.0005212985 0.019837525
-0.0035391289 -0.00048352787 0.019799227
-0.0024483891 -0.00048678878 0.01984697
-0.0014684189 -0.0005470317 0.0198125
-0.00049001799 -0.00053695671 0.019838657
0.00047019467 -0.00046804457 0.01982981
0.0014234633 -0.00040456263 0.019798977
0.0024325545 -0.00055999897 0.019836329
0.0035173779 -0.00056997663 0.019814752
0.0044489643 -0.00050047477 0.019840058
0.0054845144 -0.00050108758 0.019840514
0.0065592704 -0.00048319777 0.019842686
0.0076626819 -0.00039318515 0.019876767
0.0085196514 -0.00049689144 0.019850615
0.009605919 -0.00048497287 0.019870838
0.01062444 -0.00042715835 0.019862819
0.011546853 -0.00043086399 0.019857824
0.012726735 -0.00049282936 0.01964872
0.013259943 -0.00053147727 0.019461378
-0.014039701 0.00049726648 0.019666733
-0.013557717 0.00048931653 0.019562855
-0.012460097 0.0004820695 0.019741794
-0.011567843 0.00048250236 0.019731561
-0.010463012 0.00054102083 0.019769095
-0.0094974013 0.00053003378 0.019752469
-0.0084890593 0.00051562395 0.019746881
-0.0075350124 0.00049507641 0.019748384
-0.0065533905 0.00047120938 0.019765088
-0.0055016289 0.00049425696 0.019765832
-0.0044821836 0.00046793377 0.019799605
-0.0034826719 0.00046641091 0.019744638
-0.0024300558 0.0005015012 0.019819057
-0.0014382496 0.00049965072 0.019801226
-0.00052894972 0.00051556353 0.019822428
0.00045245976 0.00051707693 0.019810498
0.0014385143 0.00049012271 0.019810582
0.002414756 0.00045794825 0.019820545
0.0034968229 0.00046748502 0.019822787
0.0043834643 0.00057217287 0.019841816
0.005474756 0.0004948104 0.019810742
0.0065755192 0.00050207099 0.01980775
0.0075835078 0.00045897943 0.019875877
0.0085035665 0.00047716303 0.019835349
0.0095324833 0.00048007985 0.019868067
0.010517112 0.00050279725 0.019874452
0.011494421 0.00053791149 0.019832004
0.012718572 0.00042949195 0.01965948
0.013294966 0.00046221237 0.019512715
-0.014036768 0.0013333115 0.019438244
-0.013550485 0.0013875824 0.0194842
-0.012496742 0.0015126945 0.019509921
-0.011515636 0.0014740932 0.019616572
-0.010523562 0.0014939951 0.019550255
-0.0094902813 0.0014770903 0.019586517
-0.0085036866 0.0014880114 0.019552782
-0.0075240624 0.0014719993 0.019603416
-0.0064881747 0.0015247047 0.019577602
-0.0054965303 0.0014860351 0.019621983
-0.0045010364 0.0015078417 0.01956097
-0.0034870126 0.0014590033 0.019613447
-0.0024630309 0.0015034836 0.019619178
-0.0014951889 0.001540264 0.019674126
-0.00046255451 0.0015246001 0.019855864
0.00048678776 0.0014859061 0.019794831
0.0014516443 0.0015912761 0.019627979
0.0024172007 0.0015756815 0.019626079
0.0034927644 0.001603839 0.019602766
0.0044400468 0.0016136791 0.019553637
0.0054801283 0.0016120821 0.01959263
0.0065342407 0.001592639 0.019624978
0.0075175115 0.0016346487 0.019602871
0.0085117128 0.0016328507 0.019576438
0.0095915375 0.0016060919 0.019571984
0.010497994 0.0016695957 0.019535987
0.01150143 0.0016178158 0.019602891
0.012518562 0.0016428527 0.01955769
0.013238032 0.001474128 0.019487549
-0.0020591768 0.0025508669 0.01958655
-0.0015743141 0.0024977024 0.019622894
-0.0004994761 0.0025076589 0.019819207
0.00061106507 0.0025688298 0.019648954
0.0012147162 0.0024990691 0.019543907
-0.0020542389 0.0035513034 0.01954985
-0.0015507977 0.0034454477 0.019611932
-0.00049485167 0.0034946371 0.019797711
0.00062240282 0.0035185586 0.019690268
0.0011921719 0.0034900117 0.019484222
-0.0020519355 0.0044848514 0.019521846
-0.0015244655 0.0044977977 0.019617891
-0.00046056858 0.0045398236 0.01979658
0.00066330907 0.0044791508 0.019690387
0.001195084 0.0044611921 0.019488472
-0.0020445453 0.005447825 0.019539081
-0.0015242647 0.0055118995 0.019641982
-0.00049922359 0.0055694762 0.019800834
0.00063294213 0.0055062156 0.019666377
0.0012258291 0.0055232784 0.019493569
-0.002060659 0.0064182868 0.019595716
-0.0015479511 0.0064701587 0.019623622
-0.0005002229 0.0065048477 0.019778488
0.00064513809 0.0065230932 0.019670162
0.0012555533 0.0065165176 0.019502264
-0.0020517062 0.0074619409 0.019592792
-0.0015461672 0.0075033614 0.019641168
-0.00047581267 0.0074954261 0.019788329
0.00061368145 0.007501056 0.019705882
0.0012231977 0.007509131 0.019494522
-0.0020550475 0.0085191829 0.019579137
-0.001600809 0.0084641008 0.019628149
-0.00051889819 0.0084748911 0.019763859
0.00060474343 0.008498027 0.019676669
0.0012718426 0.0085456306 0.019436715
-0.0020645577 0.0095615126 0.019574901
-0.0015997821 0.0095034651 0.019593995
-0.00051773957 0.0095260907 0.019742535
0.0006000087 0.0094948607 0.019665899
0.0012473004 0.0095280735 0.019453723
-0.0020536459 0.010508817 0.019556999
-0.001547409 0.010508867 0.019580023
-0.0004906031 0.010510639 0.019772191
0.00054843031 0.010507734 0.019663293
0.0012284792 0.010473812 0.019497177
-0.0020671361 0.011529365 0.019505052
-0.001579516 0.01148092 0.019569725
-0.00049381802 0.011531116 0.019727163
0.00058787392 0.011540489 0.019670427
0.0012619244 0.011496459 0.019507244
-0.0020663443 0.012524435 0.01947673
-0.0015375799 0.012461288 0.019614028
-0.00049599702 0.012492475 0.019730661
0.00059577258 0.01252266 0.019656776
0.0012851264 0.012528909 0.019478833
-0.0020532608 0.01332496 0.019485909
-0.0014816119 0.013470664 0.019554626
-0.00049986283 0.013530276 0.019545412
0.00055742642 0.013509654 0.019509904
0.0013262535 0.013495605 0.019465046
-0.013563103 -0.0011913006 0.020178558
-0.012564383 -0.0012685797 0.020103976
-0.01146829 -0.0012436752 0.020134635
-0.010543675 -0.0012209069 0.020133108
-0.0093903858 -0.0012003739 0.020145904
-0.0086486125 -0.0012245877 0.020140158
-0.0074859834 -0.001228958 0.0201446
-0.006580716 -0.0011889423 0.020152865
-0.0055222712 -0.0012105488 0.020176221
-0.0045523676 -0.0012560544 0.02022665
-0.0034602836 -0.001259178 0.020187827
-0.0024509241 -0.0012223109 0.020149907
-0.0015146397 -0.0012199354 0.020164369
-0.00056117401 -0.0012296797 0.020109309
0.00059660559 -0.0012160302 0.020184096
0.0016010822 -0.0011747599 0.020191051
0.0026020063 -0.0012067127 0.020196967
0.0035412423 -0.0012085916 0.020184718
0.0044894447 -0.0012202344 0.020225419
0.005551503 -0.0012037378 0.020228615
0.0065528131 -0.0012052854 0.020215295
0.0075176358 -0.001215389 0.020236654
0.0085439337 -0.0012283645 0.020207835
0.0096104555 -0.0012027576 0.020243317
0.010472861 -0.0011939775 0.020234274
0.011561421 -0.0012007836 0.020183688
0.012518892 -0.0012002354 0.020271918
0.013321523 -0.0011415961 0.020267038
-0.013594175 -0.0005169221 0.020158531
-0.012583217 -0.00044109154 0.020137232
-0.011618658 -0.00059476524 0.020168176
-0.010506396 -0.00050936587 0.020136526
-0.0094052553 -0.00041998766 0.020142028
-0.0086254608 -0.0005151637 0.020118525
-0.0075068888 -0.00052255357 0.020136375
-0.0065143676 -0.00044771153 0.020163843
-0.0056197792 -0.00042887244 0.02011518
-0.0045845136 -0.00051804894 0.020182509
-0.0035353755 -0.00052306661 0.020162107
-0.002464694 -0.00049675576 0.020197654
-0.0014456208 -0.00045082186 0.020173637
-0.00044878956 -0.00050570857 0.02017168
0.00062542449 -0.00055532093 0.020178922
0.001475838 -0.00051925331 0.020173654
0.0025124927 -0.0004653809 0.020152647
0.0034704588 -0.00052302703 0.020218588
0.0044544823 -0.00055357686 0.020148044
0.005467088 -0.00052707468 0.020209445
0.0065145479 -0.00045034036 0.020171838
0.0074990871 -0.00049615564 0.02023074
0.0085028047 -0.00056464126 0.020224908
0.0095108422 -0.00054200564 0.020222271
0.010531243 -0.00051246019 0.020216379
0.011530204 -0.00045950388 0.020236013
0.012451083 -0.00053552678 0.020239932
0.013309031 -0.00052513852 0.020215329
-0.014044339 0.00042792701 0.020074829
-0.013641659 0.00058689946 0.020136105
-0.012518355 0.00050761685 0.020198464
-0.011589336 0.0004285122 0.020105721
-0.010652121 0.00047010172 0.020148152
-0.0094793038 0.00050999096 0.020152256
-0.0086471662 0.00056087988 0.020105373
-0.0076885512 0.00045162759 0.020151466
-0.0066201952 0.00048115462 0.020155266
-0.0056775329 0.00051028497 0.020128414
-0.0045474488 0.00054451986 0.020170189
-0.0034712912 0.00046650105 0.020128258
-0.0024574366 0.00048673441 0.020152071
-0.0015026843 0.00048759853 0.020174816
-0.0004529336 0.00054962089 0.020168809
0.00052105356 0.00046903812 0.020185372
0.0014560516 0.00046572104 0.020182388
0.0024977676 0.00048681381 0.020189401
0.003507168 0.00054084125 0.020228866
0.0044549615 0.00048781902 0.020150525
0.0054311026 0.0005301428 0.02021604
0.0064991689 0.00048992556 0.02021081
0.007537724 0.00051748287 0.020208493
0.0084673548 0.0004763504 0.020226972
0.0095009608 0.00052777049 0.020212423
0.010499765 0.00047045236 0.020266285
0.011546766 0.00048832694 0.020223189
0.012465114 0.00049052364 0.020238962
0.013287329 0.00044703283 0.020261183
-0.01365107 0.0013800723 0.020116003
-0.012553297 0.0014194519 0.020156547
-0.011525944 0.0015047488 0.020131098
-0.010594114 0.0013141469 0.020140111
-0.0094483877 0.0013263124 0.020162936
-0.0085659325 0.0013606988 0.020115735
-0.0075096288 0.0013687739 0.020110123
-0.0064717731 0.0013963104 0.020132305
-0.0056139971 0.0013649566 0.020109747
-0.0044980776 0.0014377094 0.020173643
-0.0034709135 0.001368901 0.02013598
-0.0024303775 0.0013805198 0.020142063
-0.0014018974 0.0014415231 0.020164935
-0.00048167526 0.0015631744 0.020150838
0.00058083219 0.0014983597 0.02018084
0.0015122166 0.0014441216 0.020170443
0.0025455172 0.0013734287 0.020153867
0.0035259612 0.0014962328 0.020206146
0.0045187441 0.0014656901 0.020143712
0.0054321759 0.0014749211 0.02018767
0.0064872345 0.0014337578 0.020168088
0.0074828928 0.0014280938 0.020204438
0.0084450487 0.0014424085 0.020188255
0.0095125372 0.0015037834 0.02019606
0.010495941 0.0014860976 0.020225951
0.011537521 0.0014367482 0.020209521
0.012467044 0.0014618349 0.020229897
0.013296296 0.0013562473 0.02023169
-0.0015186968 0.0024960076 0.020144897
-0.00046586257 0.0025219058 0.02014054
0.00056221365 0.0024444857 0.020185027
0.0012431296 0.0025012055 0.02019771
-0.0014365581 0.0034945542 0.02012202
-0.00044070181 0.0034804002 0.020133553
0.00053251884 0.003517952 0.020163326
0.0012710999 0.0035156587 0.020194719
-0.0020226403 0.0046774102 0.020026337
-0.0014652747 0.0044476851 0.020123666
-0.00045400197 0.0044478467 0.020124307
0.00041479425 0.0045971144 0.020128233
0.0012409034 0.0045605833 0.02022412
-0.0020581633 0.0055580502 0.02001274
-0.0013748211 0.0054415702 0.020099495
-0.00056802685 0.0054517915 0.02012006
0.00042648596 0.0055150809 0.020118872
0.0012351349 0.005474594 0.020209385
-0.0020889207 0.0069521121 0.020042343
-0.0014415793 0.0064327861 0.020134808
-0.00057463255 0.0065143574 0.020130565
0.00043447525 0.0064963074 0.02014512
0.0012813731 0.0064687193 0.020185096
-0.0021183966 0.0075346697 0.020018773
-0.0014514981 0.0075503723 0.020121992
-0.00056688179 0.0073768185 0.02013237
0.00044683408 0.0076111555 0.02012644
0.0012267996 0.0074807811 0.020155529
-0.001465455 0.0085552763 0.020115523
-0.00057669909 0.0084751789 0.020120874
0.00048167226 0.0085071055 0.020101678
0.0011653601 0.0084346524 0.020068578
-0.0014835591 0.0094437981 0.020076014
-0.00059484894 0.0095334835 0.020141846
0.00053512992 0.009504986 0.020091664
0.0012163138 0.009435025 0.0201426
-0.0020527449 0.010444261 0.020084802
-0.0014524106 0.010442482 0.020104712
-0.00054301572 0.01051293 0.020102603
0.0005876724 0.010501444 0.020079663
0.0012063335 0.010472904 0.020146005
-0.0020280606 0.01164462 0.020080909
-0.0016570233 0.01152838 0.020095531
-0.00046709875 0.01149474 0.020117838
0.00057270157 0.011447368 0.020066593
0.0012026862 0.01149664 0.020106763
-0.0020149543 0.012370029 0.020069433
-0.0016326271 0.012600135 0.020106949
-0.00052486052 0.012492316 0.02009581
0.00061617303 0.012528493 0.020090813
0.0011334073 0.012628917 0.02015651
-0.0020019545 0.013093615 0.020058086
-0.0014810559 0.013378941 0.020119861
-0.00057021983 0.013341278 0.020085525
0.00063299609 0.013496813 0.020110786
0.0011220861 0.013539604 0.020101216
